0,4,1,10,12,35,0,0,0,0,0,0
1,3,2,8,0,0,0,0,0,0,0,0
2,2,3,1,0,0,0,0,0,0,0,0
3,2,5,2,0,0,0,0,0,0,0,0
4,3,5,15,14,0,0,0,0,0,0,0
5,3,7,4,3,0,0,0,0,0,0,0
6,2,7,13,0,0,0,0,0,0,0,0
7,4,6,12,5,32,0,0,0,0,0,0
8,2,9,1,0,0,0,0,0,0,0,0
9,2,31,8,0,0,0,0,0,0,0,0
10,2,11,0,0,0,0,0,0,0,0,0
11,3,10,17,30,0,0,0,0,0,0,0
12,2,7,0,0,0,0,0,0,0,0,0
13,4,14,6,28,33,0,0,0,0,0,0
14,2,4,13,0,0,0,0,0,0,0,0
15,3,34,4,20,0,0,0,0,0,0,0
16,2,17,22,0,0,0,0,0,0,0,0
17,3,11,16,24,0,0,0,0,0,0,0
18,1,19,0,0,0,0,0,0,0,0,0
19,2,33,18,0,0,0,0,0,0,0,0
20,3,21,15,27,0,0,0,0,0,0,0
21,3,51,20,25,0,0,0,0,0,0,0
22,3,23,38,16,0,0,0,0,0,0,0
23,1,22,0,0,0,0,0,0,0,0,0
24,4,17,71,61,30,0,0,0,0,0,0
25,3,26,21,49,0,0,0,0,0,0,0
26,2,50,25,0,0,0,0,0,0,0,0
27,3,20,45,34,0,0,0,0,0,0,0
28,2,29,13,0,0,0,0,0,0,0,0
29,2,28,44,0,0,0,0,0,0,0,0
30,3,11,24,46,0,0,0,0,0,0,0
31,2,47,9,0,0,0,0,0,0,0,0
32,3,7,42,48,0,0,0,0,0,0,0
33,3,19,13,34,0,0,0,0,0,0,0
34,4,27,33,15,52,0,0,0,0,0,0
35,2,36,0,0,0,0,0,0,0,0,0
36,2,37,35,0,0,0,0,0,0,0,0
37,5,48,55,36,46,66,0,0,0,0,0
38,1,38,0,0,0,0,0,0,0,0,0
39,1,39,0,0,0,0,0,0,0,0,0
40,3,41,39,68,0,0,0,0,0,0,0
41,1,40,0,0,0,0,0,0,0,0,0
42,2,32,43,0,0,0,0,0,0,0,0
43,4,44,52,42,81,0,0,0,0,0,0
44,1,44,0,0,0,0,0,0,0,0,0
45,3,27,51,64,0,0,0,0,0,0,0
46,2,30,37,0,0,0,0,0,0,0,0
47,3,31,70,74,0,0,0,0,0,0,0
48,2,32,37,0,0,0,0,0,0,0,0
49,3,58,51,25,0,0,0,0,0,0,0
50,3,60,26,53,0,0,0,0,0,0,0
51,3,45,21,49,0,0,0,0,0,0,0
52,4,34,64,78,43,0,0,0,0,0,0
53,4,54,50,62,89,0,0,0,0,0,0
54,1,53,0,0,0,0,0,0,0,0,0
55,2,56,37,0,0,0,0,0,0,0,0
56,2,57,55,0,0,0,0,0,0,0,0
57,3,87,56,99,0,0,0,0,0,0,0
58,3,59,49,65,0,0,0,0,0,0,0
59,3,60,58,90,0,0,0,0,0,0,0
60,4,50,59,83,89,0,0,0,0,0,0
61,4,24,38,67,69,0,0,0,0,0,0
62,3,63,84,53,0,0,0,0,0,0,0
63,2,62,86,0,0,0,0,0,0,0,0
64,4,45,77,52,80,0,0,0,0,0,0
65,4,58,97,90,80,0,0,0,0,0,0
66,1,66,0,0,0,0,0,0,0,0,0
67,3,75,76,61,0,0,0,0,0,0,0
68,3,69,40,85,0,0,0,0,0,0,0
69,3,76,68,61,0,0,0,0,0,0,0
70,3,47,85,104,0,0,0,0,0,0,0
71,4,24,87,98,75,0,0,0,0,0,0
72,5,73,79,88,106,128,0,0,0,0,0
73,2,74,72,0,0,0,0,0,0,0,0
74,2,47,73,0,0,0,0,0,0,0,0
75,3,71,126,67,0,0,0,0,0,0,0
76,3,67,69,96,0,0,0,0,0,0,0
77,2,78,64,0,0,0,0,0,0,0,0
78,1,78,0,0,0,0,0,0,0,0,0
79,3,125,72,93,0,0,0,0,0,0,0
80,3,64,95,65,0,0,0,0,0,0,0
81,2,82,43,0,0,0,0,0,0,0,0
82,4,133,151,81,140,0,0,0,0,0,0
83,3,60,91,100,0,0,0,0,0,0,0
84,3,92,62,110,0,0,0,0,0,0,0
85,3,68,103,70,0,0,0,0,0,0,0
86,3,63,92,101,0,0,0,0,0,0,0
87,2,71,57,0,0,0,0,0,0,0,0
88,1,72,0,0,0,0,0,0,0,0,0
89,3,60,53,91,0,0,0,0,0,0,0
90,3,59,100,65,0,0,0,0,0,0,0
91,4,83,89,164,110,0,0,0,0,0,0
92,4,138,86,84,169,0,0,0,0,0,0
93,3,94,79,155,0,0,0,0,0,0,0
94,3,121,93,177,0,0,0,0,0,0,0
95,4,109,119,156,80,0,0,0,0,0,0
96,1,96,0,0,0,0,0,0,0,0,0
97,3,119,134,65,0,0,0,0,0,0,0
98,3,71,111,152,0,0,0,0,0,0,0
99,4,57,111,154,171,0,0,0,0,0,0
100,3,83,122,90,0,0,0,0,0,0,0
101,2,102,86,0,0,0,0,0,0,0,0
102,3,117,138,101,0,0,0,0,0,0,0
103,3,120,124,85,0,0,0,0,0,0,0
104,2,105,70,0,0,0,0,0,0,0,0
105,4,120,104,108,155,0,0,0,0,0,0
106,2,107,72,0,0,0,0,0,0,0,0
107,2,108,106,0,0,0,0,0,0,0,0
108,1,108,0,0,0,0,0,0,0,0,0
109,3,95,172,173,0,0,0,0,0,0,0
110,4,91,84,169,170,0,0,0,0,0,0
111,2,98,99,0,0,0,0,0,0,0,0
112,3,113,127,150,0,0,0,0,0,0,0
113,2,114,112,0,0,0,0,0,0,0,0
114,2,115,113,0,0,0,0,0,0,0,0
115,2,116,114,0,0,0,0,0,0,0,0
116,3,174,115,131,0,0,0,0,0,0,0
117,2,118,102,0,0,0,0,0,0,0,0
118,3,175,117,143,0,0,0,0,0,0,0
119,2,95,97,0,0,0,0,0,0,0,0
120,3,161,103,105,0,0,0,0,0,0,0
121,3,167,94,144,0,0,0,0,0,0,0
122,2,123,100,0,0,0,0,0,0,0,0
123,4,157,122,134,166,0,0,0,0,0,0
124,3,96,103,137,0,0,0,0,0,0,0
125,2,79,187,0,0,0,0,0,0,0,0
126,4,152,178,75,200,0,0,0,0,0,0
127,2,112,141,0,0,0,0,0,0,0,0
128,2,129,72,0,0,0,0,0,0,0,0
129,2,130,128,0,0,0,0,0,0,0,0
130,2,131,129,0,0,0,0,0,0,0,0
131,2,116,130,0,0,0,0,0,0,0,0
132,3,78,151,156,0,0,0,0,0,0,0
133,3,160,82,220,0,0,0,0,0,0,0
134,3,123,173,97,0,0,0,0,0,0,0
135,3,136,199,251,0,0,0,0,0,0,0
136,3,135,154,66,0,0,0,0,0,0,0
137,4,124,161,153,190,0,0,0,0,0,0
138,4,102,92,194,210,0,0,0,0,0,0
139,3,140,188,66,0,0,0,0,0,0,0
140,2,82,139,0,0,0,0,0,0,0,0
141,2,142,127,0,0,0,0,0,0,0,0
142,2,141,174,0,0,0,0,0,0,0,0
143,3,118,168,176,0,0,0,0,0,0,0
144,2,121,183,0,0,0,0,0,0,0,0
145,3,146,201,213,0,0,0,0,0,0,0
146,2,147,145,0,0,0,0,0,0,0,0
147,2,148,146,0,0,0,0,0,0,0,0
148,2,149,147,0,0,0,0,0,0,0,0
149,2,150,148,0,0,0,0,0,0,0,0
150,2,112,149,0,0,0,0,0,0,0,0
151,2,132,82,0,0,0,0,0,0,0,0
152,2,98,126,0,0,0,0,0,0,0,0
153,3,96,137,178,0,0,0,0,0,0,0
154,2,136,99,0,0,0,0,0,0,0,0
155,4,93,105,196,177,0,0,0,0,0,0
156,2,132,95,0,0,0,0,0,0,0,0
157,2,158,123,0,0,0,0,0,0,0,0
158,2,159,157,0,0,0,0,0,0,0,0
159,4,158,195,215,268,0,0,0,0,0,0
160,3,172,133,246,0,0,0,0,0,0,0
161,4,137,120,196,219,0,0,0,0,0,0
162,3,163,192,176,0,0,0,0,0,0,0
163,3,182,162,197,0,0,0,0,0,0,0
164,4,165,216,91,214,0,0,0,0,0,0
165,2,166,164,0,0,0,0,0,0,0,0
166,2,123,165,0,0,0,0,0,0,0,0
167,3,121,208,221,0,0,0,0,0,0,0
168,4,191,143,193,175,0,0,0,0,0,0
169,3,92,110,189,0,0,0,0,0,0,0
170,3,241,110,217,0,0,0,0,0,0,0
171,3,99,198,200,0,0,0,0,0,0,0
172,3,109,160,250,0,0,0,0,0,0,0
173,4,109,202,134,206,0,0,0,0,0,0
174,2,142,116,0,0,0,0,0,0,0,0
175,3,194,168,118,0,0,0,0,0,0,0
176,2,162,143,0,0,0,0,0,0,0,0
177,3,94,181,155,0,0,0,0,0,0,0
178,2,153,126,0,0,0,0,0,0,0,0
179,2,180,201,0,0,0,0,0,0,0,0
180,3,205,226,179,0,0,0,0,0,0,0
181,3,177,221,208,0,0,0,0,0,0,0
182,3,203,207,163,0,0,0,0,0,0,0
183,3,184,144,234,0,0,0,0,0,0,0
184,2,185,183,0,0,0,0,0,0,0,0
185,2,186,184,0,0,0,0,0,0,0,0
186,2,187,185,0,0,0,0,0,0,0,0
187,2,125,186,0,0,0,0,0,0,0,0
188,1,188,0,0,0,0,0,0,0,0,0
189,3,169,210,241,0,0,0,0,0,0,0
190,3,137,200,245,0,0,0,0,0,0,0
191,3,209,168,247,0,0,0,0,0,0,0
192,3,193,207,162,0,0,0,0,0,0,0
193,2,168,192,0,0,0,0,0,0,0,0
194,3,138,209,175,0,0,0,0,0,0,0
195,3,159,202,243,0,0,0,0,0,0,0
196,3,161,155,204,0,0,0,0,0,0,0
197,2,163,218,0,0,0,0,0,0,0,0
198,4,199,171,266,270,0,0,0,0,0,0
199,1,199,0,0,0,0,0,0,0,0,0
200,4,126,190,171,223,0,0,0,0,0,0
201,2,145,179,0,0,0,0,0,0,0,0
202,2,195,173,0,0,0,0,0,0,0,0
203,2,182,236,0,0,0,0,0,0,0,0
204,4,196,237,238,262,0,0,0,0,0,0
205,3,224,248,180,0,0,0,0,0,0,0
206,4,173,250,243,306,0,0,0,0,0,0
207,3,182,192,247,0,0,0,0,0,0,0
208,3,181,167,234,0,0,0,0,0,0,0
209,3,191,194,244,0,0,0,0,0,0,0
210,4,138,235,189,265,0,0,0,0,0,0
211,3,212,256,303,0,0,0,0,0,0,0
212,2,213,211,0,0,0,0,0,0,0,0
213,2,145,212,0,0,0,0,0,0,0,0
214,4,215,164,264,282,0,0,0,0,0,0
215,2,159,214,0,0,0,0,0,0,0,0
216,2,217,164,0,0,0,0,0,0,0,0
217,3,170,216,242,0,0,0,0,0,0,0
218,3,197,225,230,0,0,0,0,0,0,0
219,4,161,245,257,237,0,0,0,0,0,0
220,2,133,188,0,0,0,0,0,0,0,0
221,2,167,181,0,0,0,0,0,0,0,0
222,3,223,269,274,0,0,0,0,0,0,0
223,2,200,222,0,0,0,0,0,0,0,0
224,3,307,205,292,0,0,0,0,0,0,0
225,3,276,218,236,0,0,0,0,0,0,0
226,2,227,180,0,0,0,0,0,0,0,0
227,2,228,226,0,0,0,0,0,0,0,0
228,2,229,227,0,0,0,0,0,0,0,0
229,3,301,228,256,0,0,0,0,0,0,0
230,3,231,260,218,0,0,0,0,0,0,0
231,2,230,281,0,0,0,0,0,0,0,0
232,3,233,263,249,0,0,0,0,0,0,0
233,3,232,259,300,0,0,0,0,0,0,0
234,4,208,261,183,283,0,0,0,0,0,0
235,3,271,278,210,0,0,0,0,0,0,0
236,3,203,225,254,0,0,0,0,0,0,0
237,2,219,204,0,0,0,0,0,0,0,0
238,2,239,204,0,0,0,0,0,0,0,0
239,2,240,238,0,0,0,0,0,0,0,0
240,1,239,0,0,0,0,0,0,0,0,0
241,4,189,170,277,278,0,0,0,0,0,0
242,3,217,264,277,0,0,0,0,0,0,0
243,3,195,267,206,0,0,0,0,0,0,0
244,3,209,258,265,0,0,0,0,0,0,0
245,3,255,219,190,0,0,0,0,0,0,0
246,4,160,252,272,318,0,0,0,0,0,0
247,4,207,191,258,254,0,0,0,0,0,0
248,2,249,205,0,0,0,0,0,0,0,0
249,2,232,248,0,0,0,0,0,0,0,0
250,3,172,252,206,0,0,0,0,0,0,0
251,3,135,266,291,0,0,0,0,0,0,0
252,1,252,0,0,0,0,0,0,0,0,0
253,3,188,291,273,0,0,0,0,0,0,0
254,4,236,247,276,304,0,0,0,0,0,0
255,3,257,245,287,0,0,0,0,0,0,0
256,2,229,211,0,0,0,0,0,0,0,0
257,3,219,275,255,0,0,0,0,0,0,0
258,4,247,244,296,304,0,0,0,0,0,0
259,1,233,0,0,0,0,0,0,0,0,0
260,3,230,290,311,0,0,0,0,0,0,0
261,2,285,234,0,0,0,0,0,0,0,0
262,2,204,275,0,0,0,0,0,0,0,0
263,1,232,0,0,0,0,0,0,0,0,0
264,3,242,289,214,0,0,0,0,0,0,0
265,4,244,210,271,296,0,0,0,0,0,0
266,2,198,251,0,0,0,0,0,0,0,0
267,3,268,243,282,0,0,0,0,0,0,0
268,2,159,267,0,0,0,0,0,0,0,0
269,2,270,222,0,0,0,0,0,0,0,0
270,2,198,269,0,0,0,0,0,0,0,0
271,4,328,265,235,353,0,0,0,0,0,0
272,2,273,246,0,0,0,0,0,0,0,0
273,3,347,272,253,0,0,0,0,0,0,0
274,2,222,330,0,0,0,0,0,0,0,0
275,3,257,262,293,0,0,0,0,0,0,0
276,3,254,225,315,0,0,0,0,0,0,0
277,4,241,242,288,329,0,0,0,0,0,0
278,3,241,305,235,0,0,0,0,0,0,0
279,3,280,286,331,0,0,0,0,0,0,0
280,2,281,279,0,0,0,0,0,0,0,0
281,2,231,280,0,0,0,0,0,0,0,0
282,4,214,267,314,355,0,0,0,0,0,0
283,2,284,234,0,0,0,0,0,0,0,0
284,2,337,283,0,0,0,0,0,0,0,0
285,2,472,261,0,0,0,0,0,0,0,0
286,4,290,344,279,316,0,0,0,0,0,0
287,2,255,335,0,0,0,0,0,0,0,0
288,2,289,277,0,0,0,0,0,0,0,0
289,4,288,264,348,370,0,0,0,0,0,0
290,2,260,286,0,0,0,0,0,0,0,0
291,4,251,312,371,253,0,0,0,0,0,0
292,3,224,324,427,0,0,0,0,0,0,0
293,2,294,275,0,0,0,0,0,0,0,0
294,2,295,293,0,0,0,0,0,0,0,0
295,2,294,320,0,0,0,0,0,0,0,0
296,4,258,353,354,265,0,0,0,0,0,0
297,3,298,346,415,0,0,0,0,0,0,0
298,2,299,297,0,0,0,0,0,0,0,0
299,1,299,0,0,0,0,0,0,0,0,0
300,2,233,299,0,0,0,0,0,0,0,0
301,1,301,0,0,0,0,0,0,0,0,0
302,2,303,301,0,0,0,0,0,0,0,0
303,3,345,302,211,0,0,0,0,0,0,0
304,3,258,254,354,0,0,0,0,0,0,0
305,3,278,328,329,0,0,0,0,0,0,0
306,1,306,0,0,0,0,0,0,0,0,0
307,2,308,224,0,0,0,0,0,0,0,0
308,2,309,307,0,0,0,0,0,0,0,0
309,2,310,308,0,0,0,0,0,0,0,0
310,4,309,323,327,376,0,0,0,0,0,0
311,3,260,316,333,0,0,0,0,0,0,0
312,3,313,291,357,0,0,0,0,0,0,0
313,1,313,0,0,0,0,0,0,0,0,0
314,5,306,379,390,393,282,0,0,0,0,0
315,3,276,354,387,0,0,0,0,0,0,0
316,4,286,311,377,362,0,0,0,0,0,0
317,3,318,306,379,0,0,0,0,0,0,0
318,2,246,317,0,0,0,0,0,0,0,0
319,2,320,336,0,0,0,0,0,0,0,0
320,2,295,319,0,0,0,0,0,0,0,0
321,2,322,352,0,0,0,0,0,0,0,0
322,2,323,321,0,0,0,0,0,0,0,0
323,2,310,322,0,0,0,0,0,0,0,0
324,2,325,292,0,0,0,0,0,0,0,0
325,2,326,324,0,0,0,0,0,0,0,0
326,2,327,325,0,0,0,0,0,0,0,0
327,2,310,326,0,0,0,0,0,0,0,0
328,4,305,385,271,372,0,0,0,0,0,0
329,3,305,277,372,0,0,0,0,0,0,0
330,3,274,334,358,0,0,0,0,0,0,0
331,2,332,279,0,0,0,0,0,0,0,0
332,3,343,331,359,0,0,0,0,0,0,0
333,3,311,404,388,0,0,0,0,0,0,0
334,1,334,0,0,0,0,0,0,0,0,0
335,3,336,287,366,0,0,0,0,0,0,0
336,3,363,335,319,0,0,0,0,0,0,0
337,2,338,284,0,0,0,0,0,0,0,0
338,2,339,337,0,0,0,0,0,0,0,0
339,2,340,338,0,0,0,0,0,0,0,0
340,2,341,339,0,0,0,0,0,0,0,0
341,2,342,340,0,0,0,0,0,0,0,0
342,2,443,341,0,0,0,0,0,0,0,0
343,2,344,332,0,0,0,0,0,0,0,0
344,4,428,343,286,362,0,0,0,0,0,0
345,3,303,365,419,0,0,0,0,0,0,0
346,2,297,349,0,0,0,0,0,0,0,0
347,1,347,0,0,0,0,0,0,0,0,0
348,4,289,378,355,409,0,0,0,0,0,0
349,4,350,361,346,425,0,0,0,0,0,0
350,2,351,349,0,0,0,0,0,0,0,0
351,2,352,350,0,0,0,0,0,0,0,0
352,2,321,351,0,0,0,0,0,0,0,0
353,4,271,385,296,396,0,0,0,0,0,0
354,4,304,386,296,315,0,0,0,0,0,0
355,2,348,282,0,0,0,0,0,0,0,0
356,3,380,334,384,0,0,0,0,0,0,0
357,3,312,401,410,0,0,0,0,0,0,0
358,3,330,397,441,0,0,0,0,0,0,0
359,3,332,428,444,0,0,0,0,0,0,0
360,3,361,373,399,0,0,0,0,0,0,0
361,2,349,360,0,0,0,0,0,0,0,0
362,3,344,316,389,0,0,0,0,0,0,0
363,1,336,0,0,0,0,0,0,0,0,0
364,1,365,0,0,0,0,0,0,0,0,0
365,2,345,364,0,0,0,0,0,0,0,0
366,3,335,367,381,0,0,0,0,0,0,0
367,2,334,366,0,0,0,0,0,0,0,0
368,4,369,372,412,409,0,0,0,0,0,0
369,2,370,368,0,0,0,0,0,0,0,0
370,2,289,369,0,0,0,0,0,0,0,0
371,1,371,0,0,0,0,0,0,0,0,0
372,4,328,368,329,394,0,0,0,0,0,0
373,2,374,360,0,0,0,0,0,0,0,0
374,2,375,373,0,0,0,0,0,0,0,0
375,2,376,374,0,0,0,0,0,0,0,0
376,2,310,375,0,0,0,0,0,0,0,0
377,3,316,392,395,0,0,0,0,0,0,0
378,4,468,436,348,391,0,0,0,0,0,0
379,4,462,314,317,429,0,0,0,0,0,0
380,1,356,0,0,0,0,0,0,0,0,0
381,2,382,366,0,0,0,0,0,0,0,0
382,2,383,381,0,0,0,0,0,0,0,0
383,2,384,382,0,0,0,0,0,0,0,0
384,3,356,383,397,0,0,0,0,0,0,0
385,4,442,353,328,400,0,0,0,0,0,0
386,3,396,437,354,0,0,0,0,0,0,0
387,3,388,315,467,0,0,0,0,0,0,0
388,3,402,333,387,0,0,0,0,0,0,0
389,3,392,445,362,0,0,0,0,0,0,0
390,2,391,314,0,0,0,0,0,0,0,0
391,2,378,390,0,0,0,0,0,0,0,0
392,3,377,398,389,0,0,0,0,0,0,0
393,3,435,314,456,0,0,0,0,0,0,0
394,3,372,412,400,0,0,0,0,0,0,0
395,3,377,411,398,0,0,0,0,0,0,0
396,3,353,416,386,0,0,0,0,0,0,0
397,4,358,384,448,538,0,0,0,0,0,0
398,3,392,395,470,0,0,0,0,0,0,0
399,3,360,432,453,0,0,0,0,0,0,0
400,3,394,385,450,0,0,0,0,0,0,0
401,3,357,347,433,0,0,0,0,0,0,0
402,2,403,388,0,0,0,0,0,0,0,0
403,2,402,522,0,0,0,0,0,0,0,0
404,2,333,411,0,0,0,0,0,0,0,0
405,2,406,371,0,0,0,0,0,0,0,0
406,2,407,405,0,0,0,0,0,0,0,0
407,2,408,406,0,0,0,0,0,0,0,0
408,3,407,410,434,0,0,0,0,0,0,0
409,4,348,368,525,468,0,0,0,0,0,0
410,2,408,357,0,0,0,0,0,0,0,0
411,4,395,438,404,543,0,0,0,0,0,0
412,3,368,394,449,0,0,0,0,0,0,0
413,1,414,0,0,0,0,0,0,0,0,0
414,2,415,413,0,0,0,0,0,0,0,0
415,2,297,414,0,0,0,0,0,0,0,0
416,3,442,396,437,0,0,0,0,0,0,0
417,2,418,439,0,0,0,0,0,0,0,0
418,2,419,417,0,0,0,0,0,0,0,0
419,2,345,418,0,0,0,0,0,0,0,0
420,1,421,0,0,0,0,0,0,0,0,0
421,2,422,420,0,0,0,0,0,0,0,0
422,2,423,421,0,0,0,0,0,0,0,0
423,2,424,422,0,0,0,0,0,0,0,0
424,2,425,423,0,0,0,0,0,0,0,0
425,2,349,424,0,0,0,0,0,0,0,0
426,4,427,535,540,458,0,0,0,0,0,0
427,2,292,426,0,0,0,0,0,0,0,0
428,4,344,359,445,550,0,0,0,0,0,0
429,3,379,532,456,0,0,0,0,0,0,0
430,2,431,549,0,0,0,0,0,0,0,0
431,3,440,443,430,0,0,0,0,0,0,0
432,1,399,0,0,0,0,0,0,0,0,0
433,1,433,0,0,0,0,0,0,0,0,0
434,3,408,454,471,0,0,0,0,0,0,0
435,2,436,393,0,0,0,0,0,0,0,0
436,4,572,435,378,582,0,0,0,0,0,0
437,3,416,542,386,0,0,0,0,0,0,0
438,2,411,469,0,0,0,0,0,0,0,0
439,2,417,457,0,0,0,0,0,0,0,0
440,2,431,511,0,0,0,0,0,0,0,0
441,3,358,447,531,0,0,0,0,0,0,0
442,3,416,385,542,0,0,0,0,0,0,0
443,2,431,342,0,0,0,0,0,0,0,0
444,2,359,451,0,0,0,0,0,0,0,0
445,3,428,389,470,0,0,0,0,0,0,0
446,5,347,462,536,552,551,0,0,0,0,0
447,3,371,441,507,0,0,0,0,0,0,0
448,3,597,397,530,0,0,0,0,0,0,0
449,3,450,412,525,0,0,0,0,0,0,0
450,3,461,400,449,0,0,0,0,0,0,0
451,3,550,613,444,0,0,0,0,0,0,0
452,4,453,528,524,534,0,0,0,0,0,0
453,2,399,452,0,0,0,0,0,0,0,0
454,2,455,434,0,0,0,0,0,0,0,0
455,3,454,460,579,0,0,0,0,0,0,0
456,4,429,393,576,580,0,0,0,0,0,0
457,5,458,508,906,439,517,0,0,0,0,0
458,2,457,426,0,0,0,0,0,0,0,0
459,3,460,507,529,0,0,0,0,0,0,0
460,2,455,459,0,0,0,0,0,0,0,0
461,1,461,0,0,0,0,0,0,0,0,0
462,2,446,379,0,0,0,0,0,0,0,0
463,4,464,542,520,702,0,0,0,0,0,0
464,2,465,463,0,0,0,0,0,0,0,0
465,2,466,464,0,0,0,0,0,0,0,0
466,2,467,465,0,0,0,0,0,0,0,0
467,2,387,466,0,0,0,0,0,0,0,0
468,4,378,409,594,572,0,0,0,0,0,0
469,3,438,587,553,0,0,0,0,0,0,0
470,4,445,398,543,586,0,0,0,0,0,0
471,2,434,433,0,0,0,0,0,0,0,0
472,2,473,285,0,0,0,0,0,0,0,0
473,2,474,472,0,0,0,0,0,0,0,0
474,2,475,473,0,0,0,0,0,0,0,0
475,2,476,474,0,0,0,0,0,0,0,0
476,2,477,475,0,0,0,0,0,0,0,0
477,2,478,476,0,0,0,0,0,0,0,0
478,2,479,477,0,0,0,0,0,0,0,0
479,2,480,478,0,0,0,0,0,0,0,0
480,2,481,479,0,0,0,0,0,0,0,0
481,2,482,480,0,0,0,0,0,0,0,0
482,2,483,481,0,0,0,0,0,0,0,0
483,2,484,482,0,0,0,0,0,0,0,0
484,2,485,483,0,0,0,0,0,0,0,0
485,2,486,484,0,0,0,0,0,0,0,0
486,2,487,485,0,0,0,0,0,0,0,0
487,2,488,486,0,0,0,0,0,0,0,0
488,2,489,487,0,0,0,0,0,0,0,0
489,2,490,488,0,0,0,0,0,0,0,0
490,2,491,489,0,0,0,0,0,0,0,0
491,2,492,490,0,0,0,0,0,0,0,0
492,2,493,491,0,0,0,0,0,0,0,0
493,2,494,492,0,0,0,0,0,0,0,0
494,2,495,493,0,0,0,0,0,0,0,0
495,2,496,494,0,0,0,0,0,0,0,0
496,2,497,495,0,0,0,0,0,0,0,0
497,2,498,496,0,0,0,0,0,0,0,0
498,2,499,497,0,0,0,0,0,0,0,0
499,2,500,498,0,0,0,0,0,0,0,0
500,2,501,499,0,0,0,0,0,0,0,0
501,2,502,500,0,0,0,0,0,0,0,0
502,2,503,501,0,0,0,0,0,0,0,0
503,2,504,502,0,0,0,0,0,0,0,0
504,2,505,503,0,0,0,0,0,0,0,0
505,2,506,504,0,0,0,0,0,0,0,0
506,3,997,505,893,0,0,0,0,0,0,0
507,2,459,447,0,0,0,0,0,0,0,0
508,2,509,457,0,0,0,0,0,0,0,0
509,2,510,508,0,0,0,0,0,0,0,0
510,2,511,509,0,0,0,0,0,0,0,0
511,2,440,510,0,0,0,0,0,0,0,0
512,3,513,545,944,0,0,0,0,0,0,0
513,2,514,512,0,0,0,0,0,0,0,0
514,3,513,517,585,0,0,0,0,0,0,0
515,3,516,544,517,0,0,0,0,0,0,0
516,2,515,568,0,0,0,0,0,0,0,0
517,4,518,514,515,457,0,0,0,0,0,0
518,2,519,517,0,0,0,0,0,0,0,0
519,2,518,569,0,0,0,0,0,0,0,0
520,4,521,635,463,764,0,0,0,0,0,0
521,2,522,520,0,0,0,0,0,0,0,0
522,2,403,521,0,0,0,0,0,0,0,0
523,3,524,534,539,0,0,0,0,0,0,0
524,4,452,523,557,562,0,0,0,0,0,0
525,3,449,409,593,0,0,0,0,0,0,0
526,2,527,535,0,0,0,0,0,0,0,0
527,3,627,526,575,0,0,0,0,0,0,0
528,2,452,577,0,0,0,0,0,0,0,0
529,3,459,530,578,0,0,0,0,0,0,0
530,4,531,529,448,600,0,0,0,0,0,0
531,2,441,530,0,0,0,0,0,0,0,0
532,2,533,429,0,0,0,0,0,0,0,0
533,3,552,629,532,0,0,0,0,0,0,0
534,2,452,523,0,0,0,0,0,0,0,0
535,4,526,537,573,426,0,0,0,0,0,0
536,4,433,623,446,559,0,0,0,0,0,0
537,3,541,561,535,0,0,0,0,0,0,0
538,3,588,595,397,0,0,0,0,0,0,0
539,2,540,523,0,0,0,0,0,0,0,0
540,2,539,426,0,0,0,0,0,0,0,0
541,2,544,537,0,0,0,0,0,0,0,0
542,3,442,437,463,0,0,0,0,0,0,0
543,4,470,553,683,411,0,0,0,0,0,0
544,2,541,515,0,0,0,0,0,0,0,0
545,2,546,512,0,0,0,0,0,0,0,0
546,2,547,545,0,0,0,0,0,0,0,0
547,2,548,546,0,0,0,0,0,0,0,0
548,2,549,547,0,0,0,0,0,0,0,0
549,2,430,548,0,0,0,0,0,0,0,0
550,3,428,451,599,0,0,0,0,0,0,0
551,2,446,564,0,0,0,0,0,0,0,0
552,2,446,533,0,0,0,0,0,0,0,0
553,4,469,710,543,661,0,0,0,0,0,0
554,2,555,596,0,0,0,0,0,0,0,0
555,1,554,0,0,0,0,0,0,0,0,0
556,1,557,0,0,0,0,0,0,0,0,0
557,2,524,556,0,0,0,0,0,0,0,0
558,3,559,612,645,0,0,0,0,0,0,0
559,2,536,558,0,0,0,0,0,0,0,0
560,4,561,565,620,626,0,0,0,0,0,0
561,2,560,537,0,0,0,0,0,0,0,0
562,5,563,570,575,524,617,0,0,0,0,0
563,2,562,650,0,0,0,0,0,0,0,0
564,3,681,551,672,0,0,0,0,0,0,0
565,2,566,560,0,0,0,0,0,0,0,0
566,2,567,565,0,0,0,0,0,0,0,0
567,2,568,566,0,0,0,0,0,0,0,0
568,2,516,567,0,0,0,0,0,0,0,0
569,3,519,583,619,0,0,0,0,0,0,0
570,2,571,562,0,0,0,0,0,0,0,0
571,3,589,570,625,0,0,0,0,0,0,0
572,4,468,436,671,640,0,0,0,0,0,0
573,2,574,535,0,0,0,0,0,0,0,0
574,3,602,611,573,0,0,0,0,0,0,0
575,3,527,624,562,0,0,0,0,0,0,0
576,1,576,0,0,0,0,0,0,0,0,0
577,1,528,0,0,0,0,0,0,0,0,0
578,4,579,529,642,612,0,0,0,0,0,0
579,2,455,578,0,0,0,0,0,0,0,0
580,2,581,456,0,0,0,0,0,0,0,0
581,2,582,580,0,0,0,0,0,0,0,0
582,4,436,592,622,581,0,0,0,0,0,0
583,2,584,569,0,0,0,0,0,0,0,0
584,2,585,583,0,0,0,0,0,0,0,0
585,2,514,584,0,0,0,0,0,0,0,0
586,2,470,652,0,0,0,0,0,0,0,0
587,3,469,646,635,0,0,0,0,0,0,0
588,4,659,538,597,668,0,0,0,0,0,0
589,2,590,571,0,0,0,0,0,0,0,0
590,3,670,691,589,0,0,0,0,0,0,0
591,2,592,576,0,0,0,0,0,0,0,0
592,3,591,582,665,0,0,0,0,0,0,0
593,4,594,525,700,709,0,0,0,0,0,0
594,2,468,593,0,0,0,0,0,0,0,0
595,2,538,654,0,0,0,0,0,0,0,0
596,2,554,743,0,0,0,0,0,0,0,0
597,2,588,448,0,0,0,0,0,0,0,0
598,3,599,641,673,0,0,0,0,0,0,0
599,2,550,598,0,0,0,0,0,0,0,0
600,2,601,530,0,0,0,0,0,0,0,0
601,3,660,643,600,0,0,0,0,0,0,0
602,2,603,574,0,0,0,0,0,0,0,0
603,2,604,602,0,0,0,0,0,0,0,0
604,2,605,603,0,0,0,0,0,0,0,0
605,2,606,604,0,0,0,0,0,0,0,0
606,2,607,605,0,0,0,0,0,0,0,0
607,2,608,606,0,0,0,0,0,0,0,0
608,2,609,607,0,0,0,0,0,0,0,0
609,4,633,608,628,639,0,0,0,0,0,0
610,3,611,621,648,0,0,0,0,0,0,0
611,2,610,574,0,0,0,0,0,0,0,0
612,2,578,558,0,0,0,0,0,0,0,0
613,2,614,451,0,0,0,0,0,0,0,0
614,3,658,613,706,0,0,0,0,0,0,0
615,1,616,0,0,0,0,0,0,0,0,0
616,2,617,615,0,0,0,0,0,0,0,0
617,2,562,616,0,0,0,0,0,0,0,0
618,3,619,651,685,0,0,0,0,0,0,0
619,2,569,618,0,0,0,0,0,0,0,0
620,2,621,560,0,0,0,0,0,0,0,0
621,2,610,620,0,0,0,0,0,0,0,0
622,3,662,582,640,0,0,0,0,0,0,0
623,1,623,0,0,0,0,0,0,0,0,0
624,1,575,0,0,0,0,0,0,0,0,0
625,1,571,0,0,0,0,0,0,0,0,0
626,2,560,637,0,0,0,0,0,0,0,0
627,2,628,527,0,0,0,0,0,0,0,0
628,2,609,627,0,0,0,0,0,0,0,0
629,5,664,692,533,672,786,0,0,0,0,0
630,4,631,638,680,723,0,0,0,0,0,0
631,2,632,630,0,0,0,0,0,0,0,0
632,2,633,631,0,0,0,0,0,0,0,0
633,3,632,609,666,0,0,0,0,0,0,0
634,3,694,623,681,0,0,0,0,0,0,0
635,4,587,714,765,520,0,0,0,0,0,0
636,4,637,707,653,724,0,0,0,0,0,0
637,2,626,636,0,0,0,0,0,0,0,0
638,2,639,630,0,0,0,0,0,0,0,0
639,2,609,638,0,0,0,0,0,0,0,0
640,4,622,572,663,755,0,0,0,0,0,0
641,2,598,652,0,0,0,0,0,0,0,0
642,2,643,578,0,0,0,0,0,0,0,0
643,4,669,642,601,708,0,0,0,0,0,0
644,2,645,623,0,0,0,0,0,0,0,0
645,4,644,558,669,695,0,0,0,0,0,0
646,3,587,715,661,0,0,0,0,0,0,0
647,3,648,653,684,0,0,0,0,0,0,0
648,2,610,647,0,0,0,0,0,0,0,0
649,3,650,682,691,0,0,0,0,0,0,0
650,2,563,649,0,0,0,0,0,0,0,0
651,2,718,618,0,0,0,0,0,0,0,0
652,3,641,586,683,0,0,0,0,0,0,0
653,4,756,762,647,636,0,0,0,0,0,0
654,3,595,744,745,0,0,0,0,0,0,0
655,3,656,670,725,0,0,0,0,0,0,0
656,2,657,655,0,0,0,0,0,0,0,0
657,2,656,717,0,0,0,0,0,0,0,0
658,3,768,614,675,0,0,0,0,0,0,0
659,2,660,588,0,0,0,0,0,0,0,0
660,4,659,601,748,767,0,0,0,0,0,0
661,4,553,698,646,804,0,0,0,0,0,0
662,2,663,622,0,0,0,0,0,0,0,0
663,4,662,640,816,830,0,0,0,0,0,0
664,2,665,629,0,0,0,0,0,0,0,0
665,2,592,664,0,0,0,0,0,0,0,0
666,4,667,633,699,723,0,0,0,0,0,0
667,2,666,684,0,0,0,0,0,0,0,0
668,2,588,713,0,0,0,0,0,0,0,0
669,2,645,643,0,0,0,0,0,0,0,0
670,3,655,679,590,0,0,0,0,0,0,0
671,3,572,709,754,0,0,0,0,0,0,0
672,4,564,629,747,828,0,0,0,0,0,0
673,2,674,598,0,0,0,0,0,0,0,0
674,2,675,673,0,0,0,0,0,0,0,0
675,2,658,674,0,0,0,0,0,0,0,0
676,2,677,680,0,0,0,0,0,0,0,0
677,2,678,676,0,0,0,0,0,0,0,0
678,2,679,677,0,0,0,0,0,0,0,0
679,2,670,678,0,0,0,0,0,0,0,0
680,3,676,630,682,0,0,0,0,0,0,0
681,3,634,564,711,0,0,0,0,0,0,0
682,2,680,649,0,0,0,0,0,0,0,0
683,4,652,710,543,797,0,0,0,0,0,0
684,2,667,647,0,0,0,0,0,0,0,0
685,2,686,618,0,0,0,0,0,0,0,0
686,2,687,685,0,0,0,0,0,0,0,0
687,2,688,686,0,0,0,0,0,0,0,0
688,2,689,687,0,0,0,0,0,0,0,0
689,2,690,688,0,0,0,0,0,0,0,0
690,3,712,689,724,0,0,0,0,0,0,0
691,2,649,590,0,0,0,0,0,0,0,0
692,2,693,629,0,0,0,0,0,0,0,0
693,1,693,0,0,0,0,0,0,0,0,0
694,3,695,634,749,0,0,0,0,0,0,0
695,4,645,794,694,753,0,0,0,0,0,0
696,3,697,716,722,0,0,0,0,0,0,0
697,2,696,752,0,0,0,0,0,0,0,0
698,2,661,765,0,0,0,0,0,0,0,0
699,3,666,759,805,0,0,0,0,0,0,0
700,2,701,593,0,0,0,0,0,0,0,0
701,3,826,700,703,0,0,0,0,0,0,0
702,2,703,463,0,0,0,0,0,0,0,0
703,5,701,1009,702,838,764,0,0,0,0,0
704,3,705,822,950,0,0,0,0,0,0,0
705,2,706,704,0,0,0,0,0,0,0,0
706,2,614,705,0,0,0,0,0,0,0,0
707,3,731,636,763,0,0,0,0,0,0,0
708,4,643,753,767,772,0,0,0,0,0,0
709,3,750,671,593,0,0,0,0,0,0,0
710,3,553,683,792,0,0,0,0,0,0,0
711,1,711,0,0,0,0,0,0,0,0,0
712,3,690,729,784,0,0,0,0,0,0,0
713,3,668,745,748,0,0,0,0,0,0,0
714,3,796,635,825,0,0,0,0,0,0,0
715,2,766,646,0,0,0,0,0,0,0,0
716,2,717,696,0,0,0,0,0,0,0,0
717,2,657,716,0,0,0,0,0,0,0,0
718,2,719,651,0,0,0,0,0,0,0,0
719,2,720,718,0,0,0,0,0,0,0,0
720,2,721,719,0,0,0,0,0,0,0,0
721,3,720,795,851,0,0,0,0,0,0,0
722,1,696,0,0,0,0,0,0,0,0,0
723,4,666,630,730,760,0,0,0,0,0,0
724,2,690,636,0,0,0,0,0,0,0,0
725,2,655,761,0,0,0,0,0,0,0,0
726,3,727,795,811,0,0,0,0,0,0,0
727,2,728,726,0,0,0,0,0,0,0,0
728,2,729,727,0,0,0,0,0,0,0,0
729,2,712,728,0,0,0,0,0,0,0,0
730,3,774,723,901,0,0,0,0,0,0,0
731,2,732,707,0,0,0,0,0,0,0,0
732,3,731,793,820,0,0,0,0,0,0,0
733,2,734,852,0,0,0,0,0,0,0,0
734,2,735,733,0,0,0,0,0,0,0,0
735,2,736,734,0,0,0,0,0,0,0,0
736,2,737,735,0,0,0,0,0,0,0,0
737,2,738,736,0,0,0,0,0,0,0,0
738,2,739,737,0,0,0,0,0,0,0,0
739,2,740,738,0,0,0,0,0,0,0,0
740,2,741,739,0,0,0,0,0,0,0,0
741,2,742,740,0,0,0,0,0,0,0,0
742,2,743,741,0,0,0,0,0,0,0,0
743,2,596,742,0,0,0,0,0,0,0,0
744,2,654,827,0,0,0,0,0,0,0,0
745,4,713,771,654,835,0,0,0,0,0,0
746,4,711,821,747,812,0,0,0,0,0,0
747,2,746,672,0,0,0,0,0,0,0,0
748,4,713,660,772,824,0,0,0,0,0,0
749,3,694,794,711,0,0,0,0,0,0,0
750,3,785,826,709,0,0,0,0,0,0,0
751,1,752,0,0,0,0,0,0,0,0,0
752,2,697,751,0,0,0,0,0,0,0,0
753,2,695,708,0,0,0,0,0,0,0,0
754,3,671,785,755,0,0,0,0,0,0,0
755,3,754,640,773,0,0,0,0,0,0,0
756,2,757,653,0,0,0,0,0,0,0,0
757,2,758,756,0,0,0,0,0,0,0,0
758,2,759,757,0,0,0,0,0,0,0,0
759,2,699,758,0,0,0,0,0,0,0,0
760,4,723,761,770,798,0,0,0,0,0,0
761,2,725,760,0,0,0,0,0,0,0,0
762,2,763,653,0,0,0,0,0,0,0,0
763,2,707,762,0,0,0,0,0,0,0,0
764,4,520,838,703,956,0,0,0,0,0,0
765,3,698,635,825,0,0,0,0,0,0,0
766,1,715,0,0,0,0,0,0,0,0,0
767,2,660,708,0,0,0,0,0,0,0,0
768,3,802,658,797,0,0,0,0,0,0,0
769,3,770,810,894,0,0,0,0,0,0,0
770,2,769,760,0,0,0,0,0,0,0,0
771,3,837,745,823,0,0,0,0,0,0,0
772,4,708,794,748,953,0,0,0,0,0,0
773,3,755,809,817,0,0,0,0,0,0,0
774,2,775,730,0,0,0,0,0,0,0,0
775,3,787,805,774,0,0,0,0,0,0,0
776,3,777,811,841,0,0,0,0,0,0,0
777,2,778,776,0,0,0,0,0,0,0,0
778,2,779,777,0,0,0,0,0,0,0,0
779,2,780,778,0,0,0,0,0,0,0,0
780,2,781,779,0,0,0,0,0,0,0,0
781,2,782,780,0,0,0,0,0,0,0,0
782,2,783,781,0,0,0,0,0,0,0,0
783,2,784,782,0,0,0,0,0,0,0,0
784,2,712,783,0,0,0,0,0,0,0,0
785,3,754,750,968,0,0,0,0,0,0,0
786,1,786,0,0,0,0,0,0,0,0,0
787,2,788,775,0,0,0,0,0,0,0,0
788,2,789,787,0,0,0,0,0,0,0,0
789,2,790,788,0,0,0,0,0,0,0,0
790,2,791,789,0,0,0,0,0,0,0,0
791,2,790,829,0,0,0,0,0,0,0,0
792,3,710,804,904,0,0,0,0,0,0,0
793,3,732,813,829,0,0,0,0,0,0,0
794,4,749,695,772,812,0,0,0,0,0,0
795,2,721,726,0,0,0,0,0,0,0,0
796,3,714,932,956,0,0,0,0,0,0,0
797,4,768,683,840,903,0,0,0,0,0,0
798,2,799,760,0,0,0,0,0,0,0,0
799,2,800,798,0,0,0,0,0,0,0,0
800,3,831,799,801,0,0,0,0,0,0,0
801,2,800,806,0,0,0,0,0,0,0,0
802,2,803,768,0,0,0,0,0,0,0,0
803,3,802,822,903,0,0,0,0,0,0,0
804,3,661,792,928,0,0,0,0,0,0,0
805,2,699,775,0,0,0,0,0,0,0,0
806,2,807,801,0,0,0,0,0,0,0,0
807,2,808,806,0,0,0,0,0,0,0,0
808,1,807,0,0,0,0,0,0,0,0,0
809,3,954,773,968,0,0,0,0,0,0,0
810,2,836,769,0,0,0,0,0,0,0,0
811,2,726,776,0,0,0,0,0,0,0,0
812,4,746,794,933,927,0,0,0,0,0,0
813,2,814,793,0,0,0,0,0,0,0,0
814,3,839,813,967,0,0,0,0,0,0,0
815,4,816,830,984,990,0,0,0,0,0,0
816,2,663,815,0,0,0,0,0,0,0,0
817,2,818,773,0,0,0,0,0,0,0,0
818,4,830,929,969,817,0,0,0,0,0,0
819,3,820,839,943,0,0,0,0,0,0,0
820,2,732,819,0,0,0,0,0,0,0,0
821,3,927,939,746,0,0,0,0,0,0,0
822,3,803,704,834,0,0,0,0,0,0,0
823,4,824,771,953,974,0,0,0,0,0,0
824,2,748,823,0,0,0,0,0,0,0,0
825,4,714,765,972,932,0,0,0,0,0,0
826,3,750,701,955,0,0,0,0,0,0,0
827,2,744,902,0,0,0,0,0,0,0,0
828,4,672,982,786,1052,0,0,0,0,0,0
829,2,791,793,0,0,0,0,0,0,0,0
830,3,663,818,815,0,0,0,0,0,0,0
831,2,905,800,0,0,0,0,0,0,0,0
832,4,833,903,983,1044,0,0,0,0,0,0
833,2,834,832,0,0,0,0,0,0,0,0
834,3,822,833,952,0,0,0,0,0,0,0
835,4,745,978,970,1047,0,0,0,0,0,0
836,3,905,810,1012,0,0,0,0,0,0,0
837,3,771,977,991,0,0,0,0,0,0,0
838,4,703,764,935,988,0,0,0,0,0,0
839,2,819,814,0,0,0,0,0,0,0,0
840,3,904,797,928,0,0,0,0,0,0,0
841,3,842,776,1021,0,0,0,0,0,0,0
842,2,843,841,0,0,0,0,0,0,0,0
843,2,844,842,0,0,0,0,0,0,0,0
844,2,845,843,0,0,0,0,0,0,0,0
845,2,846,844,0,0,0,0,0,0,0,0
846,2,847,845,0,0,0,0,0,0,0,0
847,2,848,846,0,0,0,0,0,0,0,0
848,2,849,847,0,0,0,0,0,0,0,0
849,2,850,848,0,0,0,0,0,0,0,0
850,2,851,849,0,0,0,0,0,0,0,0
851,2,721,850,0,0,0,0,0,0,0,0
852,2,853,733,0,0,0,0,0,0,0,0
853,2,854,852,0,0,0,0,0,0,0,0
854,2,855,853,0,0,0,0,0,0,0,0
855,2,856,854,0,0,0,0,0,0,0,0
856,2,857,855,0,0,0,0,0,0,0,0
857,2,858,856,0,0,0,0,0,0,0,0
858,2,859,857,0,0,0,0,0,0,0,0
859,2,860,858,0,0,0,0,0,0,0,0
860,2,861,859,0,0,0,0,0,0,0,0
861,2,862,860,0,0,0,0,0,0,0,0
862,2,863,861,0,0,0,0,0,0,0,0
863,2,864,862,0,0,0,0,0,0,0,0
864,2,865,863,0,0,0,0,0,0,0,0
865,2,866,864,0,0,0,0,0,0,0,0
866,2,867,865,0,0,0,0,0,0,0,0
867,2,868,866,0,0,0,0,0,0,0,0
868,2,869,867,0,0,0,0,0,0,0,0
869,2,870,868,0,0,0,0,0,0,0,0
870,2,871,869,0,0,0,0,0,0,0,0
871,2,872,870,0,0,0,0,0,0,0,0
872,2,873,871,0,0,0,0,0,0,0,0
873,2,874,872,0,0,0,0,0,0,0,0
874,2,875,873,0,0,0,0,0,0,0,0
875,2,876,874,0,0,0,0,0,0,0,0
876,2,877,875,0,0,0,0,0,0,0,0
877,2,878,876,0,0,0,0,0,0,0,0
878,2,879,877,0,0,0,0,0,0,0,0
879,2,880,878,0,0,0,0,0,0,0,0
880,2,881,879,0,0,0,0,0,0,0,0
881,2,882,880,0,0,0,0,0,0,0,0
882,2,883,881,0,0,0,0,0,0,0,0
883,2,884,882,0,0,0,0,0,0,0,0
884,2,885,883,0,0,0,0,0,0,0,0
885,2,886,884,0,0,0,0,0,0,0,0
886,2,887,885,0,0,0,0,0,0,0,0
887,2,888,886,0,0,0,0,0,0,0,0
888,2,889,887,0,0,0,0,0,0,0,0
889,2,890,888,0,0,0,0,0,0,0,0
890,2,891,889,0,0,0,0,0,0,0,0
891,2,892,890,0,0,0,0,0,0,0,0
892,2,893,891,0,0,0,0,0,0,0,0
893,2,506,892,0,0,0,0,0,0,0,0
894,3,895,769,923,0,0,0,0,0,0,0
895,2,896,894,0,0,0,0,0,0,0,0
896,2,897,895,0,0,0,0,0,0,0,0
897,2,898,896,0,0,0,0,0,0,0,0
898,2,899,897,0,0,0,0,0,0,0,0
899,2,900,898,0,0,0,0,0,0,0,0
900,2,901,899,0,0,0,0,0,0,0,0
901,2,730,900,0,0,0,0,0,0,0,0
902,2,827,970,0,0,0,0,0,0,0,0
903,4,803,1049,797,832,0,0,0,0,0,0
904,2,792,840,0,0,0,0,0,0,0,0
905,1,905,0,0,0,0,0,0,0,0,0
906,2,907,457,0,0,0,0,0,0,0,0
907,2,908,906,0,0,0,0,0,0,0,0
908,2,909,907,0,0,0,0,0,0,0,0
909,2,910,908,0,0,0,0,0,0,0,0
910,2,911,909,0,0,0,0,0,0,0,0
911,2,912,910,0,0,0,0,0,0,0,0
912,2,913,911,0,0,0,0,0,0,0,0
913,2,914,912,0,0,0,0,0,0,0,0
914,2,915,913,0,0,0,0,0,0,0,0
915,2,916,914,0,0,0,0,0,0,0,0
916,2,917,915,0,0,0,0,0,0,0,0
917,2,918,916,0,0,0,0,0,0,0,0
918,2,919,917,0,0,0,0,0,0,0,0
919,2,920,918,0,0,0,0,0,0,0,0
920,2,921,919,0,0,0,0,0,0,0,0
921,2,922,920,0,0,0,0,0,0,0,0
922,4,1161,921,949,1245,0,0,0,0,0,0
923,2,924,894,0,0,0,0,0,0,0,0
924,2,925,923,0,0,0,0,0,0,0,0
925,2,926,924,0,0,0,0,0,0,0,0
926,3,1012,1053,925,0,0,0,0,0,0,0
927,4,821,812,1048,1051,0,0,0,0,0,0
928,3,840,804,1056,0,0,0,0,0,0,0
929,2,930,818,0,0,0,0,0,0,0,0
930,2,931,929,0,0,0,0,0,0,0,0
931,4,930,990,1013,1065,0,0,0,0,0,0
932,4,796,1016,1062,825,0,0,0,0,0,0
933,2,934,812,0,0,0,0,0,0,0,0
934,3,1050,933,953,0,0,0,0,0,0,0
935,3,838,1045,1055,0,0,0,0,0,0,0
936,2,937,996,0,0,0,0,0,0,0,0
937,2,938,936,0,0,0,0,0,0,0,0
938,1,937,0,0,0,0,0,0,0,0,0
939,3,1048,821,982,0,0,0,0,0,0,0
940,3,941,992,989,0,0,0,0,0,0,0
941,2,942,940,0,0,0,0,0,0,0,0
942,2,943,941,0,0,0,0,0,0,0,0
943,2,819,942,0,0,0,0,0,0,0,0
944,2,945,512,0,0,0,0,0,0,0,0
945,2,946,944,0,0,0,0,0,0,0,0
946,2,947,945,0,0,0,0,0,0,0,0
947,2,948,946,0,0,0,0,0,0,0,0
948,2,949,947,0,0,0,0,0,0,0,0
949,4,922,1204,1205,948,0,0,0,0,0,0
950,2,951,704,0,0,0,0,0,0,0,0
951,2,952,950,0,0,0,0,0,0,0,0
952,3,834,951,1064,0,0,0,0,0,0,0
953,4,772,971,934,823,0,0,0,0,0,0
954,3,980,809,969,0,0,0,0,0,0,0
955,4,826,979,976,968,0,0,0,0,0,0
956,3,796,764,1016,0,0,0,0,0,0,0
957,1,958,0,0,0,0,0,0,0,0,0
958,2,959,957,0,0,0,0,0,0,0,0
959,2,960,958,0,0,0,0,0,0,0,0
960,2,961,959,0,0,0,0,0,0,0,0
961,2,962,960,0,0,0,0,0,0,0,0
962,2,963,961,0,0,0,0,0,0,0,0
963,2,964,962,0,0,0,0,0,0,0,0
964,2,965,963,0,0,0,0,0,0,0,0
965,2,966,964,0,0,0,0,0,0,0,0
966,2,967,965,0,0,0,0,0,0,0,0
967,2,814,966,0,0,0,0,0,0,0,0
968,3,809,785,955,0,0,0,0,0,0,0
969,2,954,818,0,0,0,0,0,0,0,0
970,3,902,985,835,0,0,0,0,0,0,0
971,4,1070,1075,953,1050,0,0,0,0,0,0
972,3,1062,825,1061,0,0,0,0,0,0,0
973,4,984,1100,786,1052,0,0,0,0,0,0
974,1,974,0,0,0,0,0,0,0,0,0
975,2,991,974,0,0,0,0,0,0,0,0
976,4,955,1080,1011,986,0,0,0,0,0,0
977,3,837,978,1017,0,0,0,0,0,0,0
978,3,835,1019,977,0,0,0,0,0,0,0
979,3,955,980,1041,0,0,0,0,0,0,0
980,3,979,981,954,0,0,0,0,0,0,0
981,3,980,1014,1041,0,0,0,0,0,0,0
982,3,939,1015,828,0,0,0,0,0,0,0
983,3,1104,832,1059,0,0,0,0,0,0,0
984,3,1063,815,973,0,0,0,0,0,0,0
985,3,1020,1060,970,0,0,0,0,0,0,0
986,4,987,976,1066,1077,0,0,0,0,0,0
987,2,988,986,0,0,0,0,0,0,0,0
988,2,838,987,0,0,0,0,0,0,0,0
989,1,940,0,0,0,0,0,0,0,0,0
990,2,931,815,0,0,0,0,0,0,0,0
991,2,837,975,0,0,0,0,0,0,0,0
992,2,993,940,0,0,0,0,0,0,0,0
993,2,994,992,0,0,0,0,0,0,0,0
994,2,995,993,0,0,0,0,0,0,0,0
995,2,996,994,0,0,0,0,0,0,0,0
996,2,936,995,0,0,0,0,0,0,0,0
997,2,998,506,0,0,0,0,0,0,0,0
998,2,999,997,0,0,0,0,0,0,0,0
999,2,1000,998,0,0,0,0,0,0,0,0
1000,2,1001,999,0,0,0,0,0,0,0,0
1001,2,1002,1000,0,0,0,0,0,0,0,0
1002,2,1003,1001,0,0,0,0,0,0,0,0
1003,2,1004,1002,0,0,0,0,0,0,0,0
1004,2,1005,1003,0,0,0,0,0,0,0,0
1005,2,1006,1004,0,0,0,0,0,0,0,0
1006,2,1007,1005,0,0,0,0,0,0,0,0
1007,2,1008,1006,0,0,0,0,0,0,0,0
1008,3,1108,1114,1007,0,0,0,0,0,0,0
1009,2,1010,703,0,0,0,0,0,0,0,0
1010,2,1011,1009,0,0,0,0,0,0,0,0
1011,2,976,1010,0,0,0,0,0,0,0,0
1012,2,836,926,0,0,0,0,0,0,0,0
1013,4,1014,931,1076,1069,0,0,0,0,0,0
1014,2,981,1013,0,0,0,0,0,0,0,0
1015,1,1015,0,0,0,0,0,0,0,0,0
1016,4,956,932,1045,1160,0,0,0,0,0,0
1017,3,974,977,1107,0,0,0,0,0,0,0
1018,4,1019,1047,1079,1107,0,0,0,0,0,0
1019,2,978,1018,0,0,0,0,0,0,0,0
1020,3,1046,1073,985,0,0,0,0,0,0,0
1021,2,1022,841,0,0,0,0,0,0,0,0
1022,2,1023,1021,0,0,0,0,0,0,0,0
1023,2,1024,1022,0,0,0,0,0,0,0,0
1024,2,1025,1023,0,0,0,0,0,0,0,0
1025,2,1026,1024,0,0,0,0,0,0,0,0
1026,2,1027,1025,0,0,0,0,0,0,0,0
1027,2,1028,1026,0,0,0,0,0,0,0,0
1028,2,1029,1027,0,0,0,0,0,0,0,0
1029,2,1030,1028,0,0,0,0,0,0,0,0
1030,2,1031,1029,0,0,0,0,0,0,0,0
1031,2,1032,1030,0,0,0,0,0,0,0,0
1032,2,1033,1031,0,0,0,0,0,0,0,0
1033,2,1034,1032,0,0,0,0,0,0,0,0
1034,2,1035,1033,0,0,0,0,0,0,0,0
1035,2,1036,1034,0,0,0,0,0,0,0,0
1036,2,1037,1035,0,0,0,0,0,0,0,0
1037,2,1038,1036,0,0,0,0,0,0,0,0
1038,2,1039,1037,0,0,0,0,0,0,0,0
1039,2,1040,1038,0,0,0,0,0,0,0,0
1040,3,1039,1098,1111,0,0,0,0,0,0,0
1041,3,979,981,1076,0,0,0,0,0,0,0
1042,4,1043,1064,1083,1104,0,0,0,0,0,0
1043,2,1044,1042,0,0,0,0,0,0,0,0
1044,2,832,1043,0,0,0,0,0,0,0,0
1045,4,935,1016,1072,1140,0,0,0,0,0,0
1046,1,1020,0,0,0,0,0,0,0,0,0
1047,3,1060,835,1018,0,0,0,0,0,0,0
1048,4,927,939,1015,1082,0,0,0,0,0,0
1049,3,903,1056,1179,0,0,0,0,0,0,0
1050,4,1051,1057,971,934,0,0,0,0,0,0
1051,2,927,1050,0,0,0,0,0,0,0,0
1052,3,828,973,1087,0,0,0,0,0,0,0
1053,2,1054,926,0,0,0,0,0,0,0,0
1054,1,1053,0,0,0,0,0,0,0,0,0
1055,3,935,1072,1074,0,0,0,0,0,0,0
1056,3,1049,928,1061,0,0,0,0,0,0,0
1057,2,1058,1050,0,0,0,0,0,0,0,0
1058,4,1082,1101,1057,1103,0,0,0,0,0,0
1059,3,983,1138,1203,0,0,0,0,0,0,0
1060,4,1047,985,1067,1105,0,0,0,0,0,0
1061,3,1056,972,1086,0,0,0,0,0,0,0
1062,3,932,972,1086,0,0,0,0,0,0,0
1063,1,1063,0,0,0,0,0,0,0,0,0
1064,3,952,1042,1088,0,0,0,0,0,0,0
1065,2,931,1063,0,0,0,0,0,0,0,0
1066,3,1106,986,1074,0,0,0,0,0,0,0
1067,4,1060,1085,1079,1133,0,0,0,0,0,0
1068,4,1069,1063,1137,1100,0,0,0,0,0,0
1069,2,1013,1068,0,0,0,0,0,0,0,0
1070,2,1071,971,0,0,0,0,0,0,0,0
1071,3,1177,1070,1173,0,0,0,0,0,0,0
1072,4,1055,1045,1113,1180,0,0,0,0,0,0
1073,3,1130,1184,1020,0,0,0,0,0,0,0
1074,4,1066,1113,1135,1055,0,0,0,0,0,0
1075,3,971,1102,1186,0,0,0,0,0,0,0
1076,4,1041,1137,1013,1099,0,0,0,0,0,0
1077,2,1078,986,0,0,0,0,0,0,0,0
1078,4,1081,1136,1077,1139,0,0,0,0,0,0
1079,2,1018,1067,0,0,0,0,0,0,0,0
1080,2,1081,976,0,0,0,0,0,0,0,0
1081,3,1080,1084,1078,0,0,0,0,0,0,0
1082,2,1048,1058,0,0,0,0,0,0,0,0
1083,3,1088,1231,1042,0,0,0,0,0,0,0
1084,4,1081,1099,1139,1166,0,0,0,0,0,0
1085,3,1131,1067,1132,0,0,0,0,0,0,0
1086,3,1062,1061,1157,0,0,0,0,0,0,0
1087,4,1100,1188,1052,1199,0,0,0,0,0,0
1088,2,1064,1083,0,0,0,0,0,0,0,0
1089,2,1090,1156,0,0,0,0,0,0,0,0
1090,2,1091,1089,0,0,0,0,0,0,0,0
1091,2,1092,1090,0,0,0,0,0,0,0,0
1092,2,1093,1091,0,0,0,0,0,0,0,0
1093,2,1094,1092,0,0,0,0,0,0,0,0
1094,2,1095,1093,0,0,0,0,0,0,0,0
1095,2,1096,1094,0,0,0,0,0,0,0,0
1096,2,1097,1095,0,0,0,0,0,0,0,0
1097,2,1098,1096,0,0,0,0,0,0,0,0
1098,2,1040,1097,0,0,0,0,0,0,0,0
1099,2,1076,1084,0,0,0,0,0,0,0,0
1100,4,1068,1196,973,1087,0,0,0,0,0,0
1101,2,1102,1058,0,0,0,0,0,0,0,0
1102,2,1075,1101,0,0,0,0,0,0,0,0
1103,3,1058,1015,1145,0,0,0,0,0,0,0
1104,3,983,1042,1203,0,0,0,0,0,0,0
1105,3,1060,1146,1112,0,0,0,0,0,0,0
1106,3,1144,1066,1135,0,0,0,0,0,0,0
1107,4,1017,1134,1173,1018,0,0,0,0,0,0
1108,2,1109,1008,0,0,0,0,0,0,0,0
1109,2,1110,1108,0,0,0,0,0,0,0,0
1110,2,1111,1109,0,0,0,0,0,0,0,0
1111,2,1040,1110,0,0,0,0,0,0,0,0
1112,3,1105,1133,1189,0,0,0,0,0,0,0
1113,4,1072,1217,1218,1074,0,0,0,0,0,0
1114,2,1115,1008,0,0,0,0,0,0,0,0
1115,2,1116,1114,0,0,0,0,0,0,0,0
1116,2,1117,1115,0,0,0,0,0,0,0,0
1117,2,1118,1116,0,0,0,0,0,0,0,0
1118,2,1119,1117,0,0,0,0,0,0,0,0
1119,2,1120,1118,0,0,0,0,0,0,0,0
1120,2,1121,1119,0,0,0,0,0,0,0,0
1121,2,1122,1120,0,0,0,0,0,0,0,0
1122,2,1123,1121,0,0,0,0,0,0,0,0
1123,2,1124,1122,0,0,0,0,0,0,0,0
1124,2,1125,1123,0,0,0,0,0,0,0,0
1125,2,1126,1124,0,0,0,0,0,0,0,0
1126,2,1127,1125,0,0,0,0,0,0,0,0
1127,2,1128,1126,0,0,0,0,0,0,0,0
1128,2,1129,1127,0,0,0,0,0,0,0,0
1129,1,1128,0,0,0,0,0,0,0,0,0
1130,2,1073,1161,0,0,0,0,0,0,0,0
1131,1,1085,0,0,0,0,0,0,0,0,0
1132,2,1085,1169,0,0,0,0,0,0,0,0
1133,2,1112,1067,0,0,0,0,0,0,0,0
1134,3,1194,1107,1167,0,0,0,0,0,0,0
1135,3,1106,1165,1074,0,0,0,0,0,0,0
1136,3,1172,1175,1078,0,0,0,0,0,0,0
1137,3,1068,1076,1166,0,0,0,0,0,0,0
1138,3,1187,1059,1249,0,0,0,0,0,0,0
1139,4,1078,1176,1172,1084,0,0,0,0,0,0
1140,2,1141,1045,0,0,0,0,0,0,0,0
1141,2,1142,1140,0,0,0,0,0,0,0,0
1142,2,1143,1141,0,0,0,0,0,0,0,0
1143,3,1219,1142,1211,0,0,0,0,0,0,0
1144,3,1106,1165,1175,0,0,0,0,0,0,0
1145,3,1103,1171,1178,0,0,0,0,0,0,0
1146,1,1105,0,0,0,0,0,0,0,0,0
1147,2,1148,1156,0,0,0,0,0,0,0,0
1148,2,1149,1147,0,0,0,0,0,0,0,0
1149,2,1150,1148,0,0,0,0,0,0,0,0
1150,2,1151,1149,0,0,0,0,0,0,0,0
1151,2,1152,1150,0,0,0,0,0,0,0,0
1152,2,1153,1151,0,0,0,0,0,0,0,0
1153,2,1154,1152,0,0,0,0,0,0,0,0
1154,2,1155,1153,0,0,0,0,0,0,0,0
1155,2,1174,1154,0,0,0,0,0,0,0,0
1156,2,1147,1089,0,0,0,0,0,0,0,0
1157,3,1158,1086,1179,0,0,0,0,0,0,0
1158,2,1159,1157,0,0,0,0,0,0,0,0
1159,2,1160,1158,0,0,0,0,0,0,0,0
1160,2,1016,1159,0,0,0,0,0,0,0,0
1161,3,1130,1181,922,0,0,0,0,0,0,0
1162,1,1163,0,0,0,0,0,0,0,0,0
1163,2,1164,1162,0,0,0,0,0,0,0,0
1164,2,1174,1163,0,0,0,0,0,0,0,0
1165,3,1144,1135,1226,0,0,0,0,0,0,0
1166,3,1137,1084,1196,0,0,0,0,0,0,0
1167,3,1168,1134,1214,0,0,0,0,0,0,0
1168,2,1169,1167,0,0,0,0,0,0,0,0
1169,3,1132,1197,1168,0,0,0,0,0,0,0
1170,5,1171,1186,1192,1177,1227,0,0,0,0,0
1171,2,1145,1170,0,0,0,0,0,0,0,0
1172,4,1136,1139,1191,1200,0,0,0,0,0,0
1173,3,1071,1225,1107,0,0,0,0,0,0,0
1174,2,1164,1155,0,0,0,0,0,0,0,0
1175,4,1144,1200,1136,1202,0,0,0,0,0,0
1176,3,1191,1139,1201,0,0,0,0,0,0,0
1177,2,1071,1170,0,0,0,0,0,0,0,0
1178,3,1145,1222,1242,0,0,0,0,0,0,0
1179,4,1049,1211,1157,1187,0,0,0,0,0,0
1180,3,1072,1219,1218,0,0,0,0,0,0,0
1181,2,1182,1161,0,0,0,0,0,0,0,0
1182,2,1183,1181,0,0,0,0,0,0,0,0
1183,1,1182,0,0,0,0,0,0,0,0,0
1184,2,1185,1073,0,0,0,0,0,0,0,0
1185,1,1184,0,0,0,0,0,0,0,0,0
1186,2,1075,1170,0,0,0,0,0,0,0,0
1187,4,1179,1138,1252,1341,0,0,0,0,0,0
1188,4,1087,1238,1196,1241,0,0,0,0,0,0
1189,3,1190,1112,1221,0,0,0,0,0,0,0
1190,3,1198,1220,1189,0,0,0,0,0,0,0
1191,3,1172,1176,1256,0,0,0,0,0,0,0
1192,2,1193,1170,0,0,0,0,0,0,0,0
1193,3,1239,1254,1192,0,0,0,0,0,0,0
1194,2,1195,1134,0,0,0,0,0,0,0,0
1195,4,1194,1225,1248,1274,0,0,0,0,0,0
1196,4,1188,1100,1166,1213,0,0,0,0,0,0
1197,3,1169,1206,1247,0,0,0,0,0,0,0
1198,1,1190,0,0,0,0,0,0,0,0,0
1199,3,1087,1241,1282,0,0,0,0,0,0,0
1200,4,1172,1175,1212,1216,0,0,0,0,0,0
1201,3,1176,1213,1255,0,0,0,0,0,0,0
1202,3,1175,1216,1226,0,0,0,0,0,0,0
1203,1,1203,0,0,0,0,0,0,0,0,0
1204,3,1207,949,1257,0,0,0,0,0,0,0
1205,3,1279,1283,949,0,0,0,0,0,0,0
1206,1,1197,0,0,0,0,0,0,0,0,0
1207,2,1208,1204,0,0,0,0,0,0,0,0
1208,2,1209,1207,0,0,0,0,0,0,0,0
1209,2,1210,1208,0,0,0,0,0,0,0,0
1210,1,1209,0,0,0,0,0,0,0,0,0
1211,4,1179,1143,1252,1264,0,0,0,0,0,0
1212,3,1200,1256,1267,0,0,0,0,0,0,0
1213,4,1238,1196,1284,1201,0,0,0,0,0,0
1214,2,1215,1167,0,0,0,0,0,0,0,0
1215,3,1269,1214,1307,0,0,0,0,0,0,0
1216,4,1200,1202,1270,1240,0,0,0,0,0,0
1217,3,1260,1113,1277,0,0,0,0,0,0,0
1218,3,1113,1180,1278,0,0,0,0,0,0,0
1219,3,1278,1143,1180,0,0,0,0,0,0,0
1220,3,1190,1228,1281,0,0,0,0,0,0,0
1221,3,1234,1261,1189,0,0,0,0,0,0,0
1222,2,1223,1178,0,0,0,0,0,0,0,0
1223,2,1224,1222,0,0,0,0,0,0,0,0
1224,4,1268,1223,1254,1301,0,0,0,0,0,0
1225,2,1195,1173,0,0,0,0,0,0,0,0
1226,5,1202,1165,1240,1250,1253,0,0,0,0,0
1227,3,1235,1170,1306,0,0,0,0,0,0,0
1228,2,1229,1220,0,0,0,0,0,0,0,0
1229,2,1230,1228,0,0,0,0,0,0,0,0
1230,3,1229,1265,1246,0,0,0,0,0,0,0
1231,2,1232,1083,0,0,0,0,0,0,0,0
1232,2,1233,1231,0,0,0,0,0,0,0,0
1233,2,1232,1429,0,0,0,0,0,0,0,0
1234,3,1299,1221,1244,0,0,0,0,0,0,0
1235,2,1236,1227,0,0,0,0,0,0,0,0
1236,2,1237,1235,0,0,0,0,0,0,0,0
1237,3,1236,1276,1292,0,0,0,0,0,0,0
1238,4,1188,1330,1213,1263,0,0,0,0,0,0
1239,3,1291,1268,1193,0,0,0,0,0,0,0
1240,4,1216,1304,1226,1300,0,0,0,0,0,0
1241,3,1188,1321,1199,0,0,0,0,0,0,0
1242,2,1243,1178,0,0,0,0,0,0,0,0
1243,4,1301,1342,1348,1242,0,0,0,0,0,0
1244,4,1245,1234,1350,1305,0,0,0,0,0,0
1245,2,922,1244,0,0,0,0,0,0,0,0
1246,4,1247,1230,1273,1310,0,0,0,0,0,0
1247,2,1197,1246,0,0,0,0,0,0,0,0
1248,2,1195,1276,0,0,0,0,0,0,0,0
1249,4,1138,1275,1362,1363,0,0,0,0,0,0
1250,2,1251,1226,0,0,0,0,0,0,0,0
1251,4,1253,1304,1298,1250,0,0,0,0,0,0
1252,4,1187,1308,1211,1335,0,0,0,0,0,0
1253,3,1226,1271,1251,0,0,0,0,0,0,0
1254,2,1224,1193,0,0,0,0,0,0,0,0
1255,2,1266,1201,0,0,0,0,0,0,0,0
1256,2,1191,1212,0,0,0,0,0,0,0,0
1257,3,1258,1204,1331,0,0,0,0,0,0,0
1258,2,1259,1257,0,0,0,0,0,0,0,0
1259,3,1302,1258,1324,0,0,0,0,0,0,0
1260,3,1217,1278,1329,0,0,0,0,0,0,0
1261,2,1262,1221,0,0,0,0,0,0,0,0
1262,3,1299,1261,1368,0,0,0,0,0,0,0
1263,3,1238,1312,1337,0,0,0,0,0,0,0
1264,3,1211,1278,1385,0,0,0,0,0,0,0
1265,1,1230,0,0,0,0,0,0,0,0,0
1266,3,1267,1255,1285,0,0,0,0,0,0,0
1267,3,1266,1270,1212,0,0,0,0,0,0,0
1268,3,1224,1294,1239,0,0,0,0,0,0,0
1269,3,1272,1215,1289,0,0,0,0,0,0,0
1270,3,1267,1216,1300,0,0,0,0,0,0,0
1271,3,1253,1297,1298,0,0,0,0,0,0,0
1272,2,1273,1269,0,0,0,0,0,0,0,0
1273,2,1246,1272,0,0,0,0,0,0,0,0
1274,3,1195,1293,1323,0,0,0,0,0,0,0
1275,2,1203,1249,0,0,0,0,0,0,0,0
1276,2,1237,1248,0,0,0,0,0,0,0,0
1277,3,1217,1290,1329,0,0,0,0,0,0,0
1278,4,1218,1260,1264,1219,0,0,0,0,0,0
1279,3,1336,1205,1328,0,0,0,0,0,0,0
1280,1,1281,0,0,0,0,0,0,0,0,0
1281,2,1220,1280,0,0,0,0,0,0,0,0
1282,3,1199,1316,1342,0,0,0,0,0,0,0
1283,3,1295,1205,1305,0,0,0,0,0,0,0
1284,4,1330,1213,1285,1434,0,0,0,0,0,0
1285,4,1266,1284,1383,1300,0,0,0,0,0,0
1286,3,1287,1371,1307,0,0,0,0,0,0,0
1287,2,1288,1286,0,0,0,0,0,0,0,0
1288,2,1289,1287,0,0,0,0,0,0,0,0
1289,2,1269,1288,0,0,0,0,0,0,0,0
1290,3,1277,1313,1297,0,0,0,0,0,0,0
1291,2,1239,1356,0,0,0,0,0,0,0,0
1292,3,1293,1237,1317,0,0,0,0,0,0,0
1293,2,1274,1292,0,0,0,0,0,0,0,0
1294,3,1268,1315,1319,0,0,0,0,0,0,0
1295,2,1296,1283,0,0,0,0,0,0,0,0
1296,3,1336,1295,1360,0,0,0,0,0,0,0
1297,3,1290,1271,1320,0,0,0,0,0,0,0
1298,4,1364,1271,1251,1320,0,0,0,0,0,0
1299,3,1234,1262,1351,0,0,0,0,0,0,0
1300,4,1270,1240,1285,1311,0,0,0,0,0,0
1301,2,1224,1243,0,0,0,0,0,0,0,0
1302,2,1303,1259,0,0,0,0,0,0,0,0
1303,3,1302,1324,1344,0,0,0,0,0,0,0
1304,4,1311,1240,1251,1364,0,0,0,0,0,0
1305,4,1283,1318,1244,1390,0,0,0,0,0,0
1306,4,1227,1317,1356,1448,0,0,0,0,0,0
1307,3,1215,1286,1322,0,0,0,0,0,0,0
1308,2,1252,1361,0,0,0,0,0,0,0,0
1309,1,1310,0,0,0,0,0,0,0,0,0
1310,2,1246,1309,0,0,0,0,0,0,0,0
1311,3,1304,1300,1375,0,0,0,0,0,0,0
1312,1,1312,0,0,0,0,0,0,0,0,0
1313,3,1290,1352,1346,0,0,0,0,0,0,0
1314,3,1315,1347,1376,0,0,0,0,0,0,0
1315,2,1294,1314,0,0,0,0,0,0,0,0
1316,3,1282,1349,1321,0,0,0,0,0,0,0
1317,4,1292,1381,1353,1306,0,0,0,0,0,0
1318,2,1387,1305,0,0,0,0,0,0,0,0
1319,2,1294,1356,0,0,0,0,0,0,0,0
1320,4,1297,1298,1384,1346,0,0,0,0,0,0
1321,2,1316,1241,0,0,0,0,0,0,0,0
1322,2,1323,1307,0,0,0,0,0,0,0,0
1323,4,1274,1345,1322,1357,0,0,0,0,0,0
1324,3,1303,1259,1359,0,0,0,0,0,0,0
1325,3,1326,1336,1374,0,0,0,0,0,0,0
1326,2,1327,1325,0,0,0,0,0,0,0,0
1327,2,1328,1326,0,0,0,0,0,0,0,0
1328,2,1279,1327,0,0,0,0,0,0,0,0
1329,3,1277,1260,1382,0,0,0,0,0,0,0
1330,4,1430,1238,1284,1395,0,0,0,0,0,0
1331,3,1257,1358,1394,0,0,0,0,0,0,0
1332,3,1333,1338,1450,0,0,0,0,0,0,0
1333,1,1333,0,0,0,0,0,0,0,0,0
1334,2,1335,1333,0,0,0,0,0,0,0,0
1335,2,1252,1334,0,0,0,0,0,0,0,0
1336,3,1279,1296,1325,0,0,0,0,0,0,0
1337,2,1263,1354,0,0,0,0,0,0,0,0
1338,4,1339,1362,1439,1332,0,0,0,0,0,0
1339,2,1340,1338,0,0,0,0,0,0,0,0
1340,2,1341,1339,0,0,0,0,0,0,0,0
1341,2,1187,1340,0,0,0,0,0,0,0,0
1342,2,1282,1243,0,0,0,0,0,0,0,0
1343,1,1344,0,0,0,0,0,0,0,0,0
1344,2,1303,1343,0,0,0,0,0,0,0,0
1345,3,1323,1406,1407,0,0,0,0,0,0,0
1346,4,1313,1320,1398,1388,0,0,0,0,0,0
1347,3,1391,1314,1408,0,0,0,0,0,0,0
1348,2,1349,1243,0,0,0,0,0,0,0,0
1349,3,1348,1316,1397,0,0,0,0,0,0,0
1350,3,1351,1244,1413,0,0,0,0,0,0,0
1351,2,1299,1350,0,0,0,0,0,0,0,0
1352,3,1313,1373,1398,0,0,0,0,0,0,0
1353,2,1317,1355,0,0,0,0,0,0,0,0
1354,3,1337,1370,1401,0,0,0,0,0,0,0
1355,2,1353,1357,0,0,0,0,0,0,0,0
1356,4,1319,1291,1376,1306,0,0,0,0,0,0
1357,2,1355,1323,0,0,0,0,0,0,0,0
1358,3,1359,1331,1426,0,0,0,0,0,0,0
1359,2,1324,1358,0,0,0,0,0,0,0,0
1360,3,1296,1380,1374,0,0,0,0,0,0,0
1361,3,1308,1399,1423,0,0,0,0,0,0,0
1362,3,1431,1249,1338,0,0,0,0,0,0,0
1363,2,1249,1454,0,0,0,0,0,0,0,0
1364,4,1304,1384,1298,1375,0,0,0,0,0,0
1365,3,1366,1447,1413,0,0,0,0,0,0,0
1366,2,1367,1365,0,0,0,0,0,0,0,0
1367,2,1368,1366,0,0,0,0,0,0,0,0
1368,2,1262,1367,0,0,0,0,0,0,0,0
1369,1,1369,0,0,0,0,0,0,0,0,0
1370,2,1369,1354,0,0,0,0,0,0,0,0
1371,2,1372,1286,0,0,0,0,0,0,0,0
1372,3,1447,1414,1371,0,0,0,0,0,0,0
1373,4,1352,1382,1415,1385,0,0,0,0,0,0
1374,3,1325,1360,1396,0,0,0,0,0,0,0
1375,4,1364,1311,1425,1383,0,0,0,0,0,0
1376,3,1356,1314,1393,0,0,0,0,0,0,0
1377,4,1378,1387,1418,1444,0,0,0,0,0,0
1378,2,1379,1377,0,0,0,0,0,0,0,0
1379,2,1380,1378,0,0,0,0,0,0,0,0
1380,2,1360,1379,0,0,0,0,0,0,0,0
1381,3,1407,1421,1317,0,0,0,0,0,0,0
1382,2,1329,1373,0,0,0,0,0,0,0,0
1383,3,1375,1285,1433,0,0,0,0,0,0,0
1384,4,1425,1364,1320,1388,0,0,0,0,0,0
1385,3,1264,1373,1400,0,0,0,0,0,0,0
1386,2,1312,1395,0,0,0,0,0,0,0,0
1387,3,1417,1318,1377,0,0,0,0,0,0,0
1388,4,1384,1346,1446,1435,0,0,0,0,0,0
1389,4,1390,1481,1485,1413,0,0,0,0,0,0
1390,2,1305,1389,0,0,0,0,0,0,0,0
1391,2,1392,1347,0,0,0,0,0,0,0,0
1392,2,1393,1391,0,0,0,0,0,0,0,0
1393,2,1376,1392,0,0,0,0,0,0,0,0
1394,1,1331,0,0,0,0,0,0,0,0,0
1395,4,1330,1386,1437,1453,0,0,0,0,0,0
1396,3,1427,1374,1419,0,0,0,0,0,0,0
1397,4,1349,1408,1422,1467,0,0,0,0,0,0
1398,4,1352,1446,1416,1346,0,0,0,0,0,0
1399,2,1400,1361,0,0,0,0,0,0,0,0
1400,3,1432,1385,1399,0,0,0,0,0,0,0
1401,2,1402,1354,0,0,0,0,0,0,0,0
1402,4,1405,1449,1401,1410,0,0,0,0,0,0
1403,4,1404,1409,1411,1424,0,0,0,0,0,0
1404,1,1404,0,0,0,0,0,0,0,0,0
1405,3,1404,1424,1402,0,0,0,0,0,0,0
1406,3,1345,1414,1420,0,0,0,0,0,0,0
1407,2,1345,1381,0,0,0,0,0,0,0,0
1408,2,1347,1397,0,0,0,0,0,0,0,0
1409,2,1312,1403,0,0,0,0,0,0,0,0
1410,3,1402,1477,1493,0,0,0,0,0,0,0
1411,2,1412,1403,0,0,0,0,0,0,0,0
1412,3,1411,1424,1438,0,0,0,0,0,0,0
1413,4,1350,1365,1518,1389,0,0,0,0,0,0
1414,3,1406,1372,1475,0,0,0,0,0,0,0
1415,2,1416,1373,0,0,0,0,0,0,0,0
1416,4,1462,1415,1398,1494,0,0,0,0,0,0
1417,2,1387,1482,0,0,0,0,0,0,0,0
1418,4,1419,1463,1479,1377,0,0,0,0,0,0
1419,2,1396,1418,0,0,0,0,0,0,0,0
1420,2,1421,1406,0,0,0,0,0,0,0,0
1421,3,1471,1420,1381,0,0,0,0,0,0,0
1422,4,1397,1369,1455,1456,0,0,0,0,0,0
1423,4,1552,1361,1452,1442,0,0,0,0,0,0
1424,4,1405,1443,1412,1403,0,0,0,0,0,0
1425,3,1375,1384,1436,0,0,0,0,0,0,0
1426,3,1358,1476,1495,0,0,0,0,0,0,0
1427,1,1396,0,0,0,0,0,0,0,0,0
1428,3,1429,1469,1486,0,0,0,0,0,0,0
1429,2,1233,1428,0,0,0,0,0,0,0,0
1430,4,1547,1330,1434,1598,0,0,0,0,0,0
1431,3,1530,1362,1454,0,0,0,0,0,0,0
1432,3,1492,1400,1494,0,0,0,0,0,0,0
1433,4,1383,1435,1434,1525,0,0,0,0,0,0
1434,4,1284,1430,1433,1603,0,0,0,0,0,0
1435,4,1436,1489,1388,1433,0,0,0,0,0,0
1436,2,1425,1435,0,0,0,0,0,0,0,0
1437,2,1438,1395,0,0,0,0,0,0,0,0
1438,4,1459,1468,1412,1437,0,0,0,0,0,0
1439,2,1440,1338,0,0,0,0,0,0,0,0
1440,2,1441,1439,0,0,0,0,0,0,0,0
1441,2,1442,1440,0,0,0,0,0,0,0,0
1442,4,1423,1504,1580,1441,0,0,0,0,0,0
1443,3,1424,1449,1459,0,0,0,0,0,0,0
1444,2,1445,1377,0,0,0,0,0,0,0,0
1445,3,1444,1464,1512,0,0,0,0,0,0,0
1446,3,1462,1388,1398,0,0,0,0,0,0,0
1447,2,1365,1372,0,0,0,0,0,0,0,0
1448,4,1306,1465,1499,1537,0,0,0,0,0,0
1449,2,1443,1402,0,0,0,0,0,0,0,0
1450,2,1451,1332,0,0,0,0,0,0,0,0
1451,2,1452,1450,0,0,0,0,0,0,0,0
1452,2,1423,1451,0,0,0,0,0,0,0,0
1453,3,1395,1461,1468,0,0,0,0,0,0,0
1454,3,1363,1470,1431,0,0,0,0,0,0,0
1455,2,1422,1478,0,0,0,0,0,0,0,0
1456,2,1457,1422,0,0,0,0,0,0,0,0
1457,2,1458,1456,0,0,0,0,0,0,0,0
1458,2,1457,1546,0,0,0,0,0,0,0,0
1459,4,1443,1516,1517,1438,0,0,0,0,0,0
1460,4,1461,1490,1511,1555,0,0,0,0,0,0
1461,2,1453,1460,0,0,0,0,0,0,0,0
1462,3,1489,1416,1446,0,0,0,0,0,0,0
1463,2,1464,1418,0,0,0,0,0,0,0,0
1464,3,1445,1463,1507,0,0,0,0,0,0,0
1465,2,1466,1448,0,0,0,0,0,0,0,0
1466,2,1467,1465,0,0,0,0,0,0,0,0
1467,2,1397,1466,0,0,0,0,0,0,0,0
1468,3,1453,1490,1438,0,0,0,0,0,0,0
1469,2,1470,1428,0,0,0,0,0,0,0,0
1470,2,1469,1454,0,0,0,0,0,0,0,0
1471,3,1472,1483,1421,0,0,0,0,0,0,0
1472,2,1473,1471,0,0,0,0,0,0,0,0
1473,2,1474,1472,0,0,0,0,0,0,0,0
1474,2,1475,1473,0,0,0,0,0,0,0,0
1475,2,1414,1474,0,0,0,0,0,0,0,0
1476,3,1480,1503,1426,0,0,0,0,0,0,0
1477,4,1410,1478,1484,1491,0,0,0,0,0,0
1478,2,1455,1477,0,0,0,0,0,0,0,0
1479,3,1508,1418,1488,0,0,0,0,0,0,0
1480,3,1569,1570,1476,0,0,0,0,0,0,0
1481,2,1389,1498,0,0,0,0,0,0,0,0
1482,3,1417,1498,1524,0,0,0,0,0,0,0
1483,1,1471,0,0,0,0,0,0,0,0,0
1484,3,1542,1550,1477,0,0,0,0,0,0,0
1485,2,1389,1515,0,0,0,0,0,0,0,0
1486,2,1487,1428,0,0,0,0,0,0,0,0
1487,2,1486,1651,0,0,0,0,0,0,0,0
1488,4,1479,1503,1534,1497,0,0,0,0,0,0
1489,3,1435,1462,1539,0,0,0,0,0,0,0
1490,2,1460,1468,0,0,0,0,0,0,0,0
1491,3,1501,1554,1477,0,0,0,0,0,0,0
1492,3,1549,1432,1526,0,0,0,0,0,0,0
1493,3,1410,1517,1556,0,0,0,0,0,0,0
1494,3,1432,1416,1513,0,0,0,0,0,0,0
1495,2,1496,1426,0,0,0,0,0,0,0,0
1496,2,1497,1495,0,0,0,0,0,0,0,0
1497,2,1488,1496,0,0,0,0,0,0,0,0
1498,3,1482,1481,1559,0,0,0,0,0,0,0
1499,2,1500,1448,0,0,0,0,0,0,0,0
1500,2,1499,1523,0,0,0,0,0,0,0,0
1501,3,1502,1551,1491,0,0,0,0,0,0,0
1502,3,1533,1501,1565,0,0,0,0,0,0,0
1503,4,1561,1488,1476,1570,0,0,0,0,0,0
1504,2,1505,1442,0,0,0,0,0,0,0,0
1505,2,1506,1504,0,0,0,0,0,0,0,0
1506,3,1575,1505,1531,0,0,0,0,0,0,0
1507,2,1464,1571,0,0,0,0,0,0,0,0
1508,1,1508,0,0,0,0,0,0,0,0,0
1509,2,1508,1597,0,0,0,0,0,0,0,0
1510,1,1510,0,0,0,0,0,0,0,0,0
1511,2,1460,1510,0,0,0,0,0,0,0,0
1512,3,1445,1524,1568,0,0,0,0,0,0,0
1513,3,1526,1494,1541,0,0,0,0,0,0,0
1514,2,1515,1545,0,0,0,0,0,0,0,0
1515,2,1485,1514,0,0,0,0,0,0,0,0
1516,2,1510,1459,0,0,0,0,0,0,0,0
1517,2,1493,1459,0,0,0,0,0,0,0,0
1518,2,1519,1413,0,0,0,0,0,0,0,0
1519,2,1520,1518,0,0,0,0,0,0,0,0
1520,2,1521,1519,0,0,0,0,0,0,0,0
1521,2,1522,1520,0,0,0,0,0,0,0,0
1522,2,1523,1521,0,0,0,0,0,0,0,0
1523,2,1500,1522,0,0,0,0,0,0,0,0
1524,3,1512,1482,1562,0,0,0,0,0,0,0
1525,3,1563,1609,1433,0,0,0,0,0,0,0
1526,3,1492,1621,1513,0,0,0,0,0,0,0
1527,2,1528,1532,0,0,0,0,0,0,0,0
1528,2,1529,1527,0,0,0,0,0,0,0,0
1529,2,1528,1538,0,0,0,0,0,0,0,0
1530,2,1531,1431,0,0,0,0,0,0,0,0
1531,2,1506,1530,0,0,0,0,0,0,0,0
1532,2,1544,1527,0,0,0,0,0,0,0,0
1533,1,1502,0,0,0,0,0,0,0,0,0
1534,2,1535,1488,0,0,0,0,0,0,0,0
1535,2,1536,1534,0,0,0,0,0,0,0,0
1536,3,1561,1535,1629,0,0,0,0,0,0,0
1537,4,1538,1546,1601,1448,0,0,0,0,0,0
1538,2,1529,1537,0,0,0,0,0,0,0,0
1539,3,1540,1489,1563,0,0,0,0,0,0,0
1540,2,1541,1539,0,0,0,0,0,0,0,0
1541,2,1513,1540,0,0,0,0,0,0,0,0
1542,2,1543,1484,0,0,0,0,0,0,0,0
1543,3,1599,1542,1554,0,0,0,0,0,0,0
1544,2,1545,1532,0,0,0,0,0,0,0,0
1545,2,1544,1514,0,0,0,0,0,0,0,0
1546,2,1458,1537,0,0,0,0,0,0,0,0
1547,2,1548,1430,0,0,0,0,0,0,0,0
1548,3,1555,1566,1547,0,0,0,0,0,0,0
1549,2,1595,1492,0,0,0,0,0,0,0,0
1550,2,1567,1484,0,0,0,0,0,0,0,0
1551,3,1572,1501,1564,0,0,0,0,0,0,0
1552,2,1553,1423,0,0,0,0,0,0,0,0
1553,3,1594,1616,1552,0,0,0,0,0,0,0
1554,2,1543,1491,0,0,0,0,0,0,0,0
1555,2,1460,1548,0,0,0,0,0,0,0,0
1556,2,1493,1567,0,0,0,0,0,0,0,0
1557,3,1558,1590,1630,0,0,0,0,0,0,0
1558,2,1557,1564,0,0,0,0,0,0,0,0
1559,3,1560,1586,1498,0,0,0,0,0,0,0
1560,2,1559,1604,0,0,0,0,0,0,0,0
1561,4,1503,1536,1623,1653,0,0,0,0,0,0
1562,4,1593,1579,1524,1626,0,0,0,0,0,0
1563,2,1539,1525,0,0,0,0,0,0,0,0
1564,3,1558,1551,1625,0,0,0,0,0,0,0
1565,3,1502,1638,1589,0,0,0,0,0,0,0
1566,3,1624,1548,1510,0,0,0,0,0,0,0
1567,3,1587,1550,1556,0,0,0,0,0,0,0
1568,4,1512,1571,1578,1592,0,0,0,0,0,0
1569,3,1574,1480,1620,0,0,0,0,0,0,0
1570,4,1503,1573,1618,1480,0,0,0,0,0,0
1571,2,1507,1568,0,0,0,0,0,0,0,0
1572,2,1551,1589,0,0,0,0,0,0,0,0
1573,2,1574,1570,0,0,0,0,0,0,0,0
1574,4,1634,1573,1569,1639,0,0,0,0,0,0
1575,2,1576,1506,0,0,0,0,0,0,0,0
1576,2,1577,1575,0,0,0,0,0,0,0,0
1577,1,1576,0,0,0,0,0,0,0,0,0
1578,2,1579,1568,0,0,0,0,0,0,0,0
1579,4,1606,1578,1562,1662,0,0,0,0,0,0
1580,2,1581,1442,0,0,0,0,0,0,0,0
1581,2,1582,1580,0,0,0,0,0,0,0,0
1582,2,1583,1581,0,0,0,0,0,0,0,0
1583,2,1584,1582,0,0,0,0,0,0,0,0
1584,2,1585,1583,0,0,0,0,0,0,0,0
1585,3,1584,1660,1699,0,0,0,0,0,0,0
1586,3,1626,1559,1613,0,0,0,0,0,0,0
1587,2,1588,1567,0,0,0,0,0,0,0,0
1588,3,1600,1646,1587,0,0,0,0,0,0,0
1589,3,1572,1607,1565,0,0,0,0,0,0,0
1590,2,1591,1557,0,0,0,0,0,0,0,0
1591,3,1614,1590,1610,0,0,0,0,0,0,0
1592,4,1596,1605,1611,1568,0,0,0,0,0,0
1593,1,1562,0,0,0,0,0,0,0,0,0
1594,2,1595,1553,0,0,0,0,0,0,0,0
1595,3,1594,1549,1608,0,0,0,0,0,0,0
1596,2,1597,1592,0,0,0,0,0,0,0,0
1597,2,1509,1596,0,0,0,0,0,0,0,0
1598,4,1430,1661,1603,1718,0,0,0,0,0,0
1599,2,1600,1543,0,0,0,0,0,0,0,0
1600,3,1599,1615,1588,0,0,0,0,0,0,0
1601,2,1602,1537,0,0,0,0,0,0,0,0
1602,3,1648,1601,1665,0,0,0,0,0,0,0
1603,4,1434,1640,1598,1609,0,0,0,0,0,0
1604,2,1560,1612,0,0,0,0,0,0,0,0
1605,2,1606,1592,0,0,0,0,0,0,0,0
1606,3,1605,1636,1579,0,0,0,0,0,0,0
1607,3,1589,1642,1645,0,0,0,0,0,0,0
1608,3,1595,1622,1663,0,0,0,0,0,0,0
1609,2,1603,1525,0,0,0,0,0,0,0,0
1610,3,1591,1631,1641,0,0,0,0,0,0,0
1611,3,1636,1592,1627,0,0,0,0,0,0,0
1612,3,1613,1604,1644,0,0,0,0,0,0,0
1613,2,1586,1612,0,0,0,0,0,0,0,0
1614,4,1643,1641,1591,1630,0,0,0,0,0,0
1615,1,1600,0,0,0,0,0,0,0,0,0
1616,2,1617,1553,0,0,0,0,0,0,0,0
1617,2,1660,1616,0,0,0,0,0,0,0,0
1618,4,1570,1633,1623,1634,0,0,0,0,0,0
1619,3,1620,1639,1647,0,0,0,0,0,0,0
1620,2,1569,1619,0,0,0,0,0,0,0,0
1621,2,1622,1526,0,0,0,0,0,0,0,0
1622,2,1608,1621,0,0,0,0,0,0,0,0
1623,3,1561,1618,1637,0,0,0,0,0,0,0
1624,2,1566,1646,0,0,0,0,0,0,0,0
1625,4,1645,1564,1656,1658,0,0,0,0,0,0
1626,2,1562,1586,0,0,0,0,0,0,0,0
1627,3,1628,1635,1611,0,0,0,0,0,0,0
1628,2,1629,1627,0,0,0,0,0,0,0,0
1629,2,1536,1628,0,0,0,0,0,0,0,0
1630,2,1614,1557,0,0,0,0,0,0,0,0
1631,2,1632,1610,0,0,0,0,0,0,0,0
1632,3,1667,1631,1676,0,0,0,0,0,0,0
1633,3,1618,1654,1675,0,0,0,0,0,0,0
1634,4,1618,1694,1574,1668,0,0,0,0,0,0
1635,3,1652,1627,1637,0,0,0,0,0,0,0
1636,2,1606,1611,0,0,0,0,0,0,0,0
1637,3,1623,1635,1675,0,0,0,0,0,0,0
1638,3,1671,1565,1646,0,0,0,0,0,0,0
1639,4,1574,1677,1678,1619,0,0,0,0,0,0
1640,2,1603,1713,0,0,0,0,0,0,0,0
1641,3,1610,1614,1659,0,0,0,0,0,0,0
1642,3,1607,1671,1656,0,0,0,0,0,0,0
1643,3,1669,1614,1659,0,0,0,0,0,0,0
1644,3,1612,1648,1655,0,0,0,0,0,0,0
1645,2,1607,1625,0,0,0,0,0,0,0,0
1646,3,1624,1638,1588,0,0,0,0,0,0,0
1647,2,1619,1666,0,0,0,0,0,0,0,0
1648,2,1644,1602,0,0,0,0,0,0,0,0
1649,3,1650,1709,1768,0,0,0,0,0,0,0
1650,2,1651,1649,0,0,0,0,0,0,0,0
1651,2,1487,1650,0,0,0,0,0,0,0,0
1652,2,1653,1635,0,0,0,0,0,0,0,0
1653,2,1561,1652,0,0,0,0,0,0,0,0
1654,3,1633,1668,1681,0,0,0,0,0,0,0
1655,4,1644,1664,1662,1691,0,0,0,0,0,0
1656,3,1625,1670,1642,0,0,0,0,0,0,0
1657,3,1658,1669,1688,0,0,0,0,0,0,0
1658,2,1625,1657,0,0,0,0,0,0,0,0
1659,4,1643,1641,1667,1693,0,0,0,0,0,0
1660,4,1663,1585,1617,1775,0,0,0,0,0,0
1661,1,1661,0,0,0,0,0,0,0,0,0
1662,3,1579,1655,1711,0,0,0,0,0,0,0
1663,2,1608,1660,0,0,0,0,0,0,0,0
1664,2,1665,1655,0,0,0,0,0,0,0,0
1665,2,1602,1664,0,0,0,0,0,0,0,0
1666,3,1647,1672,1717,0,0,0,0,0,0,0
1667,3,1680,1659,1632,0,0,0,0,0,0,0
1668,3,1654,1634,1683,0,0,0,0,0,0,0
1669,3,1685,1657,1643,0,0,0,0,0,0,0
1670,3,1656,1684,1719,0,0,0,0,0,0,0
1671,3,1642,1638,1708,0,0,0,0,0,0,0
1672,2,1673,1666,0,0,0,0,0,0,0,0
1673,2,1674,1672,0,0,0,0,0,0,0,0
1674,1,1673,0,0,0,0,0,0,0,0,0
1675,4,1637,1633,1681,1725,0,0,0,0,0,0
1676,3,1632,1695,1690,0,0,0,0,0,0,0
1677,3,1679,1682,1639,0,0,0,0,0,0,0
1678,3,1694,1639,1682,0,0,0,0,0,0,0
1679,3,1730,1677,1722,0,0,0,0,0,0,0
1680,3,1667,1700,1701,0,0,0,0,0,0,0
1681,3,1654,1675,1714,0,0,0,0,0,0,0
1682,3,1678,1730,1677,0,0,0,0,0,0,0
1683,3,1668,1712,1703,0,0,0,0,0,0,0
1684,4,1670,1688,1729,1696,0,0,0,0,0,0
1685,3,1669,1696,1693,0,0,0,0,0,0,0
1686,2,1687,1661,0,0,0,0,0,0,0,0
1687,3,1707,1686,1719,0,0,0,0,0,0,0
1688,2,1684,1657,0,0,0,0,0,0,0,0
1689,3,1690,1710,1692,0,0,0,0,0,0,0
1690,2,1676,1689,0,0,0,0,0,0,0,0
1691,2,1692,1655,0,0,0,0,0,0,0,0
1692,3,1732,1691,1689,0,0,0,0,0,0,0
1693,3,1706,1685,1659,0,0,0,0,0,0,0
1694,4,1678,1634,1704,1712,0,0,0,0,0,0
1695,2,1676,1701,0,0,0,0,0,0,0,0
1696,4,1685,1684,1726,1733,0,0,0,0,0,0
1697,3,1698,1763,1854,0,0,0,0,0,0,0
1698,2,1699,1697,0,0,0,0,0,0,0,0
1699,2,1585,1698,0,0,0,0,0,0,0,0
1700,1,1700,0,0,0,0,0,0,0,0,0
1701,3,1702,1695,1680,0,0,0,0,0,0,0
1702,3,1701,1723,1739,0,0,0,0,0,0,0
1703,4,1683,1714,1743,1756,0,0,0,0,0,0
1704,3,1694,1736,1746,0,0,0,0,0,0,0
1705,1,1700,0,0,0,0,0,0,0,0,0
1706,3,1693,1726,1727,0,0,0,0,0,0,0
1707,2,1708,1687,0,0,0,0,0,0,0,0
1708,2,1671,1707,0,0,0,0,0,0,0,0
1709,2,1649,1781,0,0,0,0,0,0,0,0
1710,2,1720,1689,0,0,0,0,0,0,0,0
1711,3,1662,1734,1737,0,0,0,0,0,0,0
1712,3,1694,1683,1731,0,0,0,0,0,0,0
1713,3,1640,1812,1718,0,0,0,0,0,0,0
1714,3,1681,1703,1751,0,0,0,0,0,0,0
1715,3,1716,1722,1783,0,0,0,0,0,0,0
1716,2,1717,1715,0,0,0,0,0,0,0,0
1717,2,1666,1716,0,0,0,0,0,0,0,0
1718,4,1598,1713,1777,1787,0,0,0,0,0,0
1719,3,1670,1687,1740,0,0,0,0,0,0,0
1720,3,1721,1724,1710,0,0,0,0,0,0,0
1721,1,1720,0,0,0,0,0,0,0,0,0
1722,4,1679,1760,1762,1715,0,0,0,0,0,0
1723,3,1724,1702,1752,0,0,0,0,0,0,0
1724,2,1720,1723,0,0,0,0,0,0,0,0
1725,3,1675,1780,1770,0,0,0,0,0,0,0
1726,4,1706,1696,1750,1769,0,0,0,0,0,0
1727,3,1706,1750,1738,0,0,0,0,0,0,0
1728,2,1729,1742,0,0,0,0,0,0,0,0
1729,2,1684,1728,0,0,0,0,0,0,0,0
1730,3,1679,1682,1736,0,0,0,0,0,0,0
1731,2,1712,1743,0,0,0,0,0,0,0,0
1732,2,1692,1735,0,0,0,0,0,0,0,0
1733,2,1696,1748,0,0,0,0,0,0,0,0
1734,3,1758,1711,1735,0,0,0,0,0,0,0
1735,3,1732,1734,1761,0,0,0,0,0,0,0
1736,4,1730,1704,1762,1749,0,0,0,0,0,0
1737,3,1711,1757,1770,0,0,0,0,0,0,0
1738,4,1739,1727,1754,1801,0,0,0,0,0,0
1739,2,1702,1738,0,0,0,0,0,0,0,0
1740,2,1741,1719,0,0,0,0,0,0,0,0
1741,3,1742,1740,1759,0,0,0,0,0,0,0
1742,2,1728,1741,0,0,0,0,0,0,0,0
1743,4,1703,1731,1802,1747,0,0,0,0,0,0
1744,2,1745,1747,0,0,0,0,0,0,0,0
1745,2,1746,1744,0,0,0,0,0,0,0,0
1746,2,1704,1745,0,0,0,0,0,0,0,0
1747,4,1743,1744,1778,1811,0,0,0,0,0,0
1748,1,1733,0,0,0,0,0,0,0,0,0
1749,1,1736,0,0,0,0,0,0,0,0,0
1750,3,1726,1727,1784,0,0,0,0,0,0,0
1751,1,1714,0,0,0,0,0,0,0,0,0
1752,3,1723,1797,1753,0,0,0,0,0,0,0
1753,3,1754,1752,1795,0,0,0,0,0,0,0
1754,3,1738,1753,1782,0,0,0,0,0,0,0
1755,4,1756,1776,1843,1802,0,0,0,0,0,0
1756,2,1703,1755,0,0,0,0,0,0,0,0
1757,3,1758,1737,1785,0,0,0,0,0,0,0
1758,3,1757,1734,1805,0,0,0,0,0,0,0
1759,3,1741,1769,1796,0,0,0,0,0,0,0
1760,3,1786,1794,1722,0,0,0,0,0,0,0
1761,1,1735,0,0,0,0,0,0,0,0,0
1762,4,1736,1722,1792,1794,0,0,0,0,0,0
1763,2,1764,1697,0,0,0,0,0,0,0,0
1764,2,1765,1763,0,0,0,0,0,0,0,0
1765,2,1764,1842,0,0,0,0,0,0,0,0
1766,3,1767,1847,1870,0,0,0,0,0,0,0
1767,2,1768,1766,0,0,0,0,0,0,0,0
1768,2,1649,1767,0,0,0,0,0,0,0,0
1769,2,1726,1759,0,0,0,0,0,0,0,0
1770,3,1737,1776,1725,0,0,0,0,0,0,0
1771,1,1771,0,0,0,0,0,0,0,0,0
1772,2,1773,1771,0,0,0,0,0,0,0,0
1773,2,1774,1772,0,0,0,0,0,0,0,0
1774,2,1775,1773,0,0,0,0,0,0,0,0
1775,2,1660,1774,0,0,0,0,0,0,0,0
1776,4,1779,1814,1770,1755,0,0,0,0,0,0
1777,3,1809,1845,1718,0,0,0,0,0,0,0
1778,2,1792,1747,0,0,0,0,0,0,0,0
1779,2,1780,1776,0,0,0,0,0,0,0,0
1780,2,1725,1779,0,0,0,0,0,0,0,0
1781,2,1709,1848,0,0,0,0,0,0,0,0
1782,3,1754,1793,1791,0,0,0,0,0,0,0
1783,4,1808,1816,1715,1786,0,0,0,0,0,0
1784,1,1750,0,0,0,0,0,0,0,0,0
1785,3,1757,1803,1807,0,0,0,0,0,0,0
1786,4,1783,1815,1828,1760,0,0,0,0,0,0
1787,2,1788,1718,0,0,0,0,0,0,0,0
1788,2,1789,1787,0,0,0,0,0,0,0,0
1789,2,1790,1788,0,0,0,0,0,0,0,0
1790,3,1849,1823,1789,0,0,0,0,0,0,0
1791,3,1782,1855,1799,0,0,0,0,0,0,0
1792,4,1762,1896,1778,1819,0,0,0,0,0,0
1793,3,1782,1810,1827,0,0,0,0,0,0,0
1794,4,1762,1828,1760,1822,0,0,0,0,0,0
1795,1,1753,0,0,0,0,0,0,0,0,0
1796,3,1759,1899,1829,0,0,0,0,0,0,0
1797,2,1798,1752,0,0,0,0,0,0,0,0
1798,1,1797,0,0,0,0,0,0,0,0,0
1799,3,1800,1791,1830,0,0,0,0,0,0,0
1800,2,1801,1799,0,0,0,0,0,0,0,0
1801,2,1738,1800,0,0,0,0,0,0,0,0
1802,3,1856,1743,1755,0,0,0,0,0,0,0
1803,2,1804,1785,0,0,0,0,0,0,0,0
1804,2,1805,1803,0,0,0,0,0,0,0,0
1805,2,1758,1804,0,0,0,0,0,0,0,0
1806,3,1807,1814,1826,0,0,0,0,0,0,0
1807,2,1785,1806,0,0,0,0,0,0,0,0
1808,2,1783,1818,0,0,0,0,0,0,0,0
1809,2,1777,1858,0,0,0,0,0,0,0,0
1810,1,1793,0,0,0,0,0,0,0,0,0
1811,4,1856,1876,1886,1747,0,0,0,0,0,0
1812,2,1813,1713,0,0,0,0,0,0,0,0
1813,3,1860,1912,1812,0,0,0,0,0,0,0
1814,4,1831,1859,1806,1776,0,0,0,0,0,0
1815,3,1878,1786,1869,0,0,0,0,0,0,0
1816,3,1817,1783,1851,0,0,0,0,0,0,0
1817,2,1818,1816,0,0,0,0,0,0,0,0
1818,3,1821,1808,1817,0,0,0,0,0,0,0
1819,3,1820,1792,1822,0,0,0,0,0,0,0
1820,1,1819,0,0,0,0,0,0,0,0,0
1821,2,1818,1857,0,0,0,0,0,0,0,0
1822,3,1794,1819,1880,0,0,0,0,0,0,0
1823,4,1824,1919,1790,1899,0,0,0,0,0,0
1824,2,1825,1823,0,0,0,0,0,0,0,0
1825,1,1825,0,0,0,0,0,0,0,0,0
1826,4,1887,1806,1904,1866,0,0,0,0,0,0
1827,1,1793,0,0,0,0,0,0,0,0,0
1828,4,1786,1794,1880,1879,0,0,0,0,0,0
1829,4,1830,1796,1868,1915,0,0,0,0,0,0
1830,2,1799,1829,0,0,0,0,0,0,0,0
1831,2,1832,1814,0,0,0,0,0,0,0,0
1832,4,1884,1894,1831,1844,0,0,0,0,0,0
1833,3,1834,1931,1893,0,0,0,0,0,0,0
1834,2,1835,1833,0,0,0,0,0,0,0,0
1835,2,1836,1834,0,0,0,0,0,0,0,0
1836,2,1837,1835,0,0,0,0,0,0,0,0
1837,2,1838,1836,0,0,0,0,0,0,0,0
1838,2,1839,1837,0,0,0,0,0,0,0,0
1839,1,1839,0,0,0,0,0,0,0,0,0
1840,2,1841,1839,0,0,0,0,0,0,0,0
1841,2,1842,1840,0,0,0,0,0,0,0,0
1842,2,1765,1841,0,0,0,0,0,0,0,0
1843,2,1844,1755,0,0,0,0,0,0,0,0
1844,2,1832,1843,0,0,0,0,0,0,0,0
1845,2,1846,1777,0,0,0,0,0,0,0,0
1846,2,1845,1889,0,0,0,0,0,0,0,0
1847,3,1848,1766,1936,0,0,0,0,0,0,0
1848,3,1906,1847,1781,0,0,0,0,0,0,0
1849,3,1889,1790,1920,0,0,0,0,0,0,0
1850,3,1851,1877,1869,0,0,0,0,0,0,0
1851,2,1816,1850,0,0,0,0,0,0,0,0
1852,4,1853,1973,1960,2018,0,0,0,0,0,0
1853,2,1854,1852,0,0,0,0,0,0,0,0
1854,2,1697,1853,0,0,0,0,0,0,0,0
1855,1,1791,0,0,0,0,0,0,0,0,0
1856,3,1900,1811,1802,0,0,0,0,0,0,0
1857,3,1821,1877,1882,0,0,0,0,0,0,0
1858,2,1809,1902,0,0,0,0,0,0,0,0
1859,3,1814,1867,1883,0,0,0,0,0,0,0
1860,2,1861,1813,0,0,0,0,0,0,0,0
1861,2,1862,1860,0,0,0,0,0,0,0,0
1862,2,1863,1861,0,0,0,0,0,0,0,0
1863,2,1864,1862,0,0,0,0,0,0,0,0
1864,2,1865,1863,0,0,0,0,0,0,0,0
1865,1,1864,0,0,0,0,0,0,0,0,0
1866,4,1867,1826,1934,1939,0,0,0,0,0,0
1867,2,1859,1866,0,0,0,0,0,0,0,0
1868,3,1951,1829,1958,0,0,0,0,0,0,0
1869,3,1850,1815,1910,0,0,0,0,0,0,0
1870,2,1871,1766,0,0,0,0,0,0,0,0
1871,2,1872,1870,0,0,0,0,0,0,0,0
1872,2,1873,1871,0,0,0,0,0,0,0,0
1873,2,1874,1872,0,0,0,0,0,0,0,0
1874,2,1875,1873,0,0,0,0,0,0,0,0
1875,2,2016,1874,0,0,0,0,0,0,0,0
1876,2,1898,1811,0,0,0,0,0,0,0,0
1877,1,1877,0,0,0,0,0,0,0,0,0
1878,3,1879,1815,1914,0,0,0,0,0,0,0
1879,4,1828,1908,1878,1933,0,0,0,0,0,0
1880,3,1822,1828,1928,0,0,0,0,0,0,0
1881,3,1882,1905,1926,0,0,0,0,0,0,0
1882,2,1857,1881,0,0,0,0,0,0,0,0
1883,4,1859,1885,1935,1895,0,0,0,0,0,0
1884,2,1885,1832,0,0,0,0,0,0,0,0
1885,3,1884,1883,1909,0,0,0,0,0,0,0
1886,2,1811,1918,0,0,0,0,0,0,0,0
1887,2,1888,1826,0,0,0,0,0,0,0,0
1888,2,1887,1911,0,0,0,0,0,0,0,0
1889,2,1846,1849,0,0,0,0,0,0,0,0
1890,1,1891,0,0,0,0,0,0,0,0,0
1891,2,1892,1890,0,0,0,0,0,0,0,0
1892,2,1893,1891,0,0,0,0,0,0,0,0
1893,2,1833,1892,0,0,0,0,0,0,0,0
1894,2,1895,1832,0,0,0,0,0,0,0,0
1895,2,1883,1894,0,0,0,0,0,0,0,0
1896,2,1897,1792,0,0,0,0,0,0,0,0
1897,2,1898,1896,0,0,0,0,0,0,0,0
1898,4,1927,1897,1876,1921,0,0,0,0,0,0
1899,3,1823,1916,1796,0,0,0,0,0,0,0
1900,2,1901,1856,0,0,0,0,0,0,0,0
1901,3,1909,1918,1900,0,0,0,0,0,0,0
1902,2,1858,1917,0,0,0,0,0,0,0,0
1903,3,1904,1911,1956,0,0,0,0,0,0,0
1904,2,1826,1903,0,0,0,0,0,0,0,0
1905,2,1881,1964,0,0,0,0,0,0,0,0
1906,2,1848,1966,0,0,0,0,0,0,0,0
1907,4,1877,1957,1926,1910,0,0,0,0,0,0
1908,3,1879,1928,1944,0,0,0,0,0,0,0
1909,4,1925,1885,1941,1901,0,0,0,0,0,0
1910,3,1907,1869,1913,0,0,0,0,0,0,0
1911,2,1888,1903,0,0,0,0,0,0,0,0
1912,3,1937,1813,1960,0,0,0,0,0,0,0
1913,3,1914,1910,1962,0,0,0,0,0,0,0
1914,2,1878,1913,0,0,0,0,0,0,0,0
1915,2,1916,1829,0,0,0,0,0,0,0,0
1916,1,1916,0,0,0,0,0,0,0,0,0
1917,2,1902,1959,0,0,0,0,0,0,0,0
1918,3,1886,1932,1901,0,0,0,0,0,0,0
1919,2,1920,1823,0,0,0,0,0,0,0,0
1920,2,1849,1919,0,0,0,0,0,0,0,0
1921,3,1898,1978,2064,0,0,0,0,0,0,0
1922,4,1923,1927,1948,1980,0,0,0,0,0,0
1923,2,1924,1922,0,0,0,0,0,0,0,0
1924,2,1923,1947,0,0,0,0,0,0,0,0
1925,4,1909,1932,1947,1977,0,0,0,0,0,0
1926,4,1907,1881,1954,1945,0,0,0,0,0,0
1927,2,1922,1898,0,0,0,0,0,0,0,0
1928,3,1908,1880,1950,0,0,0,0,0,0,0
1929,3,1930,1946,1955,0,0,0,0,0,0,0
1930,3,1929,1939,1956,0,0,0,0,0,0,0
1931,2,1833,1976,0,0,0,0,0,0,0,0
1932,2,1925,1918,0,0,0,0,0,0,0,0
1933,4,1879,1942,1982,1963,0,0,0,0,0,0
1934,3,1866,1935,1940,0,0,0,0,0,0,0
1935,2,1934,1883,0,0,0,0,0,0,0,0
1936,2,1847,1970,0,0,0,0,0,0,0,0
1937,2,1938,1912,0,0,0,0,0,0,0,0
1938,1,1937,0,0,0,0,0,0,0,0,0
1939,2,1930,1866,0,0,0,0,0,0,0,0
1940,3,1941,1934,1946,0,0,0,0,0,0,0
1941,3,1940,1909,1977,0,0,0,0,0,0,0
1942,2,1943,1933,0,0,0,0,0,0,0,0
1943,2,1944,1942,0,0,0,0,0,0,0,0
1944,3,1908,1943,1949,0,0,0,0,0,0,0
1945,4,1926,1974,2011,2037,0,0,0,0,0,0
1946,4,1929,1940,2009,1971,0,0,0,0,0,0
1947,4,1925,1924,1965,2002,0,0,0,0,0,0
1948,3,1922,1972,2008,0,0,0,0,0,0,0
1949,3,1950,1944,2049,0,0,0,0,0,0,0
1950,2,1949,1928,0,0,0,0,0,0,0,0
1951,2,1952,1868,0,0,0,0,0,0,0,0
1952,2,1953,1951,0,0,0,0,0,0,0,0
1953,3,2005,1952,1985,0,0,0,0,0,0,0
1954,3,1964,1975,1926,0,0,0,0,0,0,0
1955,3,1929,1971,1981,0,0,0,0,0,0,0
1956,3,1930,1903,1969,0,0,0,0,0,0,0
1957,3,1907,1974,1983,0,0,0,0,0,0,0
1958,3,1868,1985,1968,0,0,0,0,0,0,0
1959,4,1917,1960,2068,1973,0,0,0,0,0,0
1960,4,1912,1961,1959,1852,0,0,0,0,0,0
1961,2,1771,1960,0,0,0,0,0,0,0,0
1962,2,1963,1913,0,0,0,0,0,0,0,0
1963,2,1933,1962,0,0,0,0,0,0,0,0
1964,2,1905,1954,0,0,0,0,0,0,0,0
1965,3,1947,1972,2066,0,0,0,0,0,0,0
1966,3,1967,1906,2071,0,0,0,0,0,0,0
1967,3,1970,2073,1966,0,0,0,0,0,0,0
1968,4,1969,1958,1995,2063,0,0,0,0,0,0
1969,3,1956,2010,1968,0,0,0,0,0,0,0
1970,2,1936,1967,0,0,0,0,0,0,0,0
1971,3,1984,1946,1955,0,0,0,0,0,0,0
1972,3,1948,1965,2027,0,0,0,0,0,0,0
1973,5,1959,2003,2067,2098,1852,0,0,0,0,0
1974,2,1957,1945,0,0,0,0,0,0,0,0
1975,3,2001,1954,2013,0,0,0,0,0,0,0
1976,4,1931,1989,1990,2019,0,0,0,0,0,0
1977,3,1941,1925,2007,0,0,0,0,0,0,0
1978,3,2053,1921,1979,0,0,0,0,0,0,0
1979,4,1980,1988,1978,2033,0,0,0,0,0,0
1980,2,1922,1979,0,0,0,0,0,0,0,0
1981,3,1955,1984,2010,0,0,0,0,0,0,0
1982,2,1983,1933,0,0,0,0,0,0,0,0
1983,2,1957,1982,0,0,0,0,0,0,0,0
1984,4,1981,2029,2035,1971,0,0,0,0,0,0
1985,3,1953,2070,1958,0,0,0,0,0,0,0
1986,3,1987,1992,2032,0,0,0,0,0,0,0
1987,2,2021,1986,0,0,0,0,0,0,0,0
1988,3,2097,1979,2008,0,0,0,0,0,0,0
1989,3,1976,2004,2036,0,0,0,0,0,0,0
1990,4,1976,2032,1994,2036,0,0,0,0,0,0
1991,3,1916,2006,2112,0,0,0,0,0,0,0
1992,2,1993,1986,0,0,0,0,0,0,0,0
1993,2,1994,1992,0,0,0,0,0,0,0,0
1994,2,1990,1993,0,0,0,0,0,0,0,0
1995,3,2030,2069,1968,0,0,0,0,0,0,0
1996,2,1997,2057,0,0,0,0,0,0,0,0
1997,2,1998,1996,0,0,0,0,0,0,0,0
1998,2,1999,1997,0,0,0,0,0,0,0,0
1999,2,2000,1998,0,0,0,0,0,0,0,0
2000,2,2001,1999,0,0,0,0,0,0,0,0
2001,3,2000,1975,2062,0,0,0,0,0,0,0
2002,3,2075,1947,2007,0,0,0,0,0,0,0
2003,2,2004,1973,0,0,0,0,0,0,0,0
2004,2,1989,2003,0,0,0,0,0,0,0,0
2005,2,2006,1953,0,0,0,0,0,0,0,0
2006,3,2005,1991,2070,0,0,0,0,0,0,0
2007,4,2014,2002,1977,2048,0,0,0,0,0,0
2008,3,1948,2028,1988,0,0,0,0,0,0,0
2009,1,1946,0,0,0,0,0,0,0,0,0
2010,3,1981,2065,1969,0,0,0,0,0,0,0
2011,2,2012,1945,0,0,0,0,0,0,0,0
2012,2,2013,2011,0,0,0,0,0,0,0,0
2013,2,1975,2012,0,0,0,0,0,0,0,0
2014,2,2015,2007,0,0,0,0,0,0,0,0
2015,1,2014,0,0,0,0,0,0,0,0,0
2016,2,2017,1875,0,0,0,0,0,0,0,0
2017,3,2022,2016,2149,0,0,0,0,0,0,0
2018,2,2019,1852,0,0,0,0,0,0,0,0
2019,2,1976,2018,0,0,0,0,0,0,0,0
2020,3,2021,2094,2141,0,0,0,0,0,0,0
2021,3,2084,2020,1987,0,0,0,0,0,0,0
2022,2,2023,2017,0,0,0,0,0,0,0,0
2023,2,2024,2022,0,0,0,0,0,0,0,0
2024,2,2025,2023,0,0,0,0,0,0,0,0
2025,2,2026,2024,0,0,0,0,0,0,0,0
2026,2,2025,2094,0,0,0,0,0,0,0,0
2027,3,2028,1972,2079,0,0,0,0,0,0,0
2028,3,2081,2027,2008,0,0,0,0,0,0,0
2029,1,1984,0,0,0,0,0,0,0,0,0
2030,4,2093,1995,2063,2109,0,0,0,0,0,0
2031,3,2032,2116,2036,0,0,0,0,0,0,0
2032,4,2095,2031,1990,1986,0,0,0,0,0,0
2033,2,2034,1979,0,0,0,0,0,0,0,0
2034,3,2118,2033,2054,0,0,0,0,0,0,0
2035,4,1984,2065,2090,2092,0,0,0,0,0,0
2036,3,2031,1989,1990,0,0,0,0,0,0,0
2037,2,2038,1945,0,0,0,0,0,0,0,0
2038,2,2039,2037,0,0,0,0,0,0,0,0
2039,2,2040,2038,0,0,0,0,0,0,0,0
2040,2,2041,2039,0,0,0,0,0,0,0,0
2041,2,2042,2040,0,0,0,0,0,0,0,0
2042,2,2043,2041,0,0,0,0,0,0,0,0
2043,2,2044,2042,0,0,0,0,0,0,0,0
2044,2,2045,2043,0,0,0,0,0,0,0,0
2045,2,2046,2044,0,0,0,0,0,0,0,0
2046,2,2047,2045,0,0,0,0,0,0,0,0
2047,3,2076,2046,2088,0,0,0,0,0,0,0
2048,2,2007,2089,0,0,0,0,0,0,0,0
2049,2,2050,1949,0,0,0,0,0,0,0,0
2050,1,2050,0,0,0,0,0,0,0,0,0
2051,2,2052,2050,0,0,0,0,0,0,0,0
2052,4,2064,2150,2106,2051,0,0,0,0,0,0
2053,2,2054,1978,0,0,0,0,0,0,0,0
2054,2,2034,2053,0,0,0,0,0,0,0,0
2055,2,2056,2085,0,0,0,0,0,0,0,0
2056,2,2057,2055,0,0,0,0,0,0,0,0
2057,2,1996,2056,0,0,0,0,0,0,0,0
2058,2,2059,2077,0,0,0,0,0,0,0,0
2059,2,2060,2058,0,0,0,0,0,0,0,0
2060,2,2061,2059,0,0,0,0,0,0,0,0
2061,2,2062,2060,0,0,0,0,0,0,0,0
2062,2,2001,2061,0,0,0,0,0,0,0,0
2063,3,2030,1968,2092,0,0,0,0,0,0,0
2064,2,1921,2052,0,0,0,0,0,0,0,0
2065,2,2035,2010,0,0,0,0,0,0,0,0
2066,3,1965,2075,2091,0,0,0,0,0,0,0
2067,2,1973,2113,0,0,0,0,0,0,0,0
2068,2,1959,2105,0,0,0,0,0,0,0,0
2069,3,2093,1995,2083,0,0,0,0,0,0,0
2070,3,2006,2110,1985,0,0,0,0,0,0,0
2071,2,2072,1966,0,0,0,0,0,0,0,0
2072,2,2073,2071,0,0,0,0,0,0,0,0
2073,4,2072,1967,2155,2198,0,0,0,0,0,0
2074,3,2075,2111,2142,0,0,0,0,0,0,0
2075,4,2074,2066,2002,2114,0,0,0,0,0,0
2076,2,2077,2047,0,0,0,0,0,0,0,0
2077,2,2058,2076,0,0,0,0,0,0,0,0
2078,3,2079,2115,2091,0,0,0,0,0,0,0
2079,3,2080,2078,2027,0,0,0,0,0,0,0
2080,3,2079,2115,2102,0,0,0,0,0,0,0
2081,1,2028,0,0,0,0,0,0,0,0,0
2082,3,2083,2093,2104,0,0,0,0,0,0,0
2083,2,2069,2082,0,0,0,0,0,0,0,0
2084,3,2096,2021,2131,0,0,0,0,0,0,0
2085,2,2086,2055,0,0,0,0,0,0,0,0
2086,2,2087,2085,0,0,0,0,0,0,0,0
2087,2,2088,2086,0,0,0,0,0,0,0,0
2088,2,2047,2087,0,0,0,0,0,0,0,0
2089,2,2090,2048,0,0,0,0,0,0,0,0
2090,2,2035,2089,0,0,0,0,0,0,0,0
2091,3,2066,2114,2078,0,0,0,0,0,0,0
2092,3,2063,2035,2119,0,0,0,0,0,0,0
2093,4,2069,2082,2030,2136,0,0,0,0,0,0
2094,2,2026,2020,0,0,0,0,0,0,0,0
2095,2,2096,2032,0,0,0,0,0,0,0,0
2096,2,2095,2084,0,0,0,0,0,0,0,0
2097,1,1988,0,0,0,0,0,0,0,0,0
2098,2,2099,1973,0,0,0,0,0,0,0,0
2099,2,2100,2098,0,0,0,0,0,0,0,0
2100,2,2101,2099,0,0,0,0,0,0,0,0
2101,2,2100,2135,0,0,0,0,0,0,0,0
2102,3,2103,2080,2133,0,0,0,0,0,0,0
2103,3,2102,2137,2132,0,0,0,0,0,0,0
2104,3,2082,2130,2125,0,0,0,0,0,0,0
2105,3,2068,2113,2245,0,0,0,0,0,0,0
2106,3,2107,2052,2164,0,0,0,0,0,0,0
2107,1,2106,0,0,0,0,0,0,0,0,0
2108,3,2109,2145,2119,0,0,0,0,0,0,0
2109,4,2030,2108,2136,2168,0,0,0,0,0,0
2110,3,2120,2070,2112,0,0,0,0,0,0,0
2111,3,2074,2127,2123,0,0,0,0,0,0,0
2112,4,1991,2110,2190,2199,0,0,0,0,0,0
2113,5,2067,2135,2185,2105,2241,0,0,0,0,0
2114,4,2075,2122,2142,2091,0,0,0,0,0,0
2115,3,2080,2078,2121,0,0,0,0,0,0,0
2116,2,2117,2031,0,0,0,0,0,0,0,0
2117,2,2116,2156,0,0,0,0,0,0,0,0
2118,2,2034,2143,0,0,0,0,0,0,0,0
2119,2,2108,2092,0,0,0,0,0,0,0,0
2120,3,2154,2110,2199,0,0,0,0,0,0,0
2121,3,2122,2134,2115,0,0,0,0,0,0,0
2122,3,2121,2114,2160,0,0,0,0,0,0,0
2123,3,2111,2142,2157,0,0,0,0,0,0,0
2124,1,2125,0,0,0,0,0,0,0,0,0
2125,3,2153,2124,2104,0,0,0,0,0,0,0
2126,3,2127,2168,2148,0,0,0,0,0,0,0
2127,3,2126,2111,2157,0,0,0,0,0,0,0
2128,3,2129,2169,2144,0,0,0,0,0,0,0
2129,3,2128,2161,2170,0,0,0,0,0,0,0
2130,3,2104,2158,2136,0,0,0,0,0,0,0
2131,2,2084,2191,0,0,0,0,0,0,0,0
2132,3,2133,2103,2171,0,0,0,0,0,0,0
2133,3,2132,2134,2102,0,0,0,0,0,0,0
2134,2,2133,2121,0,0,0,0,0,0,0,0
2135,2,2101,2113,0,0,0,0,0,0,0,0
2136,4,2109,2093,2130,2189,0,0,0,0,0,0
2137,3,2103,2167,2170,0,0,0,0,0,0,0
2138,4,2139,2172,2191,2226,0,0,0,0,0,0
2139,2,2140,2138,0,0,0,0,0,0,0,0
2140,2,2141,2139,0,0,0,0,0,0,0,0
2141,2,2020,2140,0,0,0,0,0,0,0,0
2142,3,2074,2114,2123,0,0,0,0,0,0,0
2143,3,2118,2169,2163,0,0,0,0,0,0,0
2144,1,2128,0,0,0,0,0,0,0,0,0
2145,2,2146,2108,0,0,0,0,0,0,0,0
2146,2,2147,2145,0,0,0,0,0,0,0,0
2147,2,2148,2146,0,0,0,0,0,0,0,0
2148,2,2126,2147,0,0,0,0,0,0,0,0
2149,4,2017,2172,2193,2229,0,0,0,0,0,0
2150,2,2052,2727,0,0,0,0,0,0,0,0
2151,3,2152,2153,2179,0,0,0,0,0,0,0
2152,2,2151,2197,0,0,0,0,0,0,0,0
2153,3,2151,2125,2200,0,0,0,0,0,0,0
2154,2,2196,2120,0,0,0,0,0,0,0,0
2155,2,2073,2193,0,0,0,0,0,0,0,0
2156,2,2117,2178,0,0,0,0,0,0,0,0
2157,4,2123,2127,2192,2182,0,0,0,0,0,0
2158,3,2130,2177,2200,0,0,0,0,0,0,0
2159,4,2160,2173,2184,2165,0,0,0,0,0,0
2160,3,2122,2159,2171,0,0,0,0,0,0,0
2161,2,2162,2129,0,0,0,0,0,0,0,0
2162,2,2161,2194,0,0,0,0,0,0,0,0
2163,3,2164,2143,2175,0,0,0,0,0,0,0
2164,2,2106,2163,0,0,0,0,0,0,0,0
2165,3,2166,2174,2159,0,0,0,0,0,0,0
2166,2,2167,2165,0,0,0,0,0,0,0,0
2167,3,2166,2137,2195,0,0,0,0,0,0,0
2168,3,2109,2126,2189,0,0,0,0,0,0,0
2169,4,2143,2128,2176,2194,0,0,0,0,0,0
2170,2,2129,2137,0,0,0,0,0,0,0,0
2171,2,2160,2132,0,0,0,0,0,0,0,0
2172,2,2138,2149,0,0,0,0,0,0,0,0
2173,3,2174,2159,2214,0,0,0,0,0,0,0
2174,4,2173,2188,2165,2224,0,0,0,0,0,0
2175,3,2176,2213,2163,0,0,0,0,0,0,0
2176,3,2169,2175,2230,0,0,0,0,0,0,0
2177,3,2201,2158,2202,0,0,0,0,0,0,0
2178,2,2156,2233,0,0,0,0,0,0,0,0
2179,2,2180,2151,0,0,0,0,0,0,0,0
2180,2,2181,2179,0,0,0,0,0,0,0,0
2181,1,2180,0,0,0,0,0,0,0,0,0
2182,4,2183,2157,2219,2203,0,0,0,0,0,0
2183,2,2184,2182,0,0,0,0,0,0,0,0
2184,2,2159,2183,0,0,0,0,0,0,0,0
2185,2,2186,2113,0,0,0,0,0,0,0,0
2186,3,2218,2185,2268,0,0,0,0,0,0,0
2187,1,2188,0,0,0,0,0,0,0,0,0
2188,2,2174,2187,0,0,0,0,0,0,0,0
2189,3,2168,2136,2216,0,0,0,0,0,0,0
2190,2,2112,2242,0,0,0,0,0,0,0,0
2191,2,2138,2131,0,0,0,0,0,0,0,0
2192,1,2157,0,0,0,0,0,0,0,0,0
2193,2,2155,2149,0,0,0,0,0,0,0,0
2194,3,2162,2169,2230,0,0,0,0,0,0,0
2195,3,2167,2232,2223,0,0,0,0,0,0,0
2196,2,2197,2154,0,0,0,0,0,0,0,0
2197,2,2152,2196,0,0,0,0,0,0,0,0
2198,2,2073,2229,0,0,0,0,0,0,0,0
2199,1,2199,0,0,0,0,0,0,0,0,0
2200,2,2153,2158,0,0,0,0,0,0,0,0
2201,3,2177,2236,2253,0,0,0,0,0,0,0
2202,3,2177,2240,2270,0,0,0,0,0,0,0
2203,3,2204,2217,2182,0,0,0,0,0,0,0
2204,3,2219,2203,2237,0,0,0,0,0,0,0
2205,3,2206,2215,2247,0,0,0,0,0,0,0
2206,2,2207,2205,0,0,0,0,0,0,0,0
2207,2,2208,2206,0,0,0,0,0,0,0,0
2208,3,2253,2207,2246,0,0,0,0,0,0,0
2209,3,2210,2214,2235,0,0,0,0,0,0,0
2210,2,2211,2209,0,0,0,0,0,0,0,0
2211,4,2210,2221,2224,2249,0,0,0,0,0,0
2212,2,2213,2255,0,0,0,0,0,0,0,0
2213,3,2275,2212,2175,0,0,0,0,0,0,0
2214,4,2225,2209,2217,2173,0,0,0,0,0,0
2215,2,2216,2205,0,0,0,0,0,0,0,0
2216,2,2189,2215,0,0,0,0,0,0,0,0
2217,4,2214,2231,2244,2203,0,0,0,0,0,0
2218,1,2186,0,0,0,0,0,0,0,0,0
2219,3,2239,2182,2204,0,0,0,0,0,0,0
2220,1,2221,0,0,0,0,0,0,0,0,0
2221,2,2211,2220,0,0,0,0,0,0,0,0
2222,1,2222,0,0,0,0,0,0,0,0,0
2223,2,2195,2222,0,0,0,0,0,0,0,0
2224,4,2211,2174,2225,2232,0,0,0,0,0,0
2225,2,2224,2214,0,0,0,0,0,0,0,0
2226,3,2227,2233,2138,0,0,0,0,0,0,0
2227,2,2228,2226,0,0,0,0,0,0,0,0
2228,2,2229,2227,0,0,0,0,0,0,0,0
2229,4,2250,2228,2149,2198,0,0,0,0,0,0
2230,3,2176,2194,2222,0,0,0,0,0,0,0
2231,1,2217,0,0,0,0,0,0,0,0,0
2232,2,2224,2195,0,0,0,0,0,0,0,0
2233,2,2178,2226,0,0,0,0,0,0,0,0
2234,3,2235,2267,2248,0,0,0,0,0,0,0
2235,4,2234,2244,2254,2209,0,0,0,0,0,0
2236,3,2201,2272,2278,0,0,0,0,0,0,0
2237,4,2238,2243,2204,2260,0,0,0,0,0,0
2238,2,2239,2237,0,0,0,0,0,0,0,0
2239,3,2265,2238,2219,0,0,0,0,0,0,0
2240,3,2279,2264,2202,0,0,0,0,0,0,0
2241,4,2113,2336,2245,2326,0,0,0,0,0,0
2242,2,2190,2297,0,0,0,0,0,0,0,0
2243,2,2244,2237,0,0,0,0,0,0,0,0
2244,4,2235,2243,2217,2281,0,0,0,0,0,0
2245,4,2105,2290,2241,2348,0,0,0,0,0,0
2246,3,2247,2208,2274,0,0,0,0,0,0,0
2247,2,2205,2246,0,0,0,0,0,0,0,0
2248,3,2249,2234,2222,0,0,0,0,0,0,0
2249,3,2254,2211,2248,0,0,0,0,0,0,0
2250,2,2251,2229,0,0,0,0,0,0,0,0
2251,2,2252,2250,0,0,0,0,0,0,0,0
2252,1,2251,0,0,0,0,0,0,0,0,0
2253,2,2201,2208,0,0,0,0,0,0,0,0
2254,2,2235,2249,0,0,0,0,0,0,0,0
2255,2,2256,2212,0,0,0,0,0,0,0,0
2256,2,2257,2255,0,0,0,0,0,0,0,0
2257,1,2256,0,0,0,0,0,0,0,0,0
2258,4,2259,2283,2303,2267,0,0,0,0,0,0
2259,2,2280,2258,0,0,0,0,0,0,0,0
2260,3,2261,2266,2237,0,0,0,0,0,0,0
2261,3,2285,2260,2303,0,0,0,0,0,0,0
2262,2,2263,2305,0,0,0,0,0,0,0,0
2263,2,2264,2262,0,0,0,0,0,0,0,0
2264,3,2263,2269,2240,0,0,0,0,0,0,0
2265,3,2266,2301,2239,0,0,0,0,0,0,0
2266,3,2265,2260,2287,0,0,0,0,0,0,0
2267,3,2321,2234,2258,0,0,0,0,0,0,0
2268,1,2268,0,0,0,0,0,0,0,0,0
2269,4,2264,2277,2304,2307,0,0,0,0,0,0
2270,2,2271,2202,0,0,0,0,0,0,0,0
2271,3,2300,2358,2270,0,0,0,0,0,0,0
2272,4,2236,2273,2306,2318,0,0,0,0,0,0
2273,2,2274,2272,0,0,0,0,0,0,0,0
2274,2,2246,2273,0,0,0,0,0,0,0,0
2275,2,2276,2213,0,0,0,0,0,0,0,0
2276,2,2286,2275,0,0,0,0,0,0,0,0
2277,2,2278,2269,0,0,0,0,0,0,0,0
2278,2,2236,2277,0,0,0,0,0,0,0,0
2279,1,2240,0,0,0,0,0,0,0,0,0
2280,2,2281,2259,0,0,0,0,0,0,0,0
2281,2,2244,2280,0,0,0,0,0,0,0,0
2282,4,2283,2284,2314,2359,0,0,0,0,0,0
2283,3,2316,2282,2258,0,0,0,0,0,0,0
2284,2,2285,2282,0,0,0,0,0,0,0,0
2285,4,2298,2330,2284,2261,0,0,0,0,0,0
2286,3,2276,2329,2311,0,0,0,0,0,0,0
2287,3,2288,2299,2266,0,0,0,0,0,0,0
2288,2,2289,2287,0,0,0,0,0,0,0,0
2289,3,2288,2302,2313,0,0,0,0,0,0,0
2290,1,2290,0,0,0,0,0,0,0,0,0
2291,2,2292,2290,0,0,0,0,0,0,0,0
2292,2,2293,2291,0,0,0,0,0,0,0,0
2293,2,2294,2292,0,0,0,0,0,0,0,0
2294,2,2295,2293,0,0,0,0,0,0,0,0
2295,2,2296,2294,0,0,0,0,0,0,0,0
2296,2,2297,2295,0,0,0,0,0,0,0,0
2297,2,2242,2296,0,0,0,0,0,0,0,0
2298,2,2299,2285,0,0,0,0,0,0,0,0
2299,4,2298,2287,2308,2313,0,0,0,0,0,0
2300,1,2271,0,0,0,0,0,0,0,0,0
2301,2,2302,2265,0,0,0,0,0,0,0,0
2302,2,2289,2301,0,0,0,0,0,0,0,0
2303,2,2261,2258,0,0,0,0,0,0,0,0
2304,2,2305,2269,0,0,0,0,0,0,0,0
2305,2,2262,2304,0,0,0,0,0,0,0,0
2306,2,2307,2272,0,0,0,0,0,0,0,0
2307,3,2269,2327,2306,0,0,0,0,0,0,0
2308,4,2309,2299,2310,2330,0,0,0,0,0,0
2309,3,2313,2308,2351,0,0,0,0,0,0,0
2310,3,2308,2354,2315,0,0,0,0,0,0,0
2311,3,2312,2286,2317,0,0,0,0,0,0,0
2312,3,2311,2343,2334,0,0,0,0,0,0,0
2313,3,2289,2299,2309,0,0,0,0,0,0,0
2314,3,2315,2332,2282,0,0,0,0,0,0,0
2315,3,2350,2310,2314,0,0,0,0,0,0,0
2316,4,2333,2365,2283,2353,0,0,0,0,0,0
2317,1,2311,0,0,0,0,0,0,0,0,0
2318,2,2319,2272,0,0,0,0,0,0,0,0
2319,2,2320,2318,0,0,0,0,0,0,0,0
2320,4,2351,2369,2413,2319,0,0,0,0,0,0
2321,2,2322,2267,0,0,0,0,0,0,0,0
2322,3,2321,2349,2356,0,0,0,0,0,0,0
2323,2,2324,2268,0,0,0,0,0,0,0,0
2324,2,2325,2323,0,0,0,0,0,0,0,0
2325,2,2326,2324,0,0,0,0,0,0,0,0
2326,2,2241,2325,0,0,0,0,0,0,0,0
2327,2,2328,2307,0,0,0,0,0,0,0,0
2328,2,2357,2327,0,0,0,0,0,0,0,0
2329,3,2286,2355,2334,0,0,0,0,0,0,0
2330,2,2308,2285,0,0,0,0,0,0,0,0
2331,1,2268,0,0,0,0,0,0,0,0,0
2332,3,2333,2371,2314,0,0,0,0,0,0,0
2333,4,2332,2316,2359,2368,0,0,0,0,0,0
2334,4,2335,2349,2312,2329,0,0,0,0,0,0
2335,3,2361,2373,2334,0,0,0,0,0,0,0
2336,2,2337,2241,0,0,0,0,0,0,0,0
2337,2,2338,2336,0,0,0,0,0,0,0,0
2338,2,2339,2337,0,0,0,0,0,0,0,0
2339,2,2340,2338,0,0,0,0,0,0,0,0
2340,2,2341,2339,0,0,0,0,0,0,0,0
2341,3,2479,2340,2344,0,0,0,0,0,0,0
2342,2,2343,2362,0,0,0,0,0,0,0,0
2343,2,2312,2342,0,0,0,0,0,0,0,0
2344,4,2345,2399,2341,2476,0,0,0,0,0,0
2345,2,2346,2344,0,0,0,0,0,0,0,0
2346,2,2347,2345,0,0,0,0,0,0,0,0
2347,2,2348,2346,0,0,0,0,0,0,0,0
2348,2,2245,2347,0,0,0,0,0,0,0,0
2349,4,2322,2363,2374,2334,0,0,0,0,0,0
2350,1,2315,0,0,0,0,0,0,0,0,0
2351,3,2309,2354,2320,0,0,0,0,0,0,0
2352,3,2353,2365,2374,0,0,0,0,0,0,0
2353,2,2316,2352,0,0,0,0,0,0,0,0
2354,2,2310,2351,0,0,0,0,0,0,0,0
2355,2,2356,2329,0,0,0,0,0,0,0,0
2356,2,2322,2355,0,0,0,0,0,0,0,0
2357,2,2328,2376,0,0,0,0,0,0,0,0
2358,1,2271,0,0,0,0,0,0,0,0,0
2359,2,2333,2282,0,0,0,0,0,0,0,0
2360,1,2361,0,0,0,0,0,0,0,0,0
2361,3,2360,2335,2380,0,0,0,0,0,0,0
2362,2,2384,2342,0,0,0,0,0,0,0,0
2363,3,2364,2411,2349,0,0,0,0,0,0,0
2364,1,2363,0,0,0,0,0,0,0,0,0
2365,3,2368,2352,2316,0,0,0,0,0,0,0
2366,4,2367,2375,2407,2416,0,0,0,0,0,0
2367,2,2366,2369,0,0,0,0,0,0,0,0
2368,4,2333,2404,2395,2365,0,0,0,0,0,0
2369,3,2370,2367,2320,0,0,0,0,0,0,0
2370,3,2369,2388,2415,0,0,0,0,0,0,0
2371,2,2372,2332,0,0,0,0,0,0,0,0
2372,1,2371,0,0,0,0,0,0,0,0,0
2373,1,2335,0,0,0,0,0,0,0,0,0
2374,2,2352,2349,0,0,0,0,0,0,0,0
2375,2,2376,2366,0,0,0,0,0,0,0,0
2376,2,2357,2375,0,0,0,0,0,0,0,0
2377,3,2378,2389,2446,0,0,0,0,0,0,0
2378,2,2379,2377,0,0,0,0,0,0,0,0
2379,4,2385,2378,2388,2457,0,0,0,0,0,0
2380,3,2381,2361,2466,0,0,0,0,0,0,0
2381,3,2419,2380,2383,0,0,0,0,0,0,0
2382,4,2383,2395,2412,2478,0,0,0,0,0,0
2383,2,2381,2382,0,0,0,0,0,0,0,0
2384,3,2458,2362,2425,0,0,0,0,0,0,0
2385,2,2386,2379,0,0,0,0,0,0,0,0
2386,2,2387,2385,0,0,0,0,0,0,0,0
2387,1,2387,0,0,0,0,0,0,0,0,0
2388,4,2379,2398,2405,2370,0,0,0,0,0,0
2389,3,2414,2377,2405,0,0,0,0,0,0,0
2390,3,2391,2397,2416,0,0,0,0,0,0,0
2391,3,2465,2390,2410,0,0,0,0,0,0,0
2392,3,2393,2475,2541,0,0,0,0,0,0,0
2393,2,2394,2392,0,0,0,0,0,0,0,0
2394,2,2406,2393,0,0,0,0,0,0,0,0
2395,2,2368,2382,0,0,0,0,0,0,0,0
2396,2,2397,2403,0,0,0,0,0,0,0,0
2397,2,2390,2396,0,0,0,0,0,0,0,0
2398,2,2387,2388,0,0,0,0,0,0,0,0
2399,2,2400,2344,0,0,0,0,0,0,0,0
2400,2,2401,2399,0,0,0,0,0,0,0,0
2401,2,2402,2400,0,0,0,0,0,0,0,0
2402,2,2403,2401,0,0,0,0,0,0,0,0
2403,2,2396,2402,0,0,0,0,0,0,0,0
2404,3,2368,2406,2468,0,0,0,0,0,0,0
2405,2,2389,2388,0,0,0,0,0,0,0,0
2406,2,2404,2394,0,0,0,0,0,0,0,0
2407,2,2408,2366,0,0,0,0,0,0,0,0
2408,2,2409,2407,0,0,0,0,0,0,0,0
2409,2,2410,2408,0,0,0,0,0,0,0,0
2410,2,2391,2409,0,0,0,0,0,0,0,0
2411,2,2412,2363,0,0,0,0,0,0,0,0
2412,2,2382,2411,0,0,0,0,0,0,0,0
2413,3,2462,2463,2320,0,0,0,0,0,0,0
2414,2,2415,2389,0,0,0,0,0,0,0,0
2415,2,2370,2414,0,0,0,0,0,0,0,0
2416,2,2390,2366,0,0,0,0,0,0,0,0
2417,2,2418,2617,0,0,0,0,0,0,0,0
2418,2,2419,2417,0,0,0,0,0,0,0,0
2419,2,2418,2381,0,0,0,0,0,0,0,0
2420,3,2421,2429,2529,0,0,0,0,0,0,0
2421,2,2420,2465,0,0,0,0,0,0,0,0
2422,3,2423,2488,2549,0,0,0,0,0,0,0
2423,2,2424,2422,0,0,0,0,0,0,0,0
2424,3,2515,2613,2423,0,0,0,0,0,0,0
2425,4,2426,2441,2384,2466,0,0,0,0,0,0
2426,2,2427,2425,0,0,0,0,0,0,0,0
2427,3,2426,2612,2622,0,0,0,0,0,0,0
2428,2,2429,2448,0,0,0,0,0,0,0,0
2429,2,2420,2428,0,0,0,0,0,0,0,0
2430,2,2431,2506,0,0,0,0,0,0,0,0
2431,2,2432,2430,0,0,0,0,0,0,0,0
2432,2,2433,2431,0,0,0,0,0,0,0,0
2433,2,2434,2432,0,0,0,0,0,0,0,0
2434,2,2435,2433,0,0,0,0,0,0,0,0
2435,2,2442,2434,0,0,0,0,0,0,0,0
2436,4,2437,2531,2438,2477,0,0,0,0,0,0
2437,3,2535,2436,2510,0,0,0,0,0,0,0
2438,4,2436,2454,2532,2480,0,0,0,0,0,0
2439,3,2440,2475,2462,0,0,0,0,0,0,0
2440,3,2439,2523,2549,0,0,0,0,0,0,0
2441,3,2458,2545,2425,0,0,0,0,0,0,0
2442,2,2443,2435,0,0,0,0,0,0,0,0
2443,2,2442,2474,0,0,0,0,0,0,0,0
2444,3,2445,2456,2524,0,0,0,0,0,0,0
2445,1,2444,0,0,0,0,0,0,0,0,0
2446,3,2447,2457,2377,0,0,0,0,0,0,0
2447,2,2448,2446,0,0,0,0,0,0,0,0
2448,2,2428,2447,0,0,0,0,0,0,0,0
2449,2,2450,2458,0,0,0,0,0,0,0,0
2450,2,2451,2449,0,0,0,0,0,0,0,0
2451,2,2452,2450,0,0,0,0,0,0,0,0
2452,2,2453,2451,0,0,0,0,0,0,0,0
2453,3,2452,2534,2542,0,0,0,0,0,0,0
2454,2,2455,2438,0,0,0,0,0,0,0,0
2455,2,2459,2454,0,0,0,0,0,0,0,0
2456,3,2444,2467,2478,0,0,0,0,0,0,0
2457,3,2379,2446,2464,0,0,0,0,0,0,0
2458,3,2441,2384,2449,0,0,0,0,0,0,0
2459,2,2460,2455,0,0,0,0,0,0,0,0
2460,2,2461,2459,0,0,0,0,0,0,0,0
2461,2,2460,2552,0,0,0,0,0,0,0,0
2462,2,2439,2413,0,0,0,0,0,0,0,0
2463,2,2464,2413,0,0,0,0,0,0,0,0
2464,2,2457,2463,0,0,0,0,0,0,0,0
2465,2,2421,2391,0,0,0,0,0,0,0,0
2466,2,2380,2425,0,0,0,0,0,0,0,0
2467,1,2456,0,0,0,0,0,0,0,0,0
2468,3,2404,2507,2543,0,0,0,0,0,0,0
2469,1,2470,0,0,0,0,0,0,0,0,0
2470,2,2471,2469,0,0,0,0,0,0,0,0
2471,2,2472,2470,0,0,0,0,0,0,0,0
2472,2,2473,2471,0,0,0,0,0,0,0,0
2473,2,2474,2472,0,0,0,0,0,0,0,0
2474,2,2443,2473,0,0,0,0,0,0,0,0
2475,2,2392,2439,0,0,0,0,0,0,0,0
2476,2,2477,2344,0,0,0,0,0,0,0,0
2477,2,2436,2476,0,0,0,0,0,0,0,0
2478,2,2382,2456,0,0,0,0,0,0,0,0
2479,2,2480,2341,0,0,0,0,0,0,0,0
2480,2,2438,2479,0,0,0,0,0,0,0,0
2481,3,2482,2530,2510,0,0,0,0,0,0,0
2482,3,2574,2511,2481,0,0,0,0,0,0,0
2483,3,2484,2572,2619,0,0,0,0,0,0,0
2484,1,2483,0,0,0,0,0,0,0,0,0
2485,2,2486,2511,0,0,0,0,0,0,0,0
2486,2,2487,2485,0,0,0,0,0,0,0,0
2487,2,2486,2536,0,0,0,0,0,0,0,0
2488,2,2489,2422,0,0,0,0,0,0,0,0
2489,2,2490,2488,0,0,0,0,0,0,0,0
2490,2,2491,2489,0,0,0,0,0,0,0,0
2491,2,2492,2490,0,0,0,0,0,0,0,0
2492,2,2493,2491,0,0,0,0,0,0,0,0
2493,3,2516,2492,2556,0,0,0,0,0,0,0
2494,2,2495,2502,0,0,0,0,0,0,0,0
2495,2,2496,2494,0,0,0,0,0,0,0,0
2496,2,2497,2495,0,0,0,0,0,0,0,0
2497,2,2498,2496,0,0,0,0,0,0,0,0
2498,2,2499,2497,0,0,0,0,0,0,0,0
2499,2,2500,2498,0,0,0,0,0,0,0,0
2500,2,2501,2499,0,0,0,0,0,0,0,0
2501,3,2542,2500,2533,0,0,0,0,0,0,0
2502,4,2503,2577,2494,2602,0,0,0,0,0,0
2503,2,2504,2502,0,0,0,0,0,0,0,0
2504,2,2505,2503,0,0,0,0,0,0,0,0
2505,2,2506,2504,0,0,0,0,0,0,0,0
2506,2,2430,2505,0,0,0,0,0,0,0,0
2507,2,2508,2468,0,0,0,0,0,0,0,0
2508,2,2509,2507,0,0,0,0,0,0,0,0
2509,3,2508,2571,2580,0,0,0,0,0,0,0
2510,3,2511,2481,2437,0,0,0,0,0,0,0
2511,3,2510,2482,2485,0,0,0,0,0,0,0
2512,3,2513,2696,2703,0,0,0,0,0,0,0
2513,2,2514,2512,0,0,0,0,0,0,0,0
2514,2,2515,2513,0,0,0,0,0,0,0,0
2515,3,2514,2529,2424,0,0,0,0,0,0,0
2516,2,2517,2493,0,0,0,0,0,0,0,0
2517,2,2518,2516,0,0,0,0,0,0,0,0
2518,2,2519,2517,0,0,0,0,0,0,0,0
2519,2,2520,2518,0,0,0,0,0,0,0,0
2520,2,2521,2519,0,0,0,0,0,0,0,0
2521,2,2522,2520,0,0,0,0,0,0,0,0
2522,2,2523,2521,0,0,0,0,0,0,0,0
2523,2,2440,2522,0,0,0,0,0,0,0,0
2524,4,2525,2444,2598,2625,0,0,0,0,0,0
2525,2,2526,2524,0,0,0,0,0,0,0,0
2526,2,2525,2606,0,0,0,0,0,0,0,0
2527,3,2528,2530,2596,0,0,0,0,0,0,0
2528,2,2529,2527,0,0,0,0,0,0,0,0
2529,3,2420,2515,2528,0,0,0,0,0,0,0
2530,2,2481,2527,0,0,0,0,0,0,0,0
2531,2,2436,2676,0,0,0,0,0,0,0,0
2532,2,2575,2438,0,0,0,0,0,0,0,0
2533,2,2501,2534,0,0,0,0,0,0,0,0
2534,2,2453,2533,0,0,0,0,0,0,0,0
2535,2,2536,2437,0,0,0,0,0,0,0,0
2536,2,2487,2535,0,0,0,0,0,0,0,0
2537,3,2538,2580,2558,0,0,0,0,0,0,0
2538,2,2539,2537,0,0,0,0,0,0,0,0
2539,2,2540,2538,0,0,0,0,0,0,0,0
2540,2,2541,2539,0,0,0,0,0,0,0,0
2541,2,2392,2540,0,0,0,0,0,0,0,0
2542,2,2453,2501,0,0,0,0,0,0,0,0
2543,2,2544,2468,0,0,0,0,0,0,0,0
2544,1,2543,0,0,0,0,0,0,0,0,0
2545,2,2546,2441,0,0,0,0,0,0,0,0
2546,2,2547,2545,0,0,0,0,0,0,0,0
2547,2,2548,2546,0,0,0,0,0,0,0,0
2548,1,2547,0,0,0,0,0,0,0,0,0
2549,2,2440,2422,0,0,0,0,0,0,0,0
2550,2,2551,2607,0,0,0,0,0,0,0,0
2551,2,2552,2550,0,0,0,0,0,0,0,0
2552,2,2461,2551,0,0,0,0,0,0,0,0
2553,2,2554,2677,0,0,0,0,0,0,0,0
2554,2,2555,2553,0,0,0,0,0,0,0,0
2555,2,2556,2554,0,0,0,0,0,0,0,0
2556,2,2493,2555,0,0,0,0,0,0,0,0
2557,2,2558,2688,0,0,0,0,0,0,0,0
2558,2,2537,2557,0,0,0,0,0,0,0,0
2559,3,2560,2620,2687,0,0,0,0,0,0,0
2560,1,2559,0,0,0,0,0,0,0,0,0
2561,3,2562,2605,2617,0,0,0,0,0,0,0
2562,2,2563,2561,0,0,0,0,0,0,0,0
2563,2,2564,2562,0,0,0,0,0,0,0,0
2564,1,2563,0,0,0,0,0,0,0,0,0
2565,3,2566,2597,2579,0,0,0,0,0,0,0
2566,2,2567,2565,0,0,0,0,0,0,0,0
2567,2,2568,2566,0,0,0,0,0,0,0,0
2568,2,2569,2567,0,0,0,0,0,0,0,0
2569,2,2570,2568,0,0,0,0,0,0,0,0
2570,2,2571,2569,0,0,0,0,0,0,0,0
2571,2,2509,2570,0,0,0,0,0,0,0,0
2572,2,2573,2483,0,0,0,0,0,0,0,0
2573,3,2700,2572,2695,0,0,0,0,0,0,0
2574,3,2684,2482,2694,0,0,0,0,0,0,0
2575,2,2576,2532,0,0,0,0,0,0,0,0
2576,2,2575,2643,0,0,0,0,0,0,0,0
2577,2,2578,2502,0,0,0,0,0,0,0,0
2578,1,2577,0,0,0,0,0,0,0,0,0
2579,1,2565,0,0,0,0,0,0,0,0,0
2580,2,2509,2537,0,0,0,0,0,0,0,0
2581,2,2582,2618,0,0,0,0,0,0,0,0
2582,2,2583,2581,0,0,0,0,0,0,0,0
2583,2,2584,2582,0,0,0,0,0,0,0,0
2584,2,2585,2583,0,0,0,0,0,0,0,0
2585,2,2586,2584,0,0,0,0,0,0,0,0
2586,2,2587,2585,0,0,0,0,0,0,0,0
2587,2,2588,2586,0,0,0,0,0,0,0,0
2588,2,2589,2587,0,0,0,0,0,0,0,0
2589,2,2590,2588,0,0,0,0,0,0,0,0
2590,2,2591,2589,0,0,0,0,0,0,0,0
2591,1,2590,0,0,0,0,0,0,0,0,0
2592,1,2593,0,0,0,0,0,0,0,0,0
2593,2,2594,2592,0,0,0,0,0,0,0,0
2594,2,2595,2593,0,0,0,0,0,0,0,0
2595,2,2596,2594,0,0,0,0,0,0,0,0
2596,3,2660,2595,2527,0,0,0,0,0,0,0
2597,3,2600,2623,2565,0,0,0,0,0,0,0
2598,2,2599,2524,0,0,0,0,0,0,0,0
2599,2,2598,2691,0,0,0,0,0,0,0,0
2600,2,2601,2597,0,0,0,0,0,0,0,0
2601,1,2600,0,0,0,0,0,0,0,0,0
2602,2,2603,2502,0,0,0,0,0,0,0,0
2603,2,2604,2602,0,0,0,0,0,0,0,0
2604,3,2692,2603,2618,0,0,0,0,0,0,0
2605,2,2606,2561,0,0,0,0,0,0,0,0
2606,2,2526,2605,0,0,0,0,0,0,0,0
2607,2,2608,2550,0,0,0,0,0,0,0,0
2608,2,2609,2607,0,0,0,0,0,0,0,0
2609,2,2610,2608,0,0,0,0,0,0,0,0
2610,2,2609,2653,0,0,0,0,0,0,0,0
2611,3,2612,2654,2695,0,0,0,0,0,0,0
2612,2,2427,2611,0,0,0,0,0,0,0,0
2613,2,2614,2424,0,0,0,0,0,0,0,0
2614,2,2615,2613,0,0,0,0,0,0,0,0
2615,2,2616,2614,0,0,0,0,0,0,0,0
2616,2,2615,2708,0,0,0,0,0,0,0,0
2617,2,2561,2417,0,0,0,0,0,0,0,0
2618,2,2604,2581,0,0,0,0,0,0,0,0
2619,1,2483,0,0,0,0,0,0,0,0,0
2620,2,2621,2559,0,0,0,0,0,0,0,0
2621,2,2622,2620,0,0,0,0,0,0,0,0
2622,2,2427,2621,0,0,0,0,0,0,0,0
2623,2,2624,2597,0,0,0,0,0,0,0,0
2624,2,2625,2623,0,0,0,0,0,0,0,0
2625,2,2524,2624,0,0,0,0,0,0,0,0
2626,4,2627,2630,2642,2713,0,0,0,0,0,0
2627,3,2675,2728,2626,0,0,0,0,0,0,0
2628,2,2629,2649,0,0,0,0,0,0,0,0
2629,2,2628,2712,0,0,0,0,0,0,0,0
2630,1,2626,0,0,0,0,0,0,0,0,0
2631,3,2632,2639,2641,0,0,0,0,0,0,0
2632,2,2633,2631,0,0,0,0,0,0,0,0
2633,2,2634,2632,0,0,0,0,0,0,0,0
2634,1,2633,0,0,0,0,0,0,0,0,0
2635,3,2636,2638,2645,0,0,0,0,0,0,0
2636,2,2637,2635,0,0,0,0,0,0,0,0
2637,1,2636,0,0,0,0,0,0,0,0,0
2638,2,2635,2659,0,0,0,0,0,0,0,0
2639,1,2631,0,0,0,0,0,0,0,0,0
2640,2,2641,2680,0,0,0,0,0,0,0,0
2641,2,2631,2640,0,0,0,0,0,0,0,0
2642,2,2643,2626,0,0,0,0,0,0,0,0
2643,2,2576,2642,0,0,0,0,0,0,0,0
2644,3,2645,2673,2681,0,0,0,0,0,0,0
2645,2,2635,2644,0,0,0,0,0,0,0,0
2646,2,2647,2699,0,0,0,0,0,0,0,0
2647,2,2648,2646,0,0,0,0,0,0,0,0
2648,1,2647,0,0,0,0,0,0,0,0,0
2649,2,2650,2628,0,0,0,0,0,0,0,0
2650,2,2651,2649,0,0,0,0,0,0,0,0
2651,2,2652,2650,0,0,0,0,0,0,0,0
2652,2,2653,2651,0,0,0,0,0,0,0,0
2653,2,2610,2652,0,0,0,0,0,0,0,0
2654,2,2655,2611,0,0,0,0,0,0,0,0
2655,2,2656,2654,0,0,0,0,0,0,0,0
2656,2,2657,2655,0,0,0,0,0,0,0,0
2657,2,2658,2656,0,0,0,0,0,0,0,0
2658,2,2659,2657,0,0,0,0,0,0,0,0
2659,2,2638,2658,0,0,0,0,0,0,0,0
2660,2,2661,2596,0,0,0,0,0,0,0,0
2661,2,2662,2660,0,0,0,0,0,0,0,0
2662,2,2663,2661,0,0,0,0,0,0,0,0
2663,2,2664,2662,0,0,0,0,0,0,0,0
2664,2,2665,2663,0,0,0,0,0,0,0,0
2665,2,2666,2664,0,0,0,0,0,0,0,0
2666,2,2667,2665,0,0,0,0,0,0,0,0
2667,2,2668,2666,0,0,0,0,0,0,0,0
2668,2,2669,2667,0,0,0,0,0,0,0,0
2669,2,2670,2668,0,0,0,0,0,0,0,0
2670,2,2671,2669,0,0,0,0,0,0,0,0
2671,2,2672,2670,0,0,0,0,0,0,0,0
2672,1,2671,0,0,0,0,0,0,0,0,0
2673,1,2644,0,0,0,0,0,0,0,0,0
2674,1,2689,0,0,0,0,0,0,0,0,0
2675,2,2676,2627,0,0,0,0,0,0,0,0
2676,2,2531,2675,0,0,0,0,0,0,0,0
2677,2,2678,2553,0,0,0,0,0,0,0,0
2678,2,2679,2677,0,0,0,0,0,0,0,0
2679,3,2678,2682,2683,0,0,0,0,0,0,0
2680,3,2682,2640,2688,0,0,0,0,0,0,0
2681,1,2644,0,0,0,0,0,0,0,0,0
2682,2,2679,2680,0,0,0,0,0,0,0,0
2683,1,2679,0,0,0,0,0,0,0,0,0
2684,1,2574,0,0,0,0,0,0,0,0,0
2685,1,2686,0,0,0,0,0,0,0,0,0
2686,2,2687,2685,0,0,0,0,0,0,0,0
2687,2,2559,2686,0,0,0,0,0,0,0,0
2688,2,2680,2557,0,0,0,0,0,0,0,0
2689,2,2690,2674,0,0,0,0,0,0,0,0
2690,2,2691,2689,0,0,0,0,0,0,0,0
2691,2,2599,2690,0,0,0,0,0,0,0,0
2692,2,2693,2604,0,0,0,0,0,0,0,0
2693,1,2692,0,0,0,0,0,0,0,0,0
2694,1,2574,0,0,0,0,0,0,0,0,0
2695,2,2573,2611,0,0,0,0,0,0,0,0
2696,2,2697,2512,0,0,0,0,0,0,0,0
2697,2,2698,2696,0,0,0,0,0,0,0,0
2698,2,2699,2697,0,0,0,0,0,0,0,0
2699,2,2646,2698,0,0,0,0,0,0,0,0
2700,2,2701,2573,0,0,0,0,0,0,0,0
2701,2,2702,2700,0,0,0,0,0,0,0,0
2702,1,2701,0,0,0,0,0,0,0,0,0
2703,2,2704,2512,0,0,0,0,0,0,0,0
2704,2,2705,2703,0,0,0,0,0,0,0,0
2705,2,2706,2704,0,0,0,0,0,0,0,0
2706,2,2707,2705,0,0,0,0,0,0,0,0
2707,2,2708,2706,0,0,0,0,0,0,0,0
2708,2,2616,2707,0,0,0,0,0,0,0,0
2709,2,2710,2716,0,0,0,0,0,0,0,0
2710,2,2711,2709,0,0,0,0,0,0,0,0
2711,2,2712,2710,0,0,0,0,0,0,0,0
2712,2,2629,2711,0,0,0,0,0,0,0,0
2713,2,2714,2626,0,0,0,0,0,0,0,0
2714,2,2715,2713,0,0,0,0,0,0,0,0
2715,2,2718,2714,0,0,0,0,0,0,0,0
2716,2,2717,2709,0,0,0,0,0,0,0,0
2717,1,2716,0,0,0,0,0,0,0,0,0
2718,1,2715,0,0,0,0,0,0,0,0,0
2719,1,2720,0,0,0,0,0,0,0,0,0
2720,2,2721,2719,0,0,0,0,0,0,0,0
2721,2,2722,2720,0,0,0,0,0,0,0,0
2722,2,2723,2721,0,0,0,0,0,0,0,0
2723,2,2724,2722,0,0,0,0,0,0,0,0
2724,2,2725,2723,0,0,0,0,0,0,0,0
2725,2,2726,2724,0,0,0,0,0,0,0,0
2726,2,2727,2725,0,0,0,0,0,0,0,0
2727,2,2150,2726,0,0,0,0,0,0,0,0
2728,2,2729,2627,0,0,0,0,0,0,0,0
2729,2,2730,2728,0,0,0,0,0,0,0,0
2730,2,2731,2729,0,0,0,0,0,0,0,0
2731,2,2732,2730,0,0,0,0,0,0,0,0
2732,1,2731,0,0,0,0,0,0,0,0,0
