0,4,0,8,10,36,0,0,0,0,0,0
1,3,1,6,0,0,0,0,0,0,0,0
2,2,2,1,0,0,0,0,0,0,0,0
3,2,4,2,0,0,0,0,0,0,0,0
4,3,3,14,13,0,0,0,0,0,0,0
5,3,15,3,4,0,0,0,0,0,0,0
6,2,5,19,0,0,0,0,0,0,0,0
7,4,5,11,15,31,0,0,0,0,0,0
8,2,7,6,0,0,0,0,0,0,0,0
9,2,30,7,0,0,0,0,0,0,0,0
10,2,9,8,0,0,0,0,0,0,0,0
11,3,9,21,28,0,0,0,0,0,0,0
12,2,11,10,0,0,0,0,0,0,0,0
13,4,12,19,26,34,0,0,0,0,0,0
14,2,13,12,0,0,0,0,0,0,0,0
15,3,33,14,20,0,0,0,0,0,0,0
16,2,16,29,0,0,0,0,0,0,0,0
17,3,21,16,23,0,0,0,0,0,0,0
18,1,17,0,0,0,0,0,0,0,0,0
19,2,32,17,0,0,0,0,0,0,0,0
20,3,18,20,25,0,0,0,0,0,0,0
21,3,55,18,35,0,0,0,0,0,0,0
22,3,22,54,29,0,0,0,0,0,0,0
23,1,22,0,0,0,0,0,0,0,0,0
24,4,23,81,65,70,0,0,0,0,0,0
25,3,24,35,52,0,0,0,0,0,0,0
26,2,53,24,0,0,0,0,0,0,0,0
27,3,25,45,50,0,0,0,0,0,0,0
28,2,27,26,0,0,0,0,0,0,0,0
29,2,27,44,0,0,0,0,0,0,0,0
30,3,28,70,46,0,0,0,0,0,0,0
31,2,47,30,0,0,0,0,0,0,0,0
32,3,31,42,49,0,0,0,0,0,0,0
33,3,32,34,56,0,0,0,0,0,0,0
34,4,50,56,33,67,0,0,0,0,0,0
35,2,37,36,0,0,0,0,0,0,0,0
36,2,38,37,0,0,0,0,0,0,0,0
37,5,48,59,38,51,76,0,0,0,0,0
38,1,-1,0,0,0,0,0,0,0,0,0
39,1,-1,0,0,0,0,0,0,0,0,0
40,3,41,40,87,0,0,0,0,0,0,0
41,1,41,0,0,0,0,0,0,0,0,0
42,2,42,69,0,0,0,0,0,0,0,0
43,4,43,57,69,95,0,0,0,0,0,0
44,1,-1,0,0,0,0,0,0,0,0,0
45,3,45,72,88,0,0,0,0,0,0,0
46,2,46,51,0,0,0,0,0,0,0,0
47,3,47,80,84,0,0,0,0,0,0,0
48,2,49,48,0,0,0,0,0,0,0,0
49,3,64,68,52,0,0,0,0,0,0,0
50,3,63,53,66,0,0,0,0,0,0,0
51,3,72,55,68,0,0,0,0,0,0,0
52,4,67,74,107,57,0,0,0,0,0,0
53,4,58,66,79,108,0,0,0,0,0,0
54,1,58,0,0,0,0,0,0,0,0,0
55,2,60,59,0,0,0,0,0,0,0,0
56,2,61,60,0,0,0,0,0,0,0,0
57,3,101,61,118,0,0,0,0,0,0,0
58,3,62,64,75,0,0,0,0,0,0,0
59,3,85,62,109,0,0,0,0,0,0,0
60,4,63,85,97,105,0,0,0,0,0,0
61,4,65,71,77,86,0,0,0,0,0,0
62,3,73,98,79,0,0,0,0,0,0,0
63,2,73,100,0,0,0,0,0,0,0,0
64,4,88,91,74,94,0,0,0,0,0,0
65,4,75,115,125,126,0,0,0,0,0,0
66,1,-1,0,0,0,0,0,0,0,0,0
67,3,89,90,77,0,0,0,0,0,0,0
68,3,78,87,106,0,0,0,0,0,0,0
69,3,103,78,86,0,0,0,0,0,0,0
70,3,80,99,127,0,0,0,0,0,0,0
71,4,81,102,116,133,0,0,0,0,0,0
72,5,82,93,104,129,158,0,0,0,0,0
73,2,83,82,0,0,0,0,0,0,0,0
74,2,84,83,0,0,0,0,0,0,0,0
75,3,133,152,89,0,0,0,0,0,0,0
76,3,90,103,114,0,0,0,0,0,0,0
77,2,92,91,0,0,0,0,0,0,0,0
78,1,-1,0,0,0,0,0,0,0,0,0
79,3,151,93,122,0,0,0,0,0,0,0
80,3,94,113,126,0,0,0,0,0,0,0
81,2,96,95,0,0,0,0,0,0,0,0
82,4,164,181,96,170,0,0,0,0,0,0
83,3,97,110,119,0,0,0,0,0,0,0
84,3,155,98,154,0,0,0,0,0,0,0
85,3,106,124,99,0,0,0,0,0,0,0
86,3,100,111,120,0,0,0,0,0,0,0
87,2,102,101,0,0,0,0,0,0,0,0
88,1,104,0,0,0,0,0,0,0,0,0
89,3,105,108,117,0,0,0,0,0,0,0
90,3,109,123,125,0,0,0,0,0,0,0
91,4,110,117,216,135,0,0,0,0,0,0
92,4,213,111,155,209,0,0,0,0,0,0
93,3,112,122,190,0,0,0,0,0,0,0
94,3,146,112,221,0,0,0,0,0,0,0
95,4,134,144,191,113,0,0,0,0,0,0
96,1,-1,0,0,0,0,0,0,0,0,0
97,3,153,189,115,0,0,0,0,0,0,0
98,3,116,137,184,0,0,0,0,0,0,0
99,4,118,136,187,208,0,0,0,0,0,0
100,3,119,147,123,0,0,0,0,0,0,0
101,2,121,120,0,0,0,0,0,0,0,0
102,3,142,168,121,0,0,0,0,0,0,0
103,3,145,150,124,0,0,0,0,0,0,0
104,2,128,127,0,0,0,0,0,0,0,0
105,4,157,128,132,194,0,0,0,0,0,0
106,2,130,129,0,0,0,0,0,0,0,0
107,2,131,130,0,0,0,0,0,0,0,0
108,1,-1,0,0,0,0,0,0,0,0,0
109,3,134,211,224,0,0,0,0,0,0,0
110,4,135,154,206,207,0,0,0,0,0,0
111,2,137,136,0,0,0,0,0,0,0,0
112,3,138,156,180,0,0,0,0,0,0,0
113,2,139,138,0,0,0,0,0,0,0,0
114,2,140,139,0,0,0,0,0,0,0,0
115,2,141,140,0,0,0,0,0,0,0,0
116,3,214,141,162,0,0,0,0,0,0,0
117,2,143,142,0,0,0,0,0,0,0,0
118,3,217,143,173,0,0,0,0,0,0,0
119,2,144,153,0,0,0,0,0,0,0,0
120,3,218,145,157,0,0,0,0,0,0,0
121,3,204,146,174,0,0,0,0,0,0,0
122,2,148,147,0,0,0,0,0,0,0,0
123,4,195,148,165,203,0,0,0,0,0,0
124,3,149,150,167,0,0,0,0,0,0,0
125,2,151,232,0,0,0,0,0,0,0,0
126,4,183,222,152,251,0,0,0,0,0,0
127,2,156,171,0,0,0,0,0,0,0,0
128,2,159,158,0,0,0,0,0,0,0,0
129,2,160,159,0,0,0,0,0,0,0,0
130,2,161,160,0,0,0,0,0,0,0,0
131,2,162,161,0,0,0,0,0,0,0,0
132,3,163,182,192,0,0,0,0,0,0,0
133,3,198,164,284,0,0,0,0,0,0,0
134,3,165,212,189,0,0,0,0,0,0,0
135,3,166,248,318,0,0,0,0,0,0,0
136,3,166,188,193,0,0,0,0,0,0,0
137,4,167,199,210,235,0,0,0,0,0,0
138,4,168,213,240,282,0,0,0,0,0,0
139,3,169,233,186,0,0,0,0,0,0,0
140,2,170,169,0,0,0,0,0,0,0,0
141,2,172,171,0,0,0,0,0,0,0,0
142,2,172,215,0,0,0,0,0,0,0,0
143,3,173,205,219,0,0,0,0,0,0,0
144,2,174,236,0,0,0,0,0,0,0,0
145,3,175,254,270,0,0,0,0,0,0,0
146,2,176,175,0,0,0,0,0,0,0,0
147,2,177,176,0,0,0,0,0,0,0,0
148,2,178,177,0,0,0,0,0,0,0,0
149,2,179,178,0,0,0,0,0,0,0,0
150,2,180,179,0,0,0,0,0,0,0,0
151,2,182,181,0,0,0,0,0,0,0,0
152,2,184,183,0,0,0,0,0,0,0,0
153,3,185,210,223,0,0,0,0,0,0,0
154,2,188,187,0,0,0,0,0,0,0,0
155,4,190,194,249,250,0,0,0,0,0,0
156,2,192,191,0,0,0,0,0,0,0,0
157,2,196,195,0,0,0,0,0,0,0,0
158,2,197,196,0,0,0,0,0,0,0,0
159,4,197,241,272,346,0,0,0,0,0,0
160,3,245,198,311,0,0,0,0,0,0,0
161,4,199,218,243,279,0,0,0,0,0,0
162,3,200,244,220,0,0,0,0,0,0,0
163,3,227,200,246,0,0,0,0,0,0,0
164,4,201,275,216,273,0,0,0,0,0,0
165,2,202,201,0,0,0,0,0,0,0,0
166,2,203,202,0,0,0,0,0,0,0,0
167,3,204,266,286,0,0,0,0,0,0,0
168,4,237,205,239,252,0,0,0,0,0,0
169,3,209,206,234,0,0,0,0,0,0,0
170,3,320,207,278,0,0,0,0,0,0,0
171,3,208,280,281,0,0,0,0,0,0,0
172,3,211,245,317,0,0,0,0,0,0,0
173,4,224,255,212,261,0,0,0,0,0,0
174,2,215,214,0,0,0,0,0,0,0,0
175,3,242,252,217,0,0,0,0,0,0,0
176,2,220,219,0,0,0,0,0,0,0,0
177,3,221,226,250,0,0,0,0,0,0,0
178,2,223,222,0,0,0,0,0,0,0,0
179,2,225,253,0,0,0,0,0,0,0,0
180,3,259,291,225,0,0,0,0,0,0,0
181,3,226,285,263,0,0,0,0,0,0,0
182,3,257,262,227,0,0,0,0,0,0,0
183,3,228,236,344,0,0,0,0,0,0,0
184,2,229,228,0,0,0,0,0,0,0,0
185,2,230,229,0,0,0,0,0,0,0,0
186,2,231,230,0,0,0,0,0,0,0,0
187,2,232,231,0,0,0,0,0,0,0,0
188,1,-1,0,0,0,0,0,0,0,0,0
189,3,234,265,305,0,0,0,0,0,0,0
190,3,235,260,313,0,0,0,0,0,0,0
191,3,264,237,319,0,0,0,0,0,0,0
192,3,238,274,244,0,0,0,0,0,0,0
193,2,239,238,0,0,0,0,0,0,0,0
194,3,240,267,242,0,0,0,0,0,0,0
195,3,241,256,307,0,0,0,0,0,0,0
196,3,243,249,258,0,0,0,0,0,0,0
197,2,246,277,0,0,0,0,0,0,0,0
198,4,247,280,342,349,0,0,0,0,0,0
199,1,-1,0,0,0,0,0,0,0,0,0
200,4,251,260,281,288,0,0,0,0,0,0
201,2,254,253,0,0,0,0,0,0,0,0
202,2,256,255,0,0,0,0,0,0,0,0
203,2,257,299,0,0,0,0,0,0,0,0
204,4,258,300,302,337,0,0,0,0,0,0
205,3,289,314,259,0,0,0,0,0,0,0
206,4,261,323,370,398,0,0,0,0,0,0
207,3,262,274,312,0,0,0,0,0,0,0
208,3,263,266,297,0,0,0,0,0,0,0
209,3,264,267,308,0,0,0,0,0,0,0
210,4,282,298,265,350,0,0,0,0,0,0
211,3,268,327,407,0,0,0,0,0,0,0
212,2,269,268,0,0,0,0,0,0,0,0
213,2,270,269,0,0,0,0,0,0,0,0
214,4,271,273,343,367,0,0,0,0,0,0
215,2,272,271,0,0,0,0,0,0,0,0
216,2,276,275,0,0,0,0,0,0,0,0
217,3,278,276,306,0,0,0,0,0,0,0
218,3,277,290,309,0,0,0,0,0,0,0
219,4,279,310,329,301,0,0,0,0,0,0
220,2,284,283,0,0,0,0,0,0,0,0
221,2,286,285,0,0,0,0,0,0,0,0
222,3,287,347,354,0,0,0,0,0,0,0
223,2,288,287,0,0,0,0,0,0,0,0
224,3,399,289,381,0,0,0,0,0,0,0
225,3,360,290,335,0,0,0,0,0,0,0
226,2,292,291,0,0,0,0,0,0,0,0
227,2,293,292,0,0,0,0,0,0,0,0
228,2,294,293,0,0,0,0,0,0,0,0
229,3,391,294,328,0,0,0,0,0,0,0
230,3,295,332,309,0,0,0,0,0,0,0
231,2,295,365,0,0,0,0,0,0,0,0
232,3,296,338,316,0,0,0,0,0,0,0
233,3,296,331,390,0,0,0,0,0,0,0
234,4,297,334,344,368,0,0,0,0,0,0
235,3,357,366,298,0,0,0,0,0,0,0
236,3,299,335,325,0,0,0,0,0,0,0
237,2,301,300,0,0,0,0,0,0,0,0
238,2,303,302,0,0,0,0,0,0,0,0
239,2,304,303,0,0,0,0,0,0,0,0
240,1,304,0,0,0,0,0,0,0,0,0
241,4,305,320,359,362,0,0,0,0,0,0
242,3,306,339,372,0,0,0,0,0,0,0
243,3,307,355,370,0,0,0,0,0,0,0
244,3,308,333,340,0,0,0,0,0,0,0
245,3,326,310,313,0,0,0,0,0,0,0
246,4,311,321,352,413,0,0,0,0,0,0
247,4,312,319,330,336,0,0,0,0,0,0
248,2,315,314,0,0,0,0,0,0,0,0
249,2,316,315,0,0,0,0,0,0,0,0
250,3,317,322,323,0,0,0,0,0,0,0
251,3,318,341,380,0,0,0,0,0,0,0
252,1,-1,0,0,0,0,0,0,0,0,0
253,3,324,385,403,0,0,0,0,0,0,0
254,4,325,336,358,397,0,0,0,0,0,0
255,3,406,326,374,0,0,0,0,0,0,0
256,2,328,327,0,0,0,0,0,0,0,0
257,3,329,356,406,0,0,0,0,0,0,0
258,4,330,333,386,394,0,0,0,0,0,0
259,1,331,0,0,0,0,0,0,0,0,0
260,3,332,378,405,0,0,0,0,0,0,0
261,2,371,334,0,0,0,0,0,0,0,0
262,2,337,361,0,0,0,0,0,0,0,0
263,1,338,0,0,0,0,0,0,0,0,0
264,3,339,396,343,0,0,0,0,0,0,0
265,4,340,350,351,404,0,0,0,0,0,0
266,2,342,341,0,0,0,0,0,0,0,0
267,3,345,355,379,0,0,0,0,0,0,0
268,2,346,345,0,0,0,0,0,0,0,0
269,2,348,347,0,0,0,0,0,0,0,0
270,2,349,348,0,0,0,0,0,0,0,0
271,4,425,351,357,461,0,0,0,0,0,0
272,2,353,352,0,0,0,0,0,0,0,0
273,3,446,353,403,0,0,0,0,0,0,0
274,2,354,429,0,0,0,0,0,0,0,0
275,3,356,361,382,0,0,0,0,0,0,0
276,3,358,360,410,0,0,0,0,0,0,0
277,4,359,372,375,430,0,0,0,0,0,0
278,3,362,395,366,0,0,0,0,0,0,0
279,3,363,373,431,0,0,0,0,0,0,0
280,2,364,363,0,0,0,0,0,0,0,0
281,2,365,364,0,0,0,0,0,0,0,0
282,4,367,379,409,457,0,0,0,0,0,0
283,2,369,368,0,0,0,0,0,0,0,0
284,2,436,369,0,0,0,0,0,0,0,0
285,2,604,371,0,0,0,0,0,0,0,0
286,4,377,452,373,411,0,0,0,0,0,0
287,2,374,460,0,0,0,0,0,0,0,0
288,2,376,375,0,0,0,0,0,0,0,0
289,4,376,396,447,479,0,0,0,0,0,0
290,2,378,377,0,0,0,0,0,0,0,0
291,4,380,414,481,385,0,0,0,0,0,0
292,3,381,420,551,0,0,0,0,0,0,0
293,2,383,382,0,0,0,0,0,0,0,0
294,2,384,383,0,0,0,0,0,0,0,0
295,2,384,416,0,0,0,0,0,0,0,0
296,4,386,454,455,404,0,0,0,0,0,0
297,3,387,445,536,0,0,0,0,0,0,0
298,2,388,387,0,0,0,0,0,0,0,0
299,1,-1,0,0,0,0,0,0,0,0,0
300,2,390,389,0,0,0,0,0,0,0,0
301,1,-1,0,0,0,0,0,0,0,0,0
302,2,393,392,0,0,0,0,0,0,0,0
303,3,444,393,407,0,0,0,0,0,0,0
304,3,394,397,459,0,0,0,0,0,0,0
305,3,395,426,428,0,0,0,0,0,0,0
306,1,-1,0,0,0,0,0,0,0,0,0
307,2,400,399,0,0,0,0,0,0,0,0
308,2,401,400,0,0,0,0,0,0,0,0
309,2,402,401,0,0,0,0,0,0,0,0
310,4,402,419,424,487,0,0,0,0,0,0
311,3,405,427,433,0,0,0,0,0,0,0
312,3,408,414,463,0,0,0,0,0,0,0
313,1,-1,0,0,0,0,0,0,0,0,0
314,5,456,492,502,507,409,0,0,0,0,0
315,3,410,468,508,0,0,0,0,0,0,0
316,4,411,427,489,476,0,0,0,0,0,0
317,3,412,480,520,0,0,0,0,0,0,0
318,2,413,412,0,0,0,0,0,0,0,0
319,2,415,453,0,0,0,0,0,0,0,0
320,2,416,415,0,0,0,0,0,0,0,0
321,2,417,451,0,0,0,0,0,0,0,0
322,2,418,417,0,0,0,0,0,0,0,0
323,2,419,418,0,0,0,0,0,0,0,0
324,2,421,420,0,0,0,0,0,0,0,0
325,2,422,421,0,0,0,0,0,0,0,0
326,2,423,422,0,0,0,0,0,0,0,0
327,2,424,423,0,0,0,0,0,0,0,0
328,4,426,510,425,482,0,0,0,0,0,0
329,3,428,430,488,0,0,0,0,0,0,0
330,3,429,434,464,0,0,0,0,0,0,0
331,2,432,431,0,0,0,0,0,0,0,0
332,3,442,432,465,0,0,0,0,0,0,0
333,3,433,521,553,0,0,0,0,0,0,0
334,1,-1,0,0,0,0,0,0,0,0,0
335,3,435,460,473,0,0,0,0,0,0,0
336,3,470,435,453,0,0,0,0,0,0,0
337,2,437,436,0,0,0,0,0,0,0,0
338,2,438,437,0,0,0,0,0,0,0,0
339,2,439,438,0,0,0,0,0,0,0,0
340,2,440,439,0,0,0,0,0,0,0,0
341,2,441,440,0,0,0,0,0,0,0,0
342,2,579,441,0,0,0,0,0,0,0,0
343,2,443,442,0,0,0,0,0,0,0,0
344,4,552,443,452,469,0,0,0,0,0,0
345,3,444,472,543,0,0,0,0,0,0,0
346,2,445,490,0,0,0,0,0,0,0,0
347,1,-1,0,0,0,0,0,0,0,0,0
348,4,447,491,458,526,0,0,0,0,0,0
349,4,448,467,490,549,0,0,0,0,0,0
350,2,449,448,0,0,0,0,0,0,0,0
351,2,450,449,0,0,0,0,0,0,0,0
352,2,451,450,0,0,0,0,0,0,0,0
353,4,461,498,454,512,0,0,0,0,0,0
354,4,459,499,455,468,0,0,0,0,0,0
355,2,458,457,0,0,0,0,0,0,0,0
356,3,493,462,533,0,0,0,0,0,0,0
357,3,463,517,527,0,0,0,0,0,0,0
358,3,464,513,566,0,0,0,0,0,0,0
359,3,465,578,571,0,0,0,0,0,0,0
360,3,466,483,515,0,0,0,0,0,0,0
361,2,467,466,0,0,0,0,0,0,0,0
362,3,469,476,501,0,0,0,0,0,0,0
363,1,470,0,0,0,0,0,0,0,0,0
364,1,471,0,0,0,0,0,0,0,0,0
365,2,472,471,0,0,0,0,0,0,0,0
366,3,473,474,494,0,0,0,0,0,0,0
367,2,475,474,0,0,0,0,0,0,0,0
368,4,477,506,532,577,0,0,0,0,0,0
369,2,478,477,0,0,0,0,0,0,0,0
370,2,479,478,0,0,0,0,0,0,0,0
371,1,-1,0,0,0,0,0,0,0,0,0
372,4,482,506,488,509,0,0,0,0,0,0
373,2,484,483,0,0,0,0,0,0,0,0
374,2,485,484,0,0,0,0,0,0,0,0
375,2,486,485,0,0,0,0,0,0,0,0
376,2,487,486,0,0,0,0,0,0,0,0
377,3,489,505,511,0,0,0,0,0,0,0
378,4,598,651,491,504,0,0,0,0,0,0
379,4,650,492,520,554,0,0,0,0,0,0
380,1,493,0,0,0,0,0,0,0,0,0
381,2,495,494,0,0,0,0,0,0,0,0
382,2,496,495,0,0,0,0,0,0,0,0
383,2,497,496,0,0,0,0,0,0,0,0
384,3,533,497,572,0,0,0,0,0,0,0
385,4,568,498,510,570,0,0,0,0,0,0
386,3,537,561,499,0,0,0,0,0,0,0
387,3,500,508,597,0,0,0,0,0,0,0
388,3,518,553,500,0,0,0,0,0,0,0
389,3,538,574,501,0,0,0,0,0,0,0
390,2,503,502,0,0,0,0,0,0,0,0
391,2,504,503,0,0,0,0,0,0,0,0
392,3,505,514,538,0,0,0,0,0,0,0
393,3,559,507,652,0,0,0,0,0,0,0
394,3,509,540,516,0,0,0,0,0,0,0
395,3,511,529,530,0,0,0,0,0,0,0
396,3,512,539,537,0,0,0,0,0,0,0
397,4,513,572,580,676,0,0,0,0,0,0
398,3,514,530,601,0,0,0,0,0,0,0
399,3,515,556,584,0,0,0,0,0,0,0
400,3,516,570,642,0,0,0,0,0,0,0
401,3,517,531,557,0,0,0,0,0,0,0
402,2,519,518,0,0,0,0,0,0,0,0
403,2,519,660,0,0,0,0,0,0,0,0
404,2,521,573,0,0,0,0,0,0,0,0
405,2,523,522,0,0,0,0,0,0,0,0
406,2,524,523,0,0,0,0,0,0,0,0
407,2,525,524,0,0,0,0,0,0,0,0
408,3,525,528,558,0,0,0,0,0,0,0
409,4,526,577,663,689,0,0,0,0,0,0
410,2,528,527,0,0,0,0,0,0,0,0
411,4,529,563,573,683,0,0,0,0,0,0
412,3,532,540,648,0,0,0,0,0,0,0
413,1,534,0,0,0,0,0,0,0,0,0
414,2,535,534,0,0,0,0,0,0,0,0
415,2,536,535,0,0,0,0,0,0,0,0
416,3,567,539,562,0,0,0,0,0,0,0
417,2,541,564,0,0,0,0,0,0,0,0
418,2,542,541,0,0,0,0,0,0,0,0
419,2,543,542,0,0,0,0,0,0,0,0
420,1,544,0,0,0,0,0,0,0,0,0
421,2,545,544,0,0,0,0,0,0,0,0
422,2,546,545,0,0,0,0,0,0,0,0
423,2,547,546,0,0,0,0,0,0,0,0
424,2,548,547,0,0,0,0,0,0,0,0
425,2,549,548,0,0,0,0,0,0,0,0
426,4,550,682,696,700,0,0,0,0,0,0
427,2,551,550,0,0,0,0,0,0,0,0
428,4,552,578,649,697,0,0,0,0,0,0
429,3,554,669,587,0,0,0,0,0,0,0
430,2,555,695,0,0,0,0,0,0,0,0
431,3,565,569,555,0,0,0,0,0,0,0
432,1,556,0,0,0,0,0,0,0,0,0
433,1,-1,0,0,0,0,0,0,0,0,0
434,3,558,585,603,0,0,0,0,0,0,0
435,2,560,559,0,0,0,0,0,0,0,0
436,4,722,560,651,747,0,0,0,0,0,0
437,3,562,680,561,0,0,0,0,0,0,0
438,2,563,600,0,0,0,0,0,0,0,0
439,2,564,639,0,0,0,0,0,0,0,0
440,2,565,647,0,0,0,0,0,0,0,0
441,3,566,599,668,0,0,0,0,0,0,0
442,3,567,568,688,0,0,0,0,0,0,0
443,2,569,579,0,0,0,0,0,0,0,0
444,2,571,582,0,0,0,0,0,0,0,0
445,3,649,574,699,0,0,0,0,0,0,0
446,5,575,592,674,701,698,0,0,0,0,0
447,3,576,599,640,0,0,0,0,0,0,0
448,3,759,580,730,0,0,0,0,0,0,0
449,3,581,648,724,0,0,0,0,0,0,0
450,3,591,642,581,0,0,0,0,0,0,0
451,3,745,776,582,0,0,0,0,0,0,0
452,4,583,665,662,672,0,0,0,0,0,0
453,2,584,583,0,0,0,0,0,0,0,0
454,2,586,585,0,0,0,0,0,0,0,0
455,3,586,590,733,0,0,0,0,0,0,0
456,4,587,652,728,734,0,0,0,0,0,0
457,5,588,643,1137,639,702,0,0,0,0,0
458,2,588,700,0,0,0,0,0,0,0,0
459,3,589,641,666,0,0,0,0,0,0,0
460,2,590,589,0,0,0,0,0,0,0,0
461,1,-1,0,0,0,0,0,0,0,0,0
462,2,592,650,0,0,0,0,0,0,0,0
463,4,593,707,751,886,0,0,0,0,0,0
464,2,594,593,0,0,0,0,0,0,0,0
465,2,595,594,0,0,0,0,0,0,0,0
466,2,596,595,0,0,0,0,0,0,0,0
467,2,597,596,0,0,0,0,0,0,0,0
468,4,598,689,755,790,0,0,0,0,0,0
469,3,600,746,703,0,0,0,0,0,0,0
470,4,699,601,723,743,0,0,0,0,0,0
471,2,603,602,0,0,0,0,0,0,0,0
472,2,605,604,0,0,0,0,0,0,0,0
473,2,606,605,0,0,0,0,0,0,0,0
474,2,607,606,0,0,0,0,0,0,0,0
475,2,608,607,0,0,0,0,0,0,0,0
476,2,609,608,0,0,0,0,0,0,0,0
477,2,610,609,0,0,0,0,0,0,0,0
478,2,611,610,0,0,0,0,0,0,0,0
479,2,612,611,0,0,0,0,0,0,0,0
480,2,613,612,0,0,0,0,0,0,0,0
481,2,614,613,0,0,0,0,0,0,0,0
482,2,615,614,0,0,0,0,0,0,0,0
483,2,616,615,0,0,0,0,0,0,0,0
484,2,617,616,0,0,0,0,0,0,0,0
485,2,618,617,0,0,0,0,0,0,0,0
486,2,619,618,0,0,0,0,0,0,0,0
487,2,620,619,0,0,0,0,0,0,0,0
488,2,621,620,0,0,0,0,0,0,0,0
489,2,622,621,0,0,0,0,0,0,0,0
490,2,623,622,0,0,0,0,0,0,0,0
491,2,624,623,0,0,0,0,0,0,0,0
492,2,625,624,0,0,0,0,0,0,0,0
493,2,626,625,0,0,0,0,0,0,0,0
494,2,627,626,0,0,0,0,0,0,0,0
495,2,628,627,0,0,0,0,0,0,0,0
496,2,629,628,0,0,0,0,0,0,0,0
497,2,630,629,0,0,0,0,0,0,0,0
498,2,631,630,0,0,0,0,0,0,0,0
499,2,632,631,0,0,0,0,0,0,0,0
500,2,633,632,0,0,0,0,0,0,0,0
501,2,634,633,0,0,0,0,0,0,0,0
502,2,635,634,0,0,0,0,0,0,0,0
503,2,636,635,0,0,0,0,0,0,0,0
504,2,637,636,0,0,0,0,0,0,0,0
505,2,638,637,0,0,0,0,0,0,0,0
506,3,1241,638,1117,0,0,0,0,0,0,0
507,2,641,640,0,0,0,0,0,0,0,0
508,2,644,643,0,0,0,0,0,0,0,0
509,2,645,644,0,0,0,0,0,0,0,0
510,2,646,645,0,0,0,0,0,0,0,0
511,2,647,646,0,0,0,0,0,0,0,0
512,3,653,690,1175,0,0,0,0,0,0,0
513,2,654,653,0,0,0,0,0,0,0,0
514,3,654,681,740,0,0,0,0,0,0,0
515,3,655,686,687,0,0,0,0,0,0,0
516,2,655,717,0,0,0,0,0,0,0,0
517,4,656,681,687,702,0,0,0,0,0,0
518,2,657,656,0,0,0,0,0,0,0,0
519,2,657,718,0,0,0,0,0,0,0,0
520,4,658,802,751,968,0,0,0,0,0,0
521,2,659,658,0,0,0,0,0,0,0,0
522,2,660,659,0,0,0,0,0,0,0,0
523,3,661,671,677,0,0,0,0,0,0,0
524,4,662,661,706,729,0,0,0,0,0,0
525,3,724,663,815,0,0,0,0,0,0,0
526,2,664,673,0,0,0,0,0,0,0,0
527,3,794,664,742,0,0,0,0,0,0,0
528,2,665,731,0,0,0,0,0,0,0,0
529,3,666,719,792,0,0,0,0,0,0,0
530,4,667,719,730,763,0,0,0,0,0,0
531,2,668,667,0,0,0,0,0,0,0,0
532,2,670,669,0,0,0,0,0,0,0,0
533,3,741,797,670,0,0,0,0,0,0,0
534,2,672,671,0,0,0,0,0,0,0,0
535,4,673,675,725,682,0,0,0,0,0,0
536,4,685,787,674,709,0,0,0,0,0,0
537,3,679,744,675,0,0,0,0,0,0,0
538,3,748,756,676,0,0,0,0,0,0,0
539,2,678,677,0,0,0,0,0,0,0,0
540,2,678,696,0,0,0,0,0,0,0,0
541,2,684,679,0,0,0,0,0,0,0,0
542,3,688,680,707,0,0,0,0,0,0,0
543,4,723,824,862,683,0,0,0,0,0,0
544,2,684,686,0,0,0,0,0,0,0,0
545,2,691,690,0,0,0,0,0,0,0,0
546,2,692,691,0,0,0,0,0,0,0,0
547,2,693,692,0,0,0,0,0,0,0,0
548,2,694,693,0,0,0,0,0,0,0,0
549,2,695,694,0,0,0,0,0,0,0,0
550,3,697,745,762,0,0,0,0,0,0,0
551,2,698,712,0,0,0,0,0,0,0,0
552,2,701,741,0,0,0,0,0,0,0,0
553,4,703,895,824,833,0,0,0,0,0,0
554,2,704,758,0,0,0,0,0,0,0,0
555,1,704,0,0,0,0,0,0,0,0,0
556,1,705,0,0,0,0,0,0,0,0,0
557,2,706,705,0,0,0,0,0,0,0,0
558,3,708,774,816,0,0,0,0,0,0,0
559,2,709,708,0,0,0,0,0,0,0,0
560,4,710,713,783,793,0,0,0,0,0,0
561,2,710,744,0,0,0,0,0,0,0,0
562,5,711,720,727,729,780,0,0,0,0,0
563,2,711,822,0,0,0,0,0,0,0,0
564,3,859,712,845,0,0,0,0,0,0,0
565,2,714,713,0,0,0,0,0,0,0,0
566,2,715,714,0,0,0,0,0,0,0,0
567,2,716,715,0,0,0,0,0,0,0,0
568,2,717,716,0,0,0,0,0,0,0,0
569,3,718,737,782,0,0,0,0,0,0,0
570,2,721,720,0,0,0,0,0,0,0,0
571,3,749,721,791,0,0,0,0,0,0,0
572,4,790,722,844,875,0,0,0,0,0,0
573,2,726,725,0,0,0,0,0,0,0,0
574,3,765,789,726,0,0,0,0,0,0,0
575,3,742,788,727,0,0,0,0,0,0,0
576,1,-1,0,0,0,0,0,0,0,0,0
577,1,731,0,0,0,0,0,0,0,0,0
578,4,732,792,810,775,0,0,0,0,0,0
579,2,733,732,0,0,0,0,0,0,0,0
580,2,735,734,0,0,0,0,0,0,0,0
581,2,736,735,0,0,0,0,0,0,0,0
582,4,747,757,786,736,0,0,0,0,0,0
583,2,738,737,0,0,0,0,0,0,0,0
584,2,739,738,0,0,0,0,0,0,0,0
585,2,740,739,0,0,0,0,0,0,0,0
586,2,743,825,0,0,0,0,0,0,0,0
587,3,746,814,820,0,0,0,0,0,0,0
588,4,831,748,760,840,0,0,0,0,0,0
589,2,750,749,0,0,0,0,0,0,0,0
590,3,856,873,750,0,0,0,0,0,0,0
591,2,753,752,0,0,0,0,0,0,0,0
592,3,753,757,838,0,0,0,0,0,0,0
593,4,754,815,883,920,0,0,0,0,0,0
594,2,755,754,0,0,0,0,0,0,0,0
595,2,756,827,0,0,0,0,0,0,0,0
596,2,758,938,0,0,0,0,0,0,0,0
597,2,760,759,0,0,0,0,0,0,0,0
598,3,761,809,847,0,0,0,0,0,0,0
599,2,762,761,0,0,0,0,0,0,0,0
600,2,764,763,0,0,0,0,0,0,0,0
601,3,846,863,764,0,0,0,0,0,0,0
602,2,766,765,0,0,0,0,0,0,0,0
603,2,767,766,0,0,0,0,0,0,0,0
604,2,768,767,0,0,0,0,0,0,0,0
605,2,769,768,0,0,0,0,0,0,0,0
606,2,770,769,0,0,0,0,0,0,0,0
607,2,771,770,0,0,0,0,0,0,0,0
608,2,772,771,0,0,0,0,0,0,0,0
609,4,817,772,796,807,0,0,0,0,0,0
610,3,773,785,819,0,0,0,0,0,0,0
611,2,773,789,0,0,0,0,0,0,0,0
612,2,775,774,0,0,0,0,0,0,0,0
613,2,777,776,0,0,0,0,0,0,0,0
614,3,830,777,890,0,0,0,0,0,0,0
615,1,778,0,0,0,0,0,0,0,0,0
616,2,779,778,0,0,0,0,0,0,0,0
617,2,780,779,0,0,0,0,0,0,0,0
618,3,781,823,867,0,0,0,0,0,0,0
619,2,782,781,0,0,0,0,0,0,0,0
620,2,784,783,0,0,0,0,0,0,0,0
621,2,785,784,0,0,0,0,0,0,0,0
622,3,834,786,808,0,0,0,0,0,0,0
623,1,-1,0,0,0,0,0,0,0,0,0
624,1,788,0,0,0,0,0,0,0,0,0
625,1,791,0,0,0,0,0,0,0,0,0
626,2,793,804,0,0,0,0,0,0,0,0
627,2,795,794,0,0,0,0,0,0,0,0
628,2,796,795,0,0,0,0,0,0,0,0
629,5,836,876,797,892,990,0,0,0,0,0
630,4,798,805,857,919,0,0,0,0,0,0
631,2,799,798,0,0,0,0,0,0,0,0
632,2,800,799,0,0,0,0,0,0,0,0
633,3,800,817,864,0,0,0,0,0,0,0
634,3,915,801,918,0,0,0,0,0,0,0
635,4,820,899,969,802,0,0,0,0,0,0
636,4,803,891,900,912,0,0,0,0,0,0
637,2,804,803,0,0,0,0,0,0,0,0
638,2,806,805,0,0,0,0,0,0,0,0
639,2,807,806,0,0,0,0,0,0,0,0
640,4,808,875,885,956,0,0,0,0,0,0
641,2,809,858,0,0,0,0,0,0,0,0
642,2,811,810,0,0,0,0,0,0,0,0
643,4,841,811,863,893,0,0,0,0,0,0
644,2,813,812,0,0,0,0,0,0,0,0
645,4,813,816,842,914,0,0,0,0,0,0
646,3,814,901,917,0,0,0,0,0,0,0
647,3,818,826,865,0,0,0,0,0,0,0
648,2,819,818,0,0,0,0,0,0,0,0
649,3,821,860,874,0,0,0,0,0,0,0
650,2,822,821,0,0,0,0,0,0,0,0
651,2,905,823,0,0,0,0,0,0,0,0
652,3,858,825,909,0,0,0,0,0,0,0
653,4,957,965,826,900,0,0,0,0,0,0
654,3,827,939,942,0,0,0,0,0,0,0
655,3,828,843,916,0,0,0,0,0,0,0
656,2,829,828,0,0,0,0,0,0,0,0
657,2,829,904,0,0,0,0,0,0,0,0
658,3,973,830,850,0,0,0,0,0,0,0
659,2,832,831,0,0,0,0,0,0,0,0
660,4,832,846,955,972,0,0,0,0,0,0
661,4,833,881,917,1009,0,0,0,0,0,0
662,2,835,834,0,0,0,0,0,0,0,0
663,4,835,885,1030,1050,0,0,0,0,0,0
664,2,837,836,0,0,0,0,0,0,0,0
665,2,838,837,0,0,0,0,0,0,0,0
666,4,839,864,882,911,0,0,0,0,0,0
667,2,839,866,0,0,0,0,0,0,0,0
668,2,840,898,0,0,0,0,0,0,0,0
669,2,842,841,0,0,0,0,0,0,0,0
670,3,843,854,856,0,0,0,0,0,0,0
671,3,844,894,954,0,0,0,0,0,0,0
672,4,845,892,944,1045,0,0,0,0,0,0
673,2,848,847,0,0,0,0,0,0,0,0
674,2,849,848,0,0,0,0,0,0,0,0
675,2,850,849,0,0,0,0,0,0,0,0
676,2,851,855,0,0,0,0,0,0,0,0
677,2,852,851,0,0,0,0,0,0,0,0
678,2,853,852,0,0,0,0,0,0,0,0
679,2,854,853,0,0,0,0,0,0,0,0
680,3,855,857,861,0,0,0,0,0,0,0
681,3,918,859,896,0,0,0,0,0,0,0
682,2,861,860,0,0,0,0,0,0,0,0
683,4,909,940,862,1012,0,0,0,0,0,0
684,2,866,865,0,0,0,0,0,0,0,0
685,2,868,867,0,0,0,0,0,0,0,0
686,2,869,868,0,0,0,0,0,0,0,0
687,2,870,869,0,0,0,0,0,0,0,0
688,2,871,870,0,0,0,0,0,0,0,0
689,2,872,871,0,0,0,0,0,0,0,0
690,3,897,872,913,0,0,0,0,0,0,0
691,2,874,873,0,0,0,0,0,0,0,0
692,2,877,876,0,0,0,0,0,0,0,0
693,1,-1,0,0,0,0,0,0,0,0,0
694,3,879,915,951,0,0,0,0,0,0,0
695,4,914,1020,879,953,0,0,0,0,0,0
696,3,880,902,910,0,0,0,0,0,0,0
697,2,880,950,0,0,0,0,0,0,0,0
698,2,881,1015,0,0,0,0,0,0,0,0
699,3,882,961,1014,0,0,0,0,0,0,0
700,2,884,883,0,0,0,0,0,0,0,0
701,3,1046,884,1042,0,0,0,0,0,0,0
702,2,887,886,0,0,0,0,0,0,0,0
703,5,1042,1256,887,1058,1074,0,0,0,0,0
704,3,888,1049,1181,0,0,0,0,0,0,0
705,2,889,888,0,0,0,0,0,0,0,0
706,2,890,889,0,0,0,0,0,0,0,0
707,3,926,891,967,0,0,0,0,0,0,0
708,4,893,952,971,1002,0,0,0,0,0,0
709,3,948,894,920,0,0,0,0,0,0,0
710,3,895,940,996,0,0,0,0,0,0,0
711,1,-1,0,0,0,0,0,0,0,0,0
712,3,897,924,988,0,0,0,0,0,0,0
713,3,898,941,946,0,0,0,0,0,0,0
714,3,1001,899,1039,0,0,0,0,0,0,0
715,2,970,901,0,0,0,0,0,0,0,0
716,2,903,902,0,0,0,0,0,0,0,0
717,2,904,903,0,0,0,0,0,0,0,0
718,2,906,905,0,0,0,0,0,0,0,0
719,2,907,906,0,0,0,0,0,0,0,0
720,2,908,907,0,0,0,0,0,0,0,0
721,3,908,1000,1073,0,0,0,0,0,0,0
722,1,910,0,0,0,0,0,0,0,0,0
723,4,911,919,925,962,0,0,0,0,0,0
724,2,913,912,0,0,0,0,0,0,0,0
725,2,916,964,0,0,0,0,0,0,0,0
726,3,921,999,1024,0,0,0,0,0,0,0
727,2,922,921,0,0,0,0,0,0,0,0
728,2,923,922,0,0,0,0,0,0,0,0
729,2,924,923,0,0,0,0,0,0,0,0
730,3,978,925,1125,0,0,0,0,0,0,0
731,2,927,926,0,0,0,0,0,0,0,0
732,3,927,997,1034,0,0,0,0,0,0,0
733,2,928,1075,0,0,0,0,0,0,0,0
734,2,929,928,0,0,0,0,0,0,0,0
735,2,930,929,0,0,0,0,0,0,0,0
736,2,931,930,0,0,0,0,0,0,0,0
737,2,932,931,0,0,0,0,0,0,0,0
738,2,933,932,0,0,0,0,0,0,0,0
739,2,934,933,0,0,0,0,0,0,0,0
740,2,935,934,0,0,0,0,0,0,0,0
741,2,936,935,0,0,0,0,0,0,0,0
742,2,937,936,0,0,0,0,0,0,0,0
743,2,938,937,0,0,0,0,0,0,0,0
744,2,939,1044,0,0,0,0,0,0,0,0
745,4,941,975,942,1054,0,0,0,0,0,0
746,4,943,1035,945,1025,0,0,0,0,0,0
747,2,945,944,0,0,0,0,0,0,0,0
748,4,946,955,976,1038,0,0,0,0,0,0
749,3,951,998,947,0,0,0,0,0,0,0
750,3,1040,1043,948,0,0,0,0,0,0,0
751,1,949,0,0,0,0,0,0,0,0,0
752,2,950,949,0,0,0,0,0,0,0,0
753,2,953,952,0,0,0,0,0,0,0,0
754,3,954,989,1010,0,0,0,0,0,0,0
755,3,1010,956,977,0,0,0,0,0,0,0
756,2,958,957,0,0,0,0,0,0,0,0
757,2,959,958,0,0,0,0,0,0,0,0
758,2,960,959,0,0,0,0,0,0,0,0
759,2,961,960,0,0,0,0,0,0,0,0
760,4,962,963,1011,1019,0,0,0,0,0,0
761,2,964,963,0,0,0,0,0,0,0,0
762,2,966,965,0,0,0,0,0,0,0,0
763,2,967,966,0,0,0,0,0,0,0,0
764,4,968,1057,1074,1189,0,0,0,0,0,0
765,3,1015,969,1131,0,0,0,0,0,0,0
766,1,970,0,0,0,0,0,0,0,0,0
767,2,972,971,0,0,0,0,0,0,0,0
768,3,1007,973,1003,0,0,0,0,0,0,0
769,3,974,1022,1128,0,0,0,0,0,0,0
770,2,974,1011,0,0,0,0,0,0,0,0
771,3,1056,975,1133,0,0,0,0,0,0,0
772,4,1002,1041,976,1209,0,0,0,0,0,0
773,3,977,1021,1031,0,0,0,0,0,0,0
774,2,979,978,0,0,0,0,0,0,0,0
775,3,991,1013,979,0,0,0,0,0,0,0
776,3,980,1023,1208,0,0,0,0,0,0,0
777,2,981,980,0,0,0,0,0,0,0,0
778,2,982,981,0,0,0,0,0,0,0,0
779,2,983,982,0,0,0,0,0,0,0,0
780,2,984,983,0,0,0,0,0,0,0,0
781,2,985,984,0,0,0,0,0,0,0,0
782,2,986,985,0,0,0,0,0,0,0,0
783,2,987,986,0,0,0,0,0,0,0,0
784,2,988,987,0,0,0,0,0,0,0,0
785,3,989,1040,1210,0,0,0,0,0,0,0
786,1,-1,0,0,0,0,0,0,0,0,0
787,2,992,991,0,0,0,0,0,0,0,0
788,2,993,992,0,0,0,0,0,0,0,0
789,2,994,993,0,0,0,0,0,0,0,0
790,2,995,994,0,0,0,0,0,0,0,0
791,2,995,1048,0,0,0,0,0,0,0,0
792,3,996,1026,1130,0,0,0,0,0,0,0
793,3,997,1027,1047,0,0,0,0,0,0,0
794,4,998,1020,1041,1134,0,0,0,0,0,0
795,2,1000,999,0,0,0,0,0,0,0,0
796,3,1001,1163,1206,0,0,0,0,0,0,0
797,4,1003,1012,1061,1127,0,0,0,0,0,0
798,2,1004,1019,0,0,0,0,0,0,0,0
799,2,1005,1004,0,0,0,0,0,0,0,0
800,3,1051,1005,1006,0,0,0,0,0,0,0
801,2,1006,1016,0,0,0,0,0,0,0,0
802,2,1008,1007,0,0,0,0,0,0,0,0
803,3,1008,1036,1132,0,0,0,0,0,0,0
804,3,1009,1026,1185,0,0,0,0,0,0,0
805,2,1014,1013,0,0,0,0,0,0,0,0
806,2,1017,1016,0,0,0,0,0,0,0,0
807,2,1018,1017,0,0,0,0,0,0,0,0
808,1,1018,0,0,0,0,0,0,0,0,0
809,3,1186,1021,1202,0,0,0,0,0,0,0
810,2,1055,1022,0,0,0,0,0,0,0,0
811,2,1024,1023,0,0,0,0,0,0,0,0
812,4,1025,1134,1165,1265,0,0,0,0,0,0
813,2,1028,1027,0,0,0,0,0,0,0,0
814,3,1059,1028,1201,0,0,0,0,0,0,0
815,4,1029,1190,1223,1231,0,0,0,0,0,0
816,2,1030,1029,0,0,0,0,0,0,0,0
817,2,1032,1031,0,0,0,0,0,0,0,0
818,4,1062,1160,1203,1032,0,0,0,0,0,0
819,3,1033,1060,1174,0,0,0,0,0,0,0
820,2,1034,1033,0,0,0,0,0,0,0,0
821,3,1158,1170,1035,0,0,0,0,0,0,0
822,3,1036,1049,1136,0,0,0,0,0,0,0
823,4,1037,1133,1184,1253,0,0,0,0,0,0
824,2,1038,1037,0,0,0,0,0,0,0,0
825,4,1039,1131,1212,1230,0,0,0,0,0,0
826,3,1043,1046,1187,0,0,0,0,0,0,0
827,2,1044,1126,0,0,0,0,0,0,0,0
828,4,1045,1228,1164,1311,0,0,0,0,0,0
829,2,1048,1047,0,0,0,0,0,0,0,0
830,3,1050,1062,1190,0,0,0,0,0,0,0
831,2,1135,1051,0,0,0,0,0,0,0,0
832,4,1052,1188,1222,1300,0,0,0,0,0,0
833,2,1053,1052,0,0,0,0,0,0,0,0
834,3,1136,1053,1254,0,0,0,0,0,0,0
835,4,1054,1217,1262,1304,0,0,0,0,0,0
836,3,1207,1055,1261,0,0,0,0,0,0,0
837,3,1056,1216,1234,0,0,0,0,0,0,0
838,4,1058,1057,1167,1227,0,0,0,0,0,0
839,2,1060,1059,0,0,0,0,0,0,0,0
840,3,1129,1061,1159,0,0,0,0,0,0,0
841,3,1063,1208,1276,0,0,0,0,0,0,0
842,2,1064,1063,0,0,0,0,0,0,0,0
843,2,1065,1064,0,0,0,0,0,0,0,0
844,2,1066,1065,0,0,0,0,0,0,0,0
845,2,1067,1066,0,0,0,0,0,0,0,0
846,2,1068,1067,0,0,0,0,0,0,0,0
847,2,1069,1068,0,0,0,0,0,0,0,0
848,2,1070,1069,0,0,0,0,0,0,0,0
849,2,1071,1070,0,0,0,0,0,0,0,0
850,2,1072,1071,0,0,0,0,0,0,0,0
851,2,1073,1072,0,0,0,0,0,0,0,0
852,2,1076,1075,0,0,0,0,0,0,0,0
853,2,1077,1076,0,0,0,0,0,0,0,0
854,2,1078,1077,0,0,0,0,0,0,0,0
855,2,1079,1078,0,0,0,0,0,0,0,0
856,2,1080,1079,0,0,0,0,0,0,0,0
857,2,1081,1080,0,0,0,0,0,0,0,0
858,2,1082,1081,0,0,0,0,0,0,0,0
859,2,1083,1082,0,0,0,0,0,0,0,0
860,2,1084,1083,0,0,0,0,0,0,0,0
861,2,1085,1084,0,0,0,0,0,0,0,0
862,2,1086,1085,0,0,0,0,0,0,0,0
863,2,1087,1086,0,0,0,0,0,0,0,0
864,2,1088,1087,0,0,0,0,0,0,0,0
865,2,1089,1088,0,0,0,0,0,0,0,0
866,2,1090,1089,0,0,0,0,0,0,0,0
867,2,1091,1090,0,0,0,0,0,0,0,0
868,2,1092,1091,0,0,0,0,0,0,0,0
869,2,1093,1092,0,0,0,0,0,0,0,0
870,2,1094,1093,0,0,0,0,0,0,0,0
871,2,1095,1094,0,0,0,0,0,0,0,0
872,2,1096,1095,0,0,0,0,0,0,0,0
873,2,1097,1096,0,0,0,0,0,0,0,0
874,2,1098,1097,0,0,0,0,0,0,0,0
875,2,1099,1098,0,0,0,0,0,0,0,0
876,2,1100,1099,0,0,0,0,0,0,0,0
877,2,1101,1100,0,0,0,0,0,0,0,0
878,2,1102,1101,0,0,0,0,0,0,0,0
879,2,1103,1102,0,0,0,0,0,0,0,0
880,2,1104,1103,0,0,0,0,0,0,0,0
881,2,1105,1104,0,0,0,0,0,0,0,0
882,2,1106,1105,0,0,0,0,0,0,0,0
883,2,1107,1106,0,0,0,0,0,0,0,0
884,2,1108,1107,0,0,0,0,0,0,0,0
885,2,1109,1108,0,0,0,0,0,0,0,0
886,2,1110,1109,0,0,0,0,0,0,0,0
887,2,1111,1110,0,0,0,0,0,0,0,0
888,2,1112,1111,0,0,0,0,0,0,0,0
889,2,1113,1112,0,0,0,0,0,0,0,0
890,2,1114,1113,0,0,0,0,0,0,0,0
891,2,1115,1114,0,0,0,0,0,0,0,0
892,2,1116,1115,0,0,0,0,0,0,0,0
893,2,1117,1116,0,0,0,0,0,0,0,0
894,3,1118,1128,1154,0,0,0,0,0,0,0
895,2,1119,1118,0,0,0,0,0,0,0,0
896,2,1120,1119,0,0,0,0,0,0,0,0
897,2,1121,1120,0,0,0,0,0,0,0,0
898,2,1122,1121,0,0,0,0,0,0,0,0
899,2,1123,1122,0,0,0,0,0,0,0,0
900,2,1124,1123,0,0,0,0,0,0,0,0
901,2,1125,1124,0,0,0,0,0,0,0,0
902,2,1126,1205,0,0,0,0,0,0,0,0
903,4,1132,1308,1127,1188,0,0,0,0,0,0
904,2,1130,1129,0,0,0,0,0,0,0,0
905,1,-1,0,0,0,0,0,0,0,0,0
906,2,1138,1137,0,0,0,0,0,0,0,0
907,2,1139,1138,0,0,0,0,0,0,0,0
908,2,1140,1139,0,0,0,0,0,0,0,0
909,2,1141,1140,0,0,0,0,0,0,0,0
910,2,1142,1141,0,0,0,0,0,0,0,0
911,2,1143,1142,0,0,0,0,0,0,0,0
912,2,1144,1143,0,0,0,0,0,0,0,0
913,2,1145,1144,0,0,0,0,0,0,0,0
914,2,1146,1145,0,0,0,0,0,0,0,0
915,2,1147,1146,0,0,0,0,0,0,0,0
916,2,1148,1147,0,0,0,0,0,0,0,0
917,2,1149,1148,0,0,0,0,0,0,0,0
918,2,1150,1149,0,0,0,0,0,0,0,0
919,2,1151,1150,0,0,0,0,0,0,0,0
920,2,1152,1151,0,0,0,0,0,0,0,0
921,2,1153,1152,0,0,0,0,0,0,0,0
922,4,1454,1153,1494,1561,0,0,0,0,0,0
923,2,1155,1154,0,0,0,0,0,0,0,0
924,2,1156,1155,0,0,0,0,0,0,0,0
925,2,1157,1156,0,0,0,0,0,0,0,0
926,3,1260,1312,1157,0,0,0,0,0,0,0
927,4,1158,1265,1305,1310,0,0,0,0,0,0
928,3,1159,1185,1316,0,0,0,0,0,0,0
929,2,1161,1160,0,0,0,0,0,0,0,0
930,2,1162,1161,0,0,0,0,0,0,0,0
931,4,1162,1232,1274,1330,0,0,0,0,0,0
932,4,1163,1269,1324,1230,0,0,0,0,0,0
933,2,1166,1165,0,0,0,0,0,0,0,0
934,3,1317,1166,1255,0,0,0,0,0,0,0
935,3,1167,1301,1314,0,0,0,0,0,0,0
936,2,1168,1240,0,0,0,0,0,0,0,0
937,2,1169,1168,0,0,0,0,0,0,0,0
938,1,1169,0,0,0,0,0,0,0,0,0
939,3,1315,1170,1221,0,0,0,0,0,0,0
940,3,1171,1235,1229,0,0,0,0,0,0,0
941,2,1172,1171,0,0,0,0,0,0,0,0
942,2,1173,1172,0,0,0,0,0,0,0,0
943,2,1174,1173,0,0,0,0,0,0,0,0
944,2,1176,1175,0,0,0,0,0,0,0,0
945,2,1177,1176,0,0,0,0,0,0,0,0
946,2,1178,1177,0,0,0,0,0,0,0,0
947,2,1179,1178,0,0,0,0,0,0,0,0
948,2,1180,1179,0,0,0,0,0,0,0,0
949,4,1494,1512,1513,1180,0,0,0,0,0,0
950,2,1182,1181,0,0,0,0,0,0,0,0
951,2,1183,1182,0,0,0,0,0,0,0,0
952,3,1254,1183,1328,0,0,0,0,0,0,0
953,4,1209,1211,1255,1184,0,0,0,0,0,0
954,3,1263,1186,1204,0,0,0,0,0,0,0
955,4,1187,1218,1215,1264,0,0,0,0,0,0
956,3,1206,1189,1307,0,0,0,0,0,0,0
957,1,1191,0,0,0,0,0,0,0,0,0
958,2,1192,1191,0,0,0,0,0,0,0,0
959,2,1193,1192,0,0,0,0,0,0,0,0
960,2,1194,1193,0,0,0,0,0,0,0,0
961,2,1195,1194,0,0,0,0,0,0,0,0
962,2,1196,1195,0,0,0,0,0,0,0,0
963,2,1197,1196,0,0,0,0,0,0,0,0
964,2,1198,1197,0,0,0,0,0,0,0,0
965,2,1199,1198,0,0,0,0,0,0,0,0
966,2,1200,1199,0,0,0,0,0,0,0,0
967,2,1201,1200,0,0,0,0,0,0,0,0
968,3,1202,1210,1264,0,0,0,0,0,0,0
969,2,1204,1203,0,0,0,0,0,0,0,0
970,3,1205,1224,1262,0,0,0,0,0,0,0
971,4,1339,1345,1211,1334,0,0,0,0,0,0
972,3,1344,1212,1353,0,0,0,0,0,0,0
973,4,1271,1380,1213,1323,0,0,0,0,0,0
974,1,-1,0,0,0,0,0,0,0,0,0
975,2,1233,1214,0,0,0,0,0,0,0,0
976,4,1215,1355,1259,1302,0,0,0,0,0,0
977,3,1216,1306,1333,0,0,0,0,0,0,0
978,3,1217,1273,1306,0,0,0,0,0,0,0
979,3,1218,1219,1296,0,0,0,0,0,0,0
980,3,1219,1220,1263,0,0,0,0,0,0,0
981,3,1220,1267,1297,0,0,0,0,0,0,0
982,3,1221,1268,1228,0,0,0,0,0,0,0
983,3,1387,1222,1320,0,0,0,0,0,0,0
984,3,1325,1223,1271,0,0,0,0,0,0,0
985,3,1275,1332,1224,0,0,0,0,0,0,0
986,4,1225,1302,1331,1347,0,0,0,0,0,0
987,2,1226,1225,0,0,0,0,0,0,0,0
988,2,1227,1226,0,0,0,0,0,0,0,0
989,1,1229,0,0,0,0,0,0,0,0,0
990,2,1232,1231,0,0,0,0,0,0,0,0
991,2,1234,1233,0,0,0,0,0,0,0,0
992,2,1236,1235,0,0,0,0,0,0,0,0
993,2,1237,1236,0,0,0,0,0,0,0,0
994,2,1238,1237,0,0,0,0,0,0,0,0
995,2,1239,1238,0,0,0,0,0,0,0,0
996,2,1240,1239,0,0,0,0,0,0,0,0
997,2,1242,1241,0,0,0,0,0,0,0,0
998,2,1243,1242,0,0,0,0,0,0,0,0
999,2,1244,1243,0,0,0,0,0,0,0,0
1000,2,1245,1244,0,0,0,0,0,0,0,0
1001,2,1246,1245,0,0,0,0,0,0,0,0
1002,2,1247,1246,0,0,0,0,0,0,0,0
1003,2,1248,1247,0,0,0,0,0,0,0,0
1004,2,1249,1248,0,0,0,0,0,0,0,0
1005,2,1250,1249,0,0,0,0,0,0,0,0
1006,2,1251,1250,0,0,0,0,0,0,0,0
1007,2,1252,1251,0,0,0,0,0,0,0,0
1008,3,1394,1401,1252,0,0,0,0,0,0,0
1009,2,1257,1256,0,0,0,0,0,0,0,0
1010,2,1258,1257,0,0,0,0,0,0,0,0
1011,2,1259,1258,0,0,0,0,0,0,0,0
1012,2,1261,1260,0,0,0,0,0,0,0,0
1013,4,1266,1274,1346,1338,0,0,0,0,0,0
1014,2,1267,1266,0,0,0,0,0,0,0,0
1015,1,-1,0,0,0,0,0,0,0,0,0
1016,4,1307,1269,1351,1452,0,0,0,0,0,0
1017,3,1270,1333,1392,0,0,0,0,0,0,0
1018,4,1272,1327,1349,1391,0,0,0,0,0,0
1019,2,1273,1272,0,0,0,0,0,0,0,0
1020,3,1303,1342,1275,0,0,0,0,0,0,0
1021,2,1277,1276,0,0,0,0,0,0,0,0
1022,2,1278,1277,0,0,0,0,0,0,0,0
1023,2,1279,1278,0,0,0,0,0,0,0,0
1024,2,1280,1279,0,0,0,0,0,0,0,0
1025,2,1281,1280,0,0,0,0,0,0,0,0
1026,2,1282,1281,0,0,0,0,0,0,0,0
1027,2,1283,1282,0,0,0,0,0,0,0,0
1028,2,1284,1283,0,0,0,0,0,0,0,0
1029,2,1285,1284,0,0,0,0,0,0,0,0
1030,2,1286,1285,0,0,0,0,0,0,0,0
1031,2,1287,1286,0,0,0,0,0,0,0,0
1032,2,1288,1287,0,0,0,0,0,0,0,0
1033,2,1289,1288,0,0,0,0,0,0,0,0
1034,2,1290,1289,0,0,0,0,0,0,0,0
1035,2,1291,1290,0,0,0,0,0,0,0,0
1036,2,1292,1291,0,0,0,0,0,0,0,0
1037,2,1293,1292,0,0,0,0,0,0,0,0
1038,2,1294,1293,0,0,0,0,0,0,0,0
1039,2,1295,1294,0,0,0,0,0,0,0,0
1040,3,1295,1376,1398,0,0,0,0,0,0,0
1041,3,1296,1297,1352,0,0,0,0,0,0,0
1042,4,1298,1336,1359,1424,0,0,0,0,0,0
1043,2,1299,1298,0,0,0,0,0,0,0,0
1044,2,1300,1299,0,0,0,0,0,0,0,0
1045,4,1301,1351,1381,1430,0,0,0,0,0,0
1046,1,1303,0,0,0,0,0,0,0,0,0
1047,3,1321,1304,1327,0,0,0,0,0,0,0
1048,4,1305,1315,1326,1358,0,0,0,0,0,0
1049,3,1308,1354,1481,0,0,0,0,0,0,0
1050,4,1309,1318,1334,1317,0,0,0,0,0,0
1051,2,1310,1309,0,0,0,0,0,0,0,0
1052,3,1311,1323,1364,0,0,0,0,0,0,0
1053,2,1313,1312,0,0,0,0,0,0,0,0
1054,1,1313,0,0,0,0,0,0,0,0,0
1055,3,1314,1341,1350,0,0,0,0,0,0,0
1056,3,1354,1316,1322,0,0,0,0,0,0,0
1057,2,1319,1318,0,0,0,0,0,0,0,0
1058,4,1357,1382,1319,1385,0,0,0,0,0,0
1059,3,1320,1428,1511,0,0,0,0,0,0,0
1060,4,1321,1332,1335,1388,0,0,0,0,0,0
1061,3,1322,1353,1386,0,0,0,0,0,0,0
1062,3,1324,1344,1363,0,0,0,0,0,0,0
1063,1,-1,0,0,0,0,0,0,0,0,0
1064,3,1328,1336,1366,0,0,0,0,0,0,0
1065,2,1330,1329,0,0,0,0,0,0,0,0
1066,3,1390,1331,1343,0,0,0,0,0,0,0
1067,4,1335,1362,1389,1420,0,0,0,0,0,0
1068,4,1337,1379,1427,1423,0,0,0,0,0,0
1069,2,1338,1337,0,0,0,0,0,0,0,0
1070,2,1340,1339,0,0,0,0,0,0,0,0
1071,3,1476,1340,1467,0,0,0,0,0,0,0
1072,4,1341,1381,1459,1483,0,0,0,0,0,0
1073,3,1417,1487,1342,0,0,0,0,0,0,0
1074,4,1343,1400,1448,1350,0,0,0,0,0,0
1075,3,1345,1384,1490,0,0,0,0,0,0,0
1076,4,1352,1453,1346,1378,0,0,0,0,0,0
1077,2,1348,1347,0,0,0,0,0,0,0,0
1078,4,1361,1426,1348,1436,0,0,0,0,0,0
1079,2,1349,1389,0,0,0,0,0,0,0,0
1080,2,1356,1355,0,0,0,0,0,0,0,0
1081,3,1356,1360,1361,0,0,0,0,0,0,0
1082,2,1358,1357,0,0,0,0,0,0,0,0
1083,3,1365,1547,1359,0,0,0,0,0,0,0
1084,4,1360,1377,1429,1479,0,0,0,0,0,0
1085,3,1418,1362,1419,0,0,0,0,0,0,0
1086,3,1363,1386,1480,0,0,0,0,0,0,0
1087,4,1465,1492,1364,1504,0,0,0,0,0,0
1088,2,1366,1365,0,0,0,0,0,0,0,0
1089,2,1367,1446,0,0,0,0,0,0,0,0
1090,2,1368,1367,0,0,0,0,0,0,0,0
1091,2,1369,1368,0,0,0,0,0,0,0,0
1092,2,1370,1369,0,0,0,0,0,0,0,0
1093,2,1371,1370,0,0,0,0,0,0,0,0
1094,2,1372,1371,0,0,0,0,0,0,0,0
1095,2,1373,1372,0,0,0,0,0,0,0,0
1096,2,1374,1373,0,0,0,0,0,0,0,0
1097,2,1375,1374,0,0,0,0,0,0,0,0
1098,2,1376,1375,0,0,0,0,0,0,0,0
1099,2,1378,1377,0,0,0,0,0,0,0,0
1100,4,1423,1501,1380,1465,0,0,0,0,0,0
1101,2,1383,1382,0,0,0,0,0,0,0,0
1102,2,1384,1383,0,0,0,0,0,0,0,0
1103,3,1385,1393,1435,0,0,0,0,0,0,0
1104,3,1387,1424,1525,0,0,0,0,0,0,0
1105,3,1388,1437,1399,0,0,0,0,0,0,0
1106,3,1434,1390,1425,0,0,0,0,0,0,0
1107,4,1392,1422,1477,1391,0,0,0,0,0,0
1108,2,1395,1394,0,0,0,0,0,0,0,0
1109,2,1396,1395,0,0,0,0,0,0,0,0
1110,2,1397,1396,0,0,0,0,0,0,0,0
1111,2,1398,1397,0,0,0,0,0,0,0,0
1112,3,1399,1421,1509,0,0,0,0,0,0,0
1113,4,1459,1526,1527,1400,0,0,0,0,0,0
1114,2,1402,1401,0,0,0,0,0,0,0,0
1115,2,1403,1402,0,0,0,0,0,0,0,0
1116,2,1404,1403,0,0,0,0,0,0,0,0
1117,2,1405,1404,0,0,0,0,0,0,0,0
1118,2,1406,1405,0,0,0,0,0,0,0,0
1119,2,1407,1406,0,0,0,0,0,0,0,0
1120,2,1408,1407,0,0,0,0,0,0,0,0
1121,2,1409,1408,0,0,0,0,0,0,0,0
1122,2,1410,1409,0,0,0,0,0,0,0,0
1123,2,1411,1410,0,0,0,0,0,0,0,0
1124,2,1412,1411,0,0,0,0,0,0,0,0
1125,2,1413,1412,0,0,0,0,0,0,0,0
1126,2,1414,1413,0,0,0,0,0,0,0,0
1127,2,1415,1414,0,0,0,0,0,0,0,0
1128,2,1416,1415,0,0,0,0,0,0,0,0
1129,1,1416,0,0,0,0,0,0,0,0,0
1130,2,1417,1475,0,0,0,0,0,0,0,0
1131,1,1418,0,0,0,0,0,0,0,0,0
1132,2,1419,1471,0,0,0,0,0,0,0,0
1133,2,1421,1420,0,0,0,0,0,0,0,0
1134,3,1499,1422,1469,0,0,0,0,0,0,0
1135,3,1425,1457,1448,0,0,0,0,0,0,0
1136,3,1466,1470,1426,0,0,0,0,0,0,0
1137,3,1427,1453,1458,0,0,0,0,0,0,0
1138,3,1491,1428,1566,0,0,0,0,0,0,0
1139,4,1436,1472,1474,1429,0,0,0,0,0,0
1140,2,1431,1430,0,0,0,0,0,0,0,0
1141,2,1432,1431,0,0,0,0,0,0,0,0
1142,2,1433,1432,0,0,0,0,0,0,0,0
1143,3,1528,1433,1532,0,0,0,0,0,0,0
1144,3,1434,1460,1473,0,0,0,0,0,0,0
1145,3,1435,1464,1478,0,0,0,0,0,0,0
1146,1,1437,0,0,0,0,0,0,0,0,0
1147,2,1438,1447,0,0,0,0,0,0,0,0
1148,2,1439,1438,0,0,0,0,0,0,0,0
1149,2,1440,1439,0,0,0,0,0,0,0,0
1150,2,1441,1440,0,0,0,0,0,0,0,0
1151,2,1442,1441,0,0,0,0,0,0,0,0
1152,2,1443,1442,0,0,0,0,0,0,0,0
1153,2,1444,1443,0,0,0,0,0,0,0,0
1154,2,1445,1444,0,0,0,0,0,0,0,0
1155,2,1482,1445,0,0,0,0,0,0,0,0
1156,2,1447,1446,0,0,0,0,0,0,0,0
1157,3,1449,1480,1542,0,0,0,0,0,0,0
1158,2,1450,1449,0,0,0,0,0,0,0,0
1159,2,1451,1450,0,0,0,0,0,0,0,0
1160,2,1452,1451,0,0,0,0,0,0,0,0
1161,3,1475,1484,1454,0,0,0,0,0,0,0
1162,1,1455,0,0,0,0,0,0,0,0,0
1163,2,1456,1455,0,0,0,0,0,0,0,0
1164,2,1468,1456,0,0,0,0,0,0,0,0
1165,3,1460,1457,1543,0,0,0,0,0,0,0
1166,3,1458,1479,1540,0,0,0,0,0,0,0
1167,3,1461,1469,1522,0,0,0,0,0,0,0
1168,2,1462,1461,0,0,0,0,0,0,0,0
1169,3,1471,1502,1462,0,0,0,0,0,0,0
1170,5,1463,1489,1496,1510,1539,0,0,0,0,0
1171,2,1464,1463,0,0,0,0,0,0,0,0
1172,4,1466,1474,1498,1505,0,0,0,0,0,0
1173,3,1467,1536,1477,0,0,0,0,0,0,0
1174,2,1468,1482,0,0,0,0,0,0,0,0
1175,4,1473,1507,1470,1508,0,0,0,0,0,0
1176,3,1495,1472,1506,0,0,0,0,0,0,0
1177,2,1476,1510,0,0,0,0,0,0,0,0
1178,3,1478,1533,1558,0,0,0,0,0,0,0
1179,4,1481,1519,1542,1580,0,0,0,0,0,0
1180,3,1483,1541,1544,0,0,0,0,0,0,0
1181,2,1485,1484,0,0,0,0,0,0,0,0
1182,2,1486,1485,0,0,0,0,0,0,0,0
1183,1,1486,0,0,0,0,0,0,0,0,0
1184,2,1488,1487,0,0,0,0,0,0,0,0
1185,1,1488,0,0,0,0,0,0,0,0,0
1186,2,1490,1489,0,0,0,0,0,0,0,0
1187,4,1580,1491,1569,1692,0,0,0,0,0,0
1188,4,1492,1564,1579,1607,0,0,0,0,0,0
1189,3,1493,1509,1531,0,0,0,0,0,0,0
1190,3,1503,1529,1493,0,0,0,0,0,0,0
1191,3,1498,1495,1578,0,0,0,0,0,0,0
1192,2,1497,1496,0,0,0,0,0,0,0,0
1193,3,1555,1572,1497,0,0,0,0,0,0,0
1194,2,1500,1499,0,0,0,0,0,0,0,0
1195,4,1500,1537,1565,1598,0,0,0,0,0,0
1196,4,1579,1501,1540,1574,0,0,0,0,0,0
1197,3,1502,1514,1563,0,0,0,0,0,0,0
1198,1,1503,0,0,0,0,0,0,0,0,0
1199,3,1504,1557,1614,0,0,0,0,0,0,0
1200,4,1505,1507,1520,1524,0,0,0,0,0,0
1201,3,1506,1521,1575,0,0,0,0,0,0,0
1202,3,1508,1530,1538,0,0,0,0,0,0,0
1203,1,-1,0,0,0,0,0,0,0,0,0
1204,3,1515,1512,1613,0,0,0,0,0,0,0
1205,3,1608,1616,1513,0,0,0,0,0,0,0
1206,1,1514,0,0,0,0,0,0,0,0,0
1207,2,1516,1515,0,0,0,0,0,0,0,0
1208,2,1517,1516,0,0,0,0,0,0,0,0
1209,2,1518,1517,0,0,0,0,0,0,0,0
1210,1,1518,0,0,0,0,0,0,0,0,0
1211,4,1519,1532,1570,1587,0,0,0,0,0,0
1212,3,1520,1577,1612,0,0,0,0,0,0,0
1213,4,1554,1574,1617,1521,0,0,0,0,0,0
1214,2,1523,1522,0,0,0,0,0,0,0,0
1215,3,1592,1523,1644,0,0,0,0,0,0,0
1216,4,1524,1530,1611,1615,0,0,0,0,0,0
1217,3,1583,1526,1603,0,0,0,0,0,0,0
1218,3,1527,1544,1605,0,0,0,0,0,0,0
1219,3,1604,1528,1541,0,0,0,0,0,0,0
1220,3,1529,1576,1610,0,0,0,0,0,0,0
1221,3,1550,1584,1531,0,0,0,0,0,0,0
1222,2,1534,1533,0,0,0,0,0,0,0,0
1223,2,1535,1534,0,0,0,0,0,0,0,0
1224,4,1591,1535,1573,1637,0,0,0,0,0,0
1225,2,1537,1536,0,0,0,0,0,0,0,0
1226,5,1538,1543,1556,1567,1571,0,0,0,0,0
1227,3,1551,1539,1643,0,0,0,0,0,0,0
1228,2,1545,1576,0,0,0,0,0,0,0,0
1229,2,1546,1545,0,0,0,0,0,0,0,0
1230,3,1546,1588,1600,0,0,0,0,0,0,0
1231,2,1548,1547,0,0,0,0,0,0,0,0
1232,2,1549,1548,0,0,0,0,0,0,0,0
1233,2,1549,1819,0,0,0,0,0,0,0,0
1234,3,1634,1550,1652,0,0,0,0,0,0,0
1235,2,1552,1551,0,0,0,0,0,0,0,0
1236,2,1553,1552,0,0,0,0,0,0,0,0
1237,3,1553,1602,1647,0,0,0,0,0,0,0
1238,4,1564,1679,1554,1586,0,0,0,0,0,0
1239,3,1624,1653,1555,0,0,0,0,0,0,0
1240,4,1615,1641,1556,1640,0,0,0,0,0,0
1241,3,1607,1668,1557,0,0,0,0,0,0,0
1242,2,1559,1558,0,0,0,0,0,0,0,0
1243,4,1636,1693,1701,1559,0,0,0,0,0,0
1244,4,1560,1652,1719,1695,0,0,0,0,0,0
1245,2,1561,1560,0,0,0,0,0,0,0,0
1246,4,1562,1600,1597,1650,0,0,0,0,0,0
1247,2,1563,1562,0,0,0,0,0,0,0,0
1248,2,1565,1601,0,0,0,0,0,0,0,0
1249,4,1566,1638,1722,1723,0,0,0,0,0,0
1250,2,1568,1567,0,0,0,0,0,0,0,0
1251,4,1606,1645,1651,1568,0,0,0,0,0,0
1252,4,1569,1646,1570,1684,0,0,0,0,0,0
1253,3,1571,1594,1606,0,0,0,0,0,0,0
1254,2,1573,1572,0,0,0,0,0,0,0,0
1255,2,1590,1575,0,0,0,0,0,0,0,0
1256,2,1578,1577,0,0,0,0,0,0,0,0
1257,3,1581,1613,1680,0,0,0,0,0,0,0
1258,2,1582,1581,0,0,0,0,0,0,0,0
1259,3,1648,1582,1686,0,0,0,0,0,0,0
1260,3,1583,1625,1720,0,0,0,0,0,0,0
1261,2,1585,1584,0,0,0,0,0,0,0,0
1262,3,1665,1585,1731,0,0,0,0,0,0,0
1263,3,1586,1655,1688,0,0,0,0,0,0,0
1264,3,1587,1629,1753,0,0,0,0,0,0,0
1265,1,1588,0,0,0,0,0,0,0,0,0
1266,3,1589,1590,1618,0,0,0,0,0,0,0
1267,3,1589,1593,1612,0,0,0,0,0,0,0
1268,3,1591,1628,1653,0,0,0,0,0,0,0
1269,3,1595,1592,1622,0,0,0,0,0,0,0
1270,3,1593,1611,1635,0,0,0,0,0,0,0
1271,3,1594,1632,1633,0,0,0,0,0,0,0
1272,2,1596,1595,0,0,0,0,0,0,0,0
1273,2,1597,1596,0,0,0,0,0,0,0,0
1274,3,1598,1627,1685,0,0,0,0,0,0,0
1275,2,1599,1638,0,0,0,0,0,0,0,0
1276,2,1602,1601,0,0,0,0,0,0,0,0
1277,3,1603,1623,1677,0,0,0,0,0,0,0
1278,4,1605,1625,1629,1604,0,0,0,0,0,0
1279,3,1687,1608,1676,0,0,0,0,0,0,0
1280,1,1609,0,0,0,0,0,0,0,0,0
1281,2,1610,1609,0,0,0,0,0,0,0,0
1282,3,1614,1659,1694,0,0,0,0,0,0,0
1283,3,1630,1616,1642,0,0,0,0,0,0,0
1284,4,1737,1617,1705,1824,0,0,0,0,0,0
1285,4,1618,1705,1748,1666,0,0,0,0,0,0
1286,3,1619,1733,1667,0,0,0,0,0,0,0
1287,2,1620,1619,0,0,0,0,0,0,0,0
1288,2,1621,1620,0,0,0,0,0,0,0,0
1289,2,1622,1621,0,0,0,0,0,0,0,0
1290,3,1623,1656,1678,0,0,0,0,0,0,0
1291,2,1624,1724,0,0,0,0,0,0,0,0
1292,3,1626,1647,1660,0,0,0,0,0,0,0
1293,2,1627,1626,0,0,0,0,0,0,0,0
1294,3,1628,1658,1662,0,0,0,0,0,0,0
1295,2,1631,1630,0,0,0,0,0,0,0,0
1296,3,1712,1631,1716,0,0,0,0,0,0,0
1297,3,1678,1632,1663,0,0,0,0,0,0,0
1298,4,1727,1633,1651,1664,0,0,0,0,0,0
1299,3,1634,1665,1704,0,0,0,0,0,0,0
1300,4,1635,1640,1666,1726,0,0,0,0,0,0
1301,2,1637,1636,0,0,0,0,0,0,0,0
1302,2,1639,1648,0,0,0,0,0,0,0,0
1303,3,1639,1672,1697,0,0,0,0,0,0,0
1304,4,1654,1641,1645,1725,0,0,0,0,0,0
1305,4,1642,1661,1695,1765,0,0,0,0,0,0
1306,4,1643,1708,1711,1841,0,0,0,0,0,0
1307,3,1644,1667,1670,0,0,0,0,0,0,0
1308,2,1646,1721,0,0,0,0,0,0,0,0
1309,1,1649,0,0,0,0,0,0,0,0,0
1310,2,1650,1649,0,0,0,0,0,0,0,0
1311,3,1654,1726,1745,0,0,0,0,0,0,0
1312,1,-1,0,0,0,0,0,0,0,0,0
1313,3,1656,1706,1699,0,0,0,0,0,0,0
1314,3,1657,1700,1749,0,0,0,0,0,0,0
1315,2,1658,1657,0,0,0,0,0,0,0,0
1316,3,1659,1757,1669,0,0,0,0,0,0,0
1317,4,1660,1744,1707,1708,0,0,0,0,0,0
1318,2,1760,1661,0,0,0,0,0,0,0,0
1319,2,1662,1717,0,0,0,0,0,0,0,0
1320,4,1663,1664,1758,1761,0,0,0,0,0,0
1321,2,1669,1668,0,0,0,0,0,0,0,0
1322,2,1671,1670,0,0,0,0,0,0,0,0
1323,4,1685,1698,1671,1718,0,0,0,0,0,0
1324,3,1672,1686,1715,0,0,0,0,0,0,0
1325,3,1673,1759,1736,0,0,0,0,0,0,0
1326,2,1674,1673,0,0,0,0,0,0,0,0
1327,2,1675,1674,0,0,0,0,0,0,0,0
1328,2,1676,1675,0,0,0,0,0,0,0,0
1329,3,1677,1720,1747,0,0,0,0,0,0,0
1330,4,1820,1679,1737,1770,0,0,0,0,0,0
1331,3,1680,1755,1769,0,0,0,0,0,0,0
1332,3,1681,1789,1845,0,0,0,0,0,0,0
1333,1,-1,0,0,0,0,0,0,0,0,0
1334,2,1683,1682,0,0,0,0,0,0,0,0
1335,2,1684,1683,0,0,0,0,0,0,0,0
1336,3,1687,1712,1759,0,0,0,0,0,0,0
1337,2,1688,1709,0,0,0,0,0,0,0,0
1338,4,1689,1751,1829,1789,0,0,0,0,0,0
1339,2,1690,1689,0,0,0,0,0,0,0,0
1340,2,1691,1690,0,0,0,0,0,0,0,0
1341,2,1692,1691,0,0,0,0,0,0,0,0
1342,2,1694,1693,0,0,0,0,0,0,0,0
1343,1,1696,0,0,0,0,0,0,0,0,0
1344,2,1697,1696,0,0,0,0,0,0,0,0
1345,3,1698,1782,1786,0,0,0,0,0,0,0
1346,4,1699,1761,1775,1771,0,0,0,0,0,0
1347,3,1766,1700,1788,0,0,0,0,0,0,0
1348,2,1702,1701,0,0,0,0,0,0,0,0
1349,3,1702,1757,1774,0,0,0,0,0,0,0
1350,3,1703,1719,1795,0,0,0,0,0,0,0
1351,2,1704,1703,0,0,0,0,0,0,0,0
1352,3,1706,1735,1784,0,0,0,0,0,0,0
1353,2,1707,1710,0,0,0,0,0,0,0,0
1354,3,1709,1752,1778,0,0,0,0,0,0,0
1355,2,1710,1713,0,0,0,0,0,0,0,0
1356,4,1717,1724,1739,1711,0,0,0,0,0,0
1357,2,1713,1718,0,0,0,0,0,0,0,0
1358,3,1714,1755,1813,0,0,0,0,0,0,0
1359,2,1715,1714,0,0,0,0,0,0,0,0
1360,3,1716,1743,1756,0,0,0,0,0,0,0
1361,3,1721,1776,1808,0,0,0,0,0,0,0
1362,3,1821,1722,1751,0,0,0,0,0,0,0
1363,2,1723,1851,0,0,0,0,0,0,0,0
1364,4,1725,1750,1727,1738,0,0,0,0,0,0
1365,3,1728,1840,1873,0,0,0,0,0,0,0
1366,2,1729,1728,0,0,0,0,0,0,0,0
1367,2,1730,1729,0,0,0,0,0,0,0,0
1368,2,1731,1730,0,0,0,0,0,0,0,0
1369,1,-1,0,0,0,0,0,0,0,0,0
1370,2,1732,1752,0,0,0,0,0,0,0,0
1371,2,1734,1733,0,0,0,0,0,0,0,0
1372,3,1839,1849,1734,0,0,0,0,0,0,0
1373,4,1735,1746,1798,1814,0,0,0,0,0,0
1374,3,1736,1756,1772,0,0,0,0,0,0,0
1375,4,1738,1745,1811,1762,0,0,0,0,0,0
1376,3,1739,1749,1797,0,0,0,0,0,0,0
1377,4,1740,1783,1805,1834,0,0,0,0,0,0
1378,2,1741,1740,0,0,0,0,0,0,0,0
1379,2,1742,1741,0,0,0,0,0,0,0,0
1380,2,1743,1742,0,0,0,0,0,0,0,0
1381,3,1785,1807,1744,0,0,0,0,0,0,0
1382,2,1747,1746,0,0,0,0,0,0,0,0
1383,3,1762,1748,1823,0,0,0,0,0,0,0
1384,4,1816,1750,1758,1763,0,0,0,0,0,0
1385,3,1753,1814,1853,0,0,0,0,0,0,0
1386,2,1754,1773,0,0,0,0,0,0,0,0
1387,3,1800,1760,1783,0,0,0,0,0,0,0
1388,4,1763,1771,1836,1837,0,0,0,0,0,0
1389,4,1764,1888,1893,1907,0,0,0,0,0,0
1390,2,1765,1764,0,0,0,0,0,0,0,0
1391,2,1767,1766,0,0,0,0,0,0,0,0
1392,2,1768,1767,0,0,0,0,0,0,0,0
1393,2,1797,1768,0,0,0,0,0,0,0,0
1394,1,1769,0,0,0,0,0,0,0,0,0
1395,4,1770,1773,1827,1850,0,0,0,0,0,0
1396,3,1815,1772,1802,0,0,0,0,0,0,0
1397,4,1774,1787,1806,1869,0,0,0,0,0,0
1398,4,1784,1844,1854,1775,0,0,0,0,0,0
1399,2,1777,1776,0,0,0,0,0,0,0,0
1400,3,1822,1853,1777,0,0,0,0,0,0,0
1401,2,1779,1778,0,0,0,0,0,0,0,0
1402,4,1812,1842,1779,1792,0,0,0,0,0,0
1403,4,1780,1790,1793,1809,0,0,0,0,0,0
1404,1,-1,0,0,0,0,0,0,0,0,0
1405,3,1781,1810,1812,0,0,0,0,0,0,0
1406,3,1782,1796,1803,0,0,0,0,0,0,0
1407,2,1786,1785,0,0,0,0,0,0,0,0
1408,2,1788,1787,0,0,0,0,0,0,0,0
1409,2,1791,1790,0,0,0,0,0,0,0,0
1410,3,1792,1881,1905,0,0,0,0,0,0,0
1411,2,1794,1793,0,0,0,0,0,0,0,0
1412,3,1794,1838,1885,0,0,0,0,0,0,0
1413,4,1795,1873,1941,1907,0,0,0,0,0,0
1414,3,1796,1849,1878,0,0,0,0,0,0,0
1415,2,1799,1798,0,0,0,0,0,0,0,0
1416,4,1861,1799,1854,1912,0,0,0,0,0,0
1417,2,1800,1890,0,0,0,0,0,0,0,0
1418,4,1801,1862,1886,1805,0,0,0,0,0,0
1419,2,1802,1801,0,0,0,0,0,0,0,0
1420,2,1804,1803,0,0,0,0,0,0,0,0
1421,3,1882,1804,1807,0,0,0,0,0,0,0
1422,4,1806,1817,1852,1855,0,0,0,0,0,0
1423,4,1980,1808,1848,1900,0,0,0,0,0,0
1424,4,1810,1833,1838,1809,0,0,0,0,0,0
1425,3,1811,1816,1826,0,0,0,0,0,0,0
1426,3,1813,1879,1908,0,0,0,0,0,0,0
1427,1,1815,0,0,0,0,0,0,0,0,0
1428,3,1818,1871,1895,0,0,0,0,0,0,0
1429,2,1819,1818,0,0,0,0,0,0,0,0
1430,4,1973,1820,1926,2037,0,0,0,0,0,0
1431,3,1953,1821,1922,0,0,0,0,0,0,0
1432,3,1904,1822,1906,0,0,0,0,0,0,0
1433,4,1823,1865,1889,1949,0,0,0,0,0,0
1434,4,1824,1926,1889,2043,0,0,0,0,0,0
1435,4,1825,1899,1837,1865,0,0,0,0,0,0
1436,2,1826,1825,0,0,0,0,0,0,0,0
1437,2,1828,1827,0,0,0,0,0,0,0,0
1438,4,1858,1870,1885,1828,0,0,0,0,0,0
1439,2,1830,1829,0,0,0,0,0,0,0,0
1440,2,1831,1830,0,0,0,0,0,0,0,0
1441,2,1832,1831,0,0,0,0,0,0,0,0
1442,4,1900,1919,2016,1832,0,0,0,0,0,0
1443,3,1833,1843,1864,0,0,0,0,0,0,0
1444,2,1835,1834,0,0,0,0,0,0,0,0
1445,3,1835,1894,1930,0,0,0,0,0,0,0
1446,3,1913,1836,1844,0,0,0,0,0,0,0
1447,2,1840,1839,0,0,0,0,0,0,0,0
1448,4,1841,1866,1915,1977,0,0,0,0,0,0
1449,2,1843,1842,0,0,0,0,0,0,0,0
1450,2,1846,1845,0,0,0,0,0,0,0,0
1451,2,1847,1846,0,0,0,0,0,0,0,0
1452,2,1848,1847,0,0,0,0,0,0,0,0
1453,3,1850,1860,1880,0,0,0,0,0,0,0
1454,3,1851,1898,1922,0,0,0,0,0,0,0
1455,2,1852,1884,0,0,0,0,0,0,0,0
1456,2,1856,1855,0,0,0,0,0,0,0,0
1457,2,1857,1856,0,0,0,0,0,0,0,0
1458,2,1857,1979,0,0,0,0,0,0,0,0
1459,4,1864,1934,1938,1858,0,0,0,0,0,0
1460,4,1859,1902,1929,1986,0,0,0,0,0,0
1461,2,1860,1859,0,0,0,0,0,0,0,0
1462,3,1937,1861,1913,0,0,0,0,0,0,0
1463,2,1863,1862,0,0,0,0,0,0,0,0
1464,3,1894,1863,1923,0,0,0,0,0,0,0
1465,2,1867,1866,0,0,0,0,0,0,0,0
1466,2,1868,1867,0,0,0,0,0,0,0,0
1467,2,1869,1868,0,0,0,0,0,0,0,0
1468,3,1880,1901,1870,0,0,0,0,0,0,0
1469,2,1872,1871,0,0,0,0,0,0,0,0
1470,2,1872,1898,0,0,0,0,0,0,0,0
1471,3,1874,1891,1882,0,0,0,0,0,0,0
1472,2,1875,1874,0,0,0,0,0,0,0,0
1473,2,1876,1875,0,0,0,0,0,0,0,0
1474,2,1877,1876,0,0,0,0,0,0,0,0
1475,2,1878,1877,0,0,0,0,0,0,0,0
1476,3,1887,1940,1879,0,0,0,0,0,0,0
1477,4,1881,1883,1892,1903,0,0,0,0,0,0
1478,2,1884,1883,0,0,0,0,0,0,0,0
1479,3,1924,1886,1897,0,0,0,0,0,0,0
1480,3,1998,2000,1887,0,0,0,0,0,0,0
1481,2,1888,1927,0,0,0,0,0,0,0,0
1482,3,1890,1914,1972,0,0,0,0,0,0,0
1483,1,1891,0,0,0,0,0,0,0,0,0
1484,3,1967,1976,1892,0,0,0,0,0,0,0
1485,2,1893,1933,0,0,0,0,0,0,0,0
1486,2,1896,1895,0,0,0,0,0,0,0,0
1487,2,1896,2107,0,0,0,0,0,0,0,0
1488,4,1897,1918,1958,1911,0,0,0,0,0,0
1489,3,1899,1937,1966,0,0,0,0,0,0,0
1490,2,1902,1901,0,0,0,0,0,0,0,0
1491,3,1936,1983,1903,0,0,0,0,0,0,0
1492,3,1975,1904,1950,0,0,0,0,0,0,0
1493,3,1905,1939,1987,0,0,0,0,0,0,0
1494,3,1906,1912,1931,0,0,0,0,0,0,0
1495,2,1909,1908,0,0,0,0,0,0,0,0
1496,2,1910,1909,0,0,0,0,0,0,0,0
1497,2,1911,1910,0,0,0,0,0,0,0,0
1498,3,1914,1927,2004,0,0,0,0,0,0,0
1499,2,1916,1915,0,0,0,0,0,0,0,0
1500,2,1916,1947,0,0,0,0,0,0,0,0
1501,3,1917,1978,1936,0,0,0,0,0,0,0
1502,3,1957,1917,1994,0,0,0,0,0,0,0
1503,4,1990,1918,1940,1999,0,0,0,0,0,0
1504,2,1920,1919,0,0,0,0,0,0,0,0
1505,2,1921,1920,0,0,0,0,0,0,0,0
1506,3,2011,1921,1955,0,0,0,0,0,0,0
1507,2,1923,2003,0,0,0,0,0,0,0,0
1508,1,-1,0,0,0,0,0,0,0,0,0
1509,2,1925,2036,0,0,0,0,0,0,0,0
1510,1,-1,0,0,0,0,0,0,0,0,0
1511,2,1929,1928,0,0,0,0,0,0,0,0
1512,3,1930,1948,1997,0,0,0,0,0,0,0
1513,3,2008,1931,1965,0,0,0,0,0,0,0
1514,2,1932,1982,0,0,0,0,0,0,0,0
1515,2,1933,1932,0,0,0,0,0,0,0,0
1516,2,1935,1934,0,0,0,0,0,0,0,0
1517,2,1939,1938,0,0,0,0,0,0,0,0
1518,2,1942,1941,0,0,0,0,0,0,0,0
1519,2,1943,1942,0,0,0,0,0,0,0,0
1520,2,1944,1943,0,0,0,0,0,0,0,0
1521,2,1945,1944,0,0,0,0,0,0,0,0
1522,2,1946,1945,0,0,0,0,0,0,0,0
1523,2,1947,1946,0,0,0,0,0,0,0,0
1524,3,1948,1972,1991,0,0,0,0,0,0,0
1525,3,2023,2049,1949,0,0,0,0,0,0,0
1526,3,1950,2062,2008,0,0,0,0,0,0,0
1527,2,1951,1956,0,0,0,0,0,0,0,0
1528,2,1952,1951,0,0,0,0,0,0,0,0
1529,2,1952,1962,0,0,0,0,0,0,0,0
1530,2,1954,1953,0,0,0,0,0,0,0,0
1531,2,1955,1954,0,0,0,0,0,0,0,0
1532,2,1969,1956,0,0,0,0,0,0,0,0
1533,1,1957,0,0,0,0,0,0,0,0,0
1534,2,1959,1958,0,0,0,0,0,0,0,0
1535,2,1960,1959,0,0,0,0,0,0,0,0
1536,3,2031,1960,2075,0,0,0,0,0,0,0
1537,4,1961,1971,2040,1977,0,0,0,0,0,0
1538,2,1962,1961,0,0,0,0,0,0,0,0
1539,3,1963,1966,1992,0,0,0,0,0,0,0
1540,2,1964,1963,0,0,0,0,0,0,0,0
1541,2,1965,1964,0,0,0,0,0,0,0,0
1542,2,1968,1967,0,0,0,0,0,0,0,0
1543,3,2038,1968,1984,0,0,0,0,0,0,0
1544,2,1970,1969,0,0,0,0,0,0,0,0
1545,2,1970,1982,0,0,0,0,0,0,0,0
1546,2,1979,1971,0,0,0,0,0,0,0,0
1547,2,1974,1973,0,0,0,0,0,0,0,0
1548,3,1985,1995,1974,0,0,0,0,0,0,0
1549,2,2042,1975,0,0,0,0,0,0,0,0
1550,2,1996,1976,0,0,0,0,0,0,0,0
1551,3,2007,1978,2006,0,0,0,0,0,0,0
1552,2,1981,1980,0,0,0,0,0,0,0,0
1553,3,2032,2057,1981,0,0,0,0,0,0,0
1554,2,1984,1983,0,0,0,0,0,0,0,0
1555,2,1986,1985,0,0,0,0,0,0,0,0
1556,2,1987,2001,0,0,0,0,0,0,0,0
1557,3,1988,2027,2078,0,0,0,0,0,0,0
1558,2,1988,1993,0,0,0,0,0,0,0,0
1559,3,1989,2022,2004,0,0,0,0,0,0,0
1560,2,1989,2044,0,0,0,0,0,0,0,0
1561,4,1990,2031,2065,2110,0,0,0,0,0,0
1562,4,2030,2077,1991,2070,0,0,0,0,0,0
1563,2,1992,2023,0,0,0,0,0,0,0,0
1564,3,1993,2006,2067,0,0,0,0,0,0,0
1565,3,1994,2088,2068,0,0,0,0,0,0,0
1566,3,2066,1995,2005,0,0,0,0,0,0,0
1567,3,2024,1996,2001,0,0,0,0,0,0,0
1568,4,1997,2002,2014,2029,0,0,0,0,0,0
1569,3,2076,1998,2061,0,0,0,0,0,0,0
1570,4,1999,2009,2059,2000,0,0,0,0,0,0
1571,2,2003,2002,0,0,0,0,0,0,0,0
1572,2,2007,2026,0,0,0,0,0,0,0,0
1573,2,2010,2009,0,0,0,0,0,0,0,0
1574,4,2083,2010,2076,2094,0,0,0,0,0,0
1575,2,2012,2011,0,0,0,0,0,0,0,0
1576,2,2013,2012,0,0,0,0,0,0,0,0
1577,1,2013,0,0,0,0,0,0,0,0,0
1578,2,2015,2014,0,0,0,0,0,0,0,0
1579,4,2111,2015,2077,2124,0,0,0,0,0,0
1580,2,2017,2016,0,0,0,0,0,0,0,0
1581,2,2018,2017,0,0,0,0,0,0,0,0
1582,2,2019,2018,0,0,0,0,0,0,0,0
1583,2,2020,2019,0,0,0,0,0,0,0,0
1584,2,2021,2020,0,0,0,0,0,0,0,0
1585,3,2021,2151,2177,0,0,0,0,0,0,0
1586,3,2069,2022,2054,0,0,0,0,0,0,0
1587,2,2025,2024,0,0,0,0,0,0,0,0
1588,3,2071,2099,2025,0,0,0,0,0,0,0
1589,3,2026,2047,2068,0,0,0,0,0,0,0
1590,2,2028,2027,0,0,0,0,0,0,0,0
1591,3,2055,2028,2051,0,0,0,0,0,0,0
1592,4,2034,2045,2052,2029,0,0,0,0,0,0
1593,1,2030,0,0,0,0,0,0,0,0,0
1594,2,2033,2032,0,0,0,0,0,0,0,0
1595,3,2033,2042,2048,0,0,0,0,0,0,0
1596,2,2035,2034,0,0,0,0,0,0,0,0
1597,2,2036,2035,0,0,0,0,0,0,0,0
1598,4,2037,2123,2100,2200,0,0,0,0,0,0
1599,2,2039,2038,0,0,0,0,0,0,0,0
1600,3,2039,2056,2071,0,0,0,0,0,0,0
1601,2,2041,2040,0,0,0,0,0,0,0,0
1602,3,2103,2041,2129,0,0,0,0,0,0,0
1603,4,2043,2090,2100,2050,0,0,0,0,0,0
1604,2,2044,2072,0,0,0,0,0,0,0,0
1605,2,2046,2045,0,0,0,0,0,0,0,0
1606,3,2046,2086,2111,0,0,0,0,0,0,0
1607,3,2047,2092,2098,0,0,0,0,0,0,0
1608,3,2048,2064,2126,0,0,0,0,0,0,0
1609,2,2050,2049,0,0,0,0,0,0,0,0
1610,3,2051,2080,2091,0,0,0,0,0,0,0
1611,3,2085,2052,2102,0,0,0,0,0,0,0
1612,3,2053,2072,2095,0,0,0,0,0,0,0
1613,2,2054,2053,0,0,0,0,0,0,0,0
1614,4,2093,2096,2055,2079,0,0,0,0,0,0
1615,1,2056,0,0,0,0,0,0,0,0,0
1616,2,2058,2057,0,0,0,0,0,0,0,0
1617,2,2121,2058,0,0,0,0,0,0,0,0
1618,4,2059,2082,2112,2122,0,0,0,0,0,0
1619,3,2060,2089,2101,0,0,0,0,0,0,0
1620,2,2061,2060,0,0,0,0,0,0,0,0
1621,2,2063,2062,0,0,0,0,0,0,0,0
1622,2,2064,2063,0,0,0,0,0,0,0,0
1623,3,2065,2112,2087,0,0,0,0,0,0,0
1624,2,2066,2131,0,0,0,0,0,0,0,0
1625,4,2097,2067,2115,2118,0,0,0,0,0,0
1626,2,2070,2069,0,0,0,0,0,0,0,0
1627,3,2073,2084,2102,0,0,0,0,0,0,0
1628,2,2074,2073,0,0,0,0,0,0,0,0
1629,2,2075,2074,0,0,0,0,0,0,0,0
1630,2,2079,2078,0,0,0,0,0,0,0,0
1631,2,2081,2080,0,0,0,0,0,0,0,0
1632,3,2142,2081,2146,0,0,0,0,0,0,0
1633,3,2082,2113,2144,0,0,0,0,0,0,0
1634,4,2122,2173,2083,2136,0,0,0,0,0,0
1635,3,2108,2084,2116,0,0,0,0,0,0,0
1636,2,2086,2085,0,0,0,0,0,0,0,0
1637,3,2087,2116,2143,0,0,0,0,0,0,0
1638,3,2159,2088,2145,0,0,0,0,0,0,0
1639,4,2094,2147,2149,2089,0,0,0,0,0,0
1640,2,2090,2190,0,0,0,0,0,0,0,0
1641,3,2091,2096,2120,0,0,0,0,0,0,0
1642,3,2092,2138,2150,0,0,0,0,0,0,0
1643,3,2148,2093,2119,0,0,0,0,0,0,0
1644,3,2095,2104,2114,0,0,0,0,0,0,0
1645,2,2098,2097,0,0,0,0,0,0,0,0
1646,3,2131,2145,2099,0,0,0,0,0,0,0
1647,2,2101,2130,0,0,0,0,0,0,0,0
1648,2,2104,2103,0,0,0,0,0,0,0,0
1649,3,2105,2186,2265,0,0,0,0,0,0,0
1650,2,2106,2105,0,0,0,0,0,0,0,0
1651,2,2107,2106,0,0,0,0,0,0,0,0
1652,2,2109,2108,0,0,0,0,0,0,0,0
1653,2,2110,2109,0,0,0,0,0,0,0,0
1654,3,2113,2133,2169,0,0,0,0,0,0,0
1655,4,2114,2127,2134,2167,0,0,0,0,0,0
1656,3,2115,2137,2150,0,0,0,0,0,0,0
1657,3,2117,2135,2163,0,0,0,0,0,0,0
1658,2,2118,2117,0,0,0,0,0,0,0,0
1659,4,2119,2120,2132,2170,0,0,0,0,0,0
1660,4,2125,2151,2121,2277,0,0,0,0,0,0
1661,1,-1,0,0,0,0,0,0,0,0,0
1662,3,2124,2134,2188,0,0,0,0,0,0,0
1663,2,2126,2125,0,0,0,0,0,0,0,0
1664,2,2128,2127,0,0,0,0,0,0,0,0
1665,2,2129,2128,0,0,0,0,0,0,0,0
1666,3,2130,2139,2196,0,0,0,0,0,0,0
1667,3,2153,2132,2142,0,0,0,0,0,0,0
1668,3,2133,2136,2156,0,0,0,0,0,0,0
1669,3,2158,2135,2148,0,0,0,0,0,0,0
1670,3,2137,2157,2201,0,0,0,0,0,0,0
1671,3,2138,2159,2185,0,0,0,0,0,0,0
1672,2,2140,2139,0,0,0,0,0,0,0,0
1673,2,2141,2140,0,0,0,0,0,0,0,0
1674,1,2141,0,0,0,0,0,0,0,0,0
1675,4,2143,2144,2154,2206,0,0,0,0,0,0
1676,3,2146,2172,2166,0,0,0,0,0,0,0
1677,3,2152,2155,2147,0,0,0,0,0,0,0
1678,3,2171,2149,2160,0,0,0,0,0,0,0
1679,3,2213,2152,2204,0,0,0,0,0,0,0
1680,3,2153,2192,2199,0,0,0,0,0,0,0
1681,3,2169,2154,2193,0,0,0,0,0,0,0
1682,3,2160,2219,2155,0,0,0,0,0,0,0
1683,3,2156,2189,2179,0,0,0,0,0,0,0
1684,4,2157,2164,2212,2217,0,0,0,0,0,0
1685,3,2158,2174,2197,0,0,0,0,0,0,0
1686,2,2162,2161,0,0,0,0,0,0,0,0
1687,3,2183,2162,2214,0,0,0,0,0,0,0
1688,2,2164,2163,0,0,0,0,0,0,0,0
1689,3,2165,2187,2202,0,0,0,0,0,0,0
1690,2,2166,2165,0,0,0,0,0,0,0,0
1691,2,2168,2167,0,0,0,0,0,0,0,0
1692,3,2216,2168,2202,0,0,0,0,0,0,0
1693,3,2182,2197,2170,0,0,0,0,0,0,0
1694,4,2171,2173,2180,2191,0,0,0,0,0,0
1695,2,2172,2198,0,0,0,0,0,0,0,0
1696,4,2174,2217,2238,2222,0,0,0,0,0,0
1697,3,2175,2260,2370,0,0,0,0,0,0,0
1698,2,2176,2175,0,0,0,0,0,0,0,0
1699,2,2177,2176,0,0,0,0,0,0,0,0
1700,1,-1,0,0,0,0,0,0,0,0,0
1701,3,2178,2198,2199,0,0,0,0,0,0,0
1702,3,2178,2209,2228,0,0,0,0,0,0,0
1703,4,2179,2220,2233,2252,0,0,0,0,0,0
1704,3,2180,2232,2237,0,0,0,0,0,0,0
1705,1,2181,0,0,0,0,0,0,0,0,0
1706,3,2182,2207,2208,0,0,0,0,0,0,0
1707,2,2184,2183,0,0,0,0,0,0,0,0
1708,2,2185,2184,0,0,0,0,0,0,0,0
1709,2,2186,2284,0,0,0,0,0,0,0,0
1710,2,2218,2187,0,0,0,0,0,0,0,0
1711,3,2188,2223,2226,0,0,0,0,0,0,0
1712,3,2191,2189,2215,0,0,0,0,0,0,0
1713,3,2190,2319,2259,0,0,0,0,0,0,0
1714,3,2193,2220,2247,0,0,0,0,0,0,0
1715,3,2194,2221,2286,0,0,0,0,0,0,0
1716,2,2195,2194,0,0,0,0,0,0,0,0
1717,2,2196,2195,0,0,0,0,0,0,0,0
1718,4,2200,2259,2279,2291,0,0,0,0,0,0
1719,3,2201,2214,2229,0,0,0,0,0,0,0
1720,3,2203,2210,2218,0,0,0,0,0,0,0
1721,1,2203,0,0,0,0,0,0,0,0,0
1722,4,2204,2256,2266,2221,0,0,0,0,0,0
1723,3,2205,2209,2249,0,0,0,0,0,0,0
1724,2,2210,2205,0,0,0,0,0,0,0,0
1725,3,2206,2283,2289,0,0,0,0,0,0,0
1726,4,2207,2238,2244,2268,0,0,0,0,0,0
1727,3,2208,2245,2246,0,0,0,0,0,0,0
1728,2,2211,2231,0,0,0,0,0,0,0,0
1729,2,2212,2211,0,0,0,0,0,0,0,0
1730,3,2213,2219,2225,0,0,0,0,0,0,0
1731,2,2215,2234,0,0,0,0,0,0,0,0
1732,2,2216,2224,0,0,0,0,0,0,0,0
1733,2,2222,2240,0,0,0,0,0,0,0,0
1734,3,2271,2223,2243,0,0,0,0,0,0,0
1735,3,2224,2243,2257,0,0,0,0,0,0,0
1736,4,2225,2232,2258,2242,0,0,0,0,0,0
1737,3,2226,2272,2269,0,0,0,0,0,0,0
1738,4,2227,2246,2254,2306,0,0,0,0,0,0
1739,2,2228,2227,0,0,0,0,0,0,0,0
1740,2,2230,2229,0,0,0,0,0,0,0,0
1741,3,2248,2230,2255,0,0,0,0,0,0,0
1742,2,2231,2248,0,0,0,0,0,0,0,0
1743,4,2233,2234,2307,2239,0,0,0,0,0,0
1744,2,2235,2241,0,0,0,0,0,0,0,0
1745,2,2236,2235,0,0,0,0,0,0,0,0
1746,2,2237,2236,0,0,0,0,0,0,0,0
1747,4,2239,2241,2280,2318,0,0,0,0,0,0
1748,1,2240,0,0,0,0,0,0,0,0,0
1749,1,2242,0,0,0,0,0,0,0,0,0
1750,3,2244,2245,2287,0,0,0,0,0,0,0
1751,1,2247,0,0,0,0,0,0,0,0,0
1752,3,2249,2302,2270,0,0,0,0,0,0,0
1753,3,2250,2270,2299,0,0,0,0,0,0,0
1754,3,2254,2250,2285,0,0,0,0,0,0,0
1755,4,2251,2324,2354,2360,0,0,0,0,0,0
1756,2,2252,2251,0,0,0,0,0,0,0,0
1757,3,2253,2272,2288,0,0,0,0,0,0,0
1758,3,2253,2271,2311,0,0,0,0,0,0,0
1759,3,2255,2267,2300,0,0,0,0,0,0,0
1760,3,2290,2298,2256,0,0,0,0,0,0,0
1761,1,2257,0,0,0,0,0,0,0,0,0
1762,4,2258,2266,2296,2301,0,0,0,0,0,0
1763,2,2261,2260,0,0,0,0,0,0,0,0
1764,2,2262,2261,0,0,0,0,0,0,0,0
1765,2,2262,2351,0,0,0,0,0,0,0,0
1766,3,2263,2377,2388,0,0,0,0,0,0,0
1767,2,2264,2263,0,0,0,0,0,0,0,0
1768,2,2265,2264,0,0,0,0,0,0,0,0
1769,2,2268,2267,0,0,0,0,0,0,0,0
1770,3,2269,2278,2289,0,0,0,0,0,0,0
1771,1,-1,0,0,0,0,0,0,0,0,0
1772,2,2274,2273,0,0,0,0,0,0,0,0
1773,2,2275,2274,0,0,0,0,0,0,0,0
1774,2,2276,2275,0,0,0,0,0,0,0,0
1775,2,2277,2276,0,0,0,0,0,0,0,0
1776,4,2281,2323,2278,2324,0,0,0,0,0,0
1777,3,2315,2358,2279,0,0,0,0,0,0,0
1778,2,2321,2280,0,0,0,0,0,0,0,0
1779,2,2282,2281,0,0,0,0,0,0,0,0
1780,2,2283,2282,0,0,0,0,0,0,0,0
1781,2,2284,2364,0,0,0,0,0,0,0,0
1782,3,2285,2297,2295,0,0,0,0,0,0,0
1783,4,2314,2357,2286,2316,0,0,0,0,0,0
1784,1,2287,0,0,0,0,0,0,0,0,0
1785,3,2288,2308,2313,0,0,0,0,0,0,0
1786,4,2316,2325,2335,2290,0,0,0,0,0,0
1787,2,2292,2291,0,0,0,0,0,0,0,0
1788,2,2293,2292,0,0,0,0,0,0,0,0
1789,2,2294,2293,0,0,0,0,0,0,0,0
1790,3,2363,2367,2294,0,0,0,0,0,0,0
1791,3,2295,2372,2361,0,0,0,0,0,0,0
1792,4,2296,2419,2321,2338,0,0,0,0,0,0
1793,3,2297,2317,2334,0,0,0,0,0,0,0
1794,4,2301,2339,2298,2330,0,0,0,0,0,0
1795,1,2299,0,0,0,0,0,0,0,0,0
1796,3,2300,2422,2353,0,0,0,0,0,0,0
1797,2,2303,2302,0,0,0,0,0,0,0,0
1798,1,2303,0,0,0,0,0,0,0,0,0
1799,3,2304,2361,2337,0,0,0,0,0,0,0
1800,2,2305,2304,0,0,0,0,0,0,0,0
1801,2,2306,2305,0,0,0,0,0,0,0,0
1802,3,2383,2307,2360,0,0,0,0,0,0,0
1803,2,2309,2308,0,0,0,0,0,0,0,0
1804,2,2310,2309,0,0,0,0,0,0,0,0
1805,2,2311,2310,0,0,0,0,0,0,0,0
1806,3,2312,2322,2333,0,0,0,0,0,0,0
1807,2,2313,2312,0,0,0,0,0,0,0,0
1808,2,2314,2352,0,0,0,0,0,0,0,0
1809,2,2315,2375,0,0,0,0,0,0,0,0
1810,1,2317,0,0,0,0,0,0,0,0,0
1811,4,2373,2394,2405,2318,0,0,0,0,0,0
1812,2,2320,2319,0,0,0,0,0,0,0,0
1813,3,2424,2440,2320,0,0,0,0,0,0,0
1814,4,2340,2376,2322,2323,0,0,0,0,0,0
1815,3,2423,2325,2404,0,0,0,0,0,0,0
1816,3,2326,2357,2366,0,0,0,0,0,0,0
1817,2,2327,2326,0,0,0,0,0,0,0,0
1818,3,2329,2352,2327,0,0,0,0,0,0,0
1819,3,2328,2338,2371,0,0,0,0,0,0,0
1820,1,2328,0,0,0,0,0,0,0,0,0
1821,2,2329,2374,0,0,0,0,0,0,0,0
1822,3,2330,2371,2397,0,0,0,0,0,0,0
1823,4,2331,2448,2367,2447,0,0,0,0,0,0
1824,2,2332,2331,0,0,0,0,0,0,0,0
1825,1,-1,0,0,0,0,0,0,0,0,0
1826,4,2407,2333,2430,2451,0,0,0,0,0,0
1827,1,2334,0,0,0,0,0,0,0,0,0
1828,4,2335,2339,2401,2409,0,0,0,0,0,0
1829,4,2336,2353,2386,2443,0,0,0,0,0,0
1830,2,2337,2336,0,0,0,0,0,0,0,0
1831,2,2341,2340,0,0,0,0,0,0,0,0
1832,4,2402,2416,2341,2356,0,0,0,0,0,0
1833,3,2342,2463,2415,0,0,0,0,0,0,0
1834,2,2343,2342,0,0,0,0,0,0,0,0
1835,2,2344,2343,0,0,0,0,0,0,0,0
1836,2,2345,2344,0,0,0,0,0,0,0,0
1837,2,2346,2345,0,0,0,0,0,0,0,0
1838,2,2347,2346,0,0,0,0,0,0,0,0
1839,1,-1,0,0,0,0,0,0,0,0,0
1840,2,2349,2348,0,0,0,0,0,0,0,0
1841,2,2350,2349,0,0,0,0,0,0,0,0
1842,2,2351,2350,0,0,0,0,0,0,0,0
1843,2,2355,2354,0,0,0,0,0,0,0,0
1844,2,2356,2355,0,0,0,0,0,0,0,0
1845,2,2359,2358,0,0,0,0,0,0,0,0
1846,2,2359,2411,0,0,0,0,0,0,0,0
1847,3,2362,2377,2475,0,0,0,0,0,0,0
1848,3,2432,2362,2364,0,0,0,0,0,0,0
1849,3,2410,2363,2450,0,0,0,0,0,0,0
1850,3,2365,2395,2387,0,0,0,0,0,0,0
1851,2,2366,2365,0,0,0,0,0,0,0,0
1852,4,2368,2522,2540,2582,0,0,0,0,0,0
1853,2,2369,2368,0,0,0,0,0,0,0,0
1854,2,2370,2369,0,0,0,0,0,0,0,0
1855,1,2372,0,0,0,0,0,0,0,0,0
1856,3,2425,2373,2383,0,0,0,0,0,0,0
1857,3,2374,2406,2399,0,0,0,0,0,0,0
1858,2,2375,2427,0,0,0,0,0,0,0,0
1859,3,2376,2385,2400,0,0,0,0,0,0,0
1860,2,2378,2424,0,0,0,0,0,0,0,0
1861,2,2379,2378,0,0,0,0,0,0,0,0
1862,2,2380,2379,0,0,0,0,0,0,0,0
1863,2,2381,2380,0,0,0,0,0,0,0,0
1864,2,2382,2381,0,0,0,0,0,0,0,0
1865,1,2382,0,0,0,0,0,0,0,0,0
1866,4,2384,2451,2467,2478,0,0,0,0,0,0
1867,2,2385,2384,0,0,0,0,0,0,0,0
1868,3,2489,2386,2497,0,0,0,0,0,0,0
1869,3,2387,2404,2436,0,0,0,0,0,0,0
1870,2,2389,2388,0,0,0,0,0,0,0,0
1871,2,2390,2389,0,0,0,0,0,0,0,0
1872,2,2391,2390,0,0,0,0,0,0,0,0
1873,2,2392,2391,0,0,0,0,0,0,0,0
1874,2,2393,2392,0,0,0,0,0,0,0,0
1875,2,2580,2393,0,0,0,0,0,0,0,0
1876,2,2428,2394,0,0,0,0,0,0,0,0
1877,1,-1,0,0,0,0,0,0,0,0,0
1878,3,2396,2423,2442,0,0,0,0,0,0,0
1879,4,2409,2434,2396,2466,0,0,0,0,0,0
1880,3,2397,2401,2469,0,0,0,0,0,0,0
1881,3,2398,2431,2468,0,0,0,0,0,0,0
1882,2,2399,2398,0,0,0,0,0,0,0,0
1883,4,2400,2439,2472,2418,0,0,0,0,0,0
1884,2,2403,2402,0,0,0,0,0,0,0,0
1885,3,2403,2439,2474,0,0,0,0,0,0,0
1886,2,2405,2446,0,0,0,0,0,0,0,0
1887,2,2408,2407,0,0,0,0,0,0,0,0
1888,2,2408,2438,0,0,0,0,0,0,0,0
1889,2,2411,2410,0,0,0,0,0,0,0,0
1890,1,2412,0,0,0,0,0,0,0,0,0
1891,2,2413,2412,0,0,0,0,0,0,0,0
1892,2,2414,2413,0,0,0,0,0,0,0,0
1893,2,2415,2414,0,0,0,0,0,0,0,0
1894,2,2417,2416,0,0,0,0,0,0,0,0
1895,2,2418,2417,0,0,0,0,0,0,0,0
1896,2,2420,2419,0,0,0,0,0,0,0,0
1897,2,2421,2420,0,0,0,0,0,0,0,0
1898,4,2459,2421,2428,2453,0,0,0,0,0,0
1899,3,2447,2454,2422,0,0,0,0,0,0,0
1900,2,2426,2425,0,0,0,0,0,0,0,0
1901,3,2435,2452,2426,0,0,0,0,0,0,0
1902,2,2427,2445,0,0,0,0,0,0,0,0
1903,3,2429,2437,2495,0,0,0,0,0,0,0
1904,2,2430,2429,0,0,0,0,0,0,0,0
1905,2,2431,2510,0,0,0,0,0,0,0,0
1906,2,2432,2534,0,0,0,0,0,0,0,0
1907,4,2433,2496,2458,2470,0,0,0,0,0,0
1908,3,2434,2461,2500,0,0,0,0,0,0,0
1909,4,2457,2474,2508,2435,0,0,0,0,0,0
1910,3,2470,2436,2471,0,0,0,0,0,0,0
1911,2,2438,2437,0,0,0,0,0,0,0,0
1912,3,2476,2440,2501,0,0,0,0,0,0,0
1913,3,2441,2471,2505,0,0,0,0,0,0,0
1914,2,2442,2441,0,0,0,0,0,0,0,0
1915,2,2444,2443,0,0,0,0,0,0,0,0
1916,1,-1,0,0,0,0,0,0,0,0,0
1917,2,2445,2499,0,0,0,0,0,0,0,0
1918,3,2446,2464,2452,0,0,0,0,0,0,0
1919,2,2449,2448,0,0,0,0,0,0,0,0
1920,2,2450,2449,0,0,0,0,0,0,0,0
1921,3,2453,2527,2631,0,0,0,0,0,0,0
1922,4,2455,2460,2487,2529,0,0,0,0,0,0
1923,2,2456,2455,0,0,0,0,0,0,0,0
1924,2,2456,2498,0,0,0,0,0,0,0,0
1925,4,2457,2465,2486,2535,0,0,0,0,0,0
1926,4,2458,2468,2493,2484,0,0,0,0,0,0
1927,2,2460,2459,0,0,0,0,0,0,0,0
1928,3,2461,2469,2511,0,0,0,0,0,0,0
1929,3,2462,2485,2494,0,0,0,0,0,0,0
1930,3,2462,2479,2504,0,0,0,0,0,0,0
1931,2,2463,2525,0,0,0,0,0,0,0,0
1932,2,2465,2464,0,0,0,0,0,0,0,0
1933,4,2466,2481,2536,2507,0,0,0,0,0,0
1934,3,2467,2473,2492,0,0,0,0,0,0,0
1935,2,2473,2472,0,0,0,0,0,0,0,0
1936,2,2475,2533,0,0,0,0,0,0,0,0
1937,2,2477,2476,0,0,0,0,0,0,0,0
1938,1,2477,0,0,0,0,0,0,0,0,0
1939,2,2479,2478,0,0,0,0,0,0,0,0
1940,3,2480,2492,2524,0,0,0,0,0,0,0
1941,3,2480,2508,2526,0,0,0,0,0,0,0
1942,2,2482,2481,0,0,0,0,0,0,0,0
1943,2,2483,2482,0,0,0,0,0,0,0,0
1944,3,2500,2483,2530,0,0,0,0,0,0,0
1945,4,2484,2520,2572,2600,0,0,0,0,0,0
1946,4,2485,2524,2569,2571,0,0,0,0,0,0
1947,4,2486,2498,2512,2559,0,0,0,0,0,0
1948,3,2487,2518,2567,0,0,0,0,0,0,0
1949,3,2488,2530,2612,0,0,0,0,0,0,0
1950,2,2488,2511,0,0,0,0,0,0,0,0
1951,2,2490,2489,0,0,0,0,0,0,0,0
1952,2,2491,2490,0,0,0,0,0,0,0,0
1953,3,2563,2491,2635,0,0,0,0,0,0,0
1954,3,2509,2523,2493,0,0,0,0,0,0,0
1955,3,2494,2517,2531,0,0,0,0,0,0,0
1956,3,2504,2495,2532,0,0,0,0,0,0,0
1957,3,2496,2521,2538,0,0,0,0,0,0,0
1958,3,2497,2542,2516,0,0,0,0,0,0,0
1959,4,2499,2539,2643,2519,0,0,0,0,0,0
1960,4,2501,2502,2539,2540,0,0,0,0,0,0
1961,2,2503,2502,0,0,0,0,0,0,0,0
1962,2,2506,2505,0,0,0,0,0,0,0,0
1963,2,2507,2506,0,0,0,0,0,0,0,0
1964,2,2510,2509,0,0,0,0,0,0,0,0
1965,3,2512,2565,2639,0,0,0,0,0,0,0
1966,3,2513,2534,2647,0,0,0,0,0,0,0
1967,3,2515,2710,2513,0,0,0,0,0,0,0
1968,4,2514,2516,2553,2629,0,0,0,0,0,0
1969,3,2532,2577,2514,0,0,0,0,0,0,0
1970,2,2533,2515,0,0,0,0,0,0,0,0
1971,3,2541,2571,2517,0,0,0,0,0,0,0
1972,3,2518,2565,2637,0,0,0,0,0,0,0
1973,5,2519,2560,2642,2681,2522,0,0,0,0,0
1974,2,2521,2520,0,0,0,0,0,0,0,0
1975,3,2576,2523,2575,0,0,0,0,0,0,0
1976,4,2525,2545,2546,2584,0,0,0,0,0,0
1977,3,2526,2535,2566,0,0,0,0,0,0,0
1978,3,2617,2527,2568,0,0,0,0,0,0,0
1979,4,2528,2544,2568,2596,0,0,0,0,0,0
1980,2,2529,2528,0,0,0,0,0,0,0,0
1981,3,2531,2547,2570,0,0,0,0,0,0,0
1982,2,2537,2536,0,0,0,0,0,0,0,0
1983,2,2538,2537,0,0,0,0,0,0,0,0
1984,4,2547,2592,2598,2541,0,0,0,0,0,0
1985,3,2635,2646,2542,0,0,0,0,0,0,0
1986,3,2543,2549,2641,0,0,0,0,0,0,0
1987,2,2623,2543,0,0,0,0,0,0,0,0
1988,3,2680,2544,2636,0,0,0,0,0,0,0
1989,3,2545,2562,2638,0,0,0,0,0,0,0
1990,4,2546,2634,2552,2640,0,0,0,0,0,0
1991,3,2548,2593,2693,0,0,0,0,0,0,0
1992,2,2550,2549,0,0,0,0,0,0,0,0
1993,2,2551,2550,0,0,0,0,0,0,0,0
1994,2,2552,2551,0,0,0,0,0,0,0,0
1995,3,2594,2644,2553,0,0,0,0,0,0,0
1996,2,2554,2622,0,0,0,0,0,0,0,0
1997,2,2555,2554,0,0,0,0,0,0,0,0
1998,2,2556,2555,0,0,0,0,0,0,0,0
1999,2,2557,2556,0,0,0,0,0,0,0,0
2000,2,2558,2557,0,0,0,0,0,0,0,0
2001,3,2558,2576,2628,0,0,0,0,0,0,0
2002,3,2685,2559,2645,0,0,0,0,0,0,0
2003,2,2561,2560,0,0,0,0,0,0,0,0
2004,2,2562,2561,0,0,0,0,0,0,0,0
2005,2,2564,2563,0,0,0,0,0,0,0,0
2006,3,2564,2593,2671,0,0,0,0,0,0,0
2007,4,2578,2645,2566,2611,0,0,0,0,0,0
2008,3,2567,2616,2636,0,0,0,0,0,0,0
2009,1,2569,0,0,0,0,0,0,0,0,0
2010,3,2570,2632,2577,0,0,0,0,0,0,0
2011,2,2573,2572,0,0,0,0,0,0,0,0
2012,2,2574,2573,0,0,0,0,0,0,0,0
2013,2,2575,2574,0,0,0,0,0,0,0,0
2014,2,2579,2578,0,0,0,0,0,0,0,0
2015,1,2579,0,0,0,0,0,0,0,0,0
2016,2,2581,2580,0,0,0,0,0,0,0,0
2017,3,2586,2581,2745,0,0,0,0,0,0,0
2018,2,2583,2582,0,0,0,0,0,0,0,0
2019,2,2584,2583,0,0,0,0,0,0,0,0
2020,3,2585,2675,2733,0,0,0,0,0,0,0
2021,3,2659,2585,2623,0,0,0,0,0,0,0
2022,2,2587,2586,0,0,0,0,0,0,0,0
2023,2,2588,2587,0,0,0,0,0,0,0,0
2024,2,2589,2588,0,0,0,0,0,0,0,0
2025,2,2590,2589,0,0,0,0,0,0,0,0
2026,2,2590,2676,0,0,0,0,0,0,0,0
2027,3,2591,2637,2674,0,0,0,0,0,0,0
2028,3,2656,2591,2616,0,0,0,0,0,0,0
2029,1,2592,0,0,0,0,0,0,0,0,0
2030,4,2706,2594,2660,2702,0,0,0,0,0,0
2031,3,2595,2698,2599,0,0,0,0,0,0,0
2032,4,2678,2595,2634,2641,0,0,0,0,0,0
2033,2,2597,2596,0,0,0,0,0,0,0,0
2034,3,2703,2597,2619,0,0,0,0,0,0,0
2035,4,2598,2633,2668,2673,0,0,0,0,0,0
2036,3,2599,2638,2640,0,0,0,0,0,0,0
2037,2,2601,2600,0,0,0,0,0,0,0,0
2038,2,2602,2601,0,0,0,0,0,0,0,0
2039,2,2603,2602,0,0,0,0,0,0,0,0
2040,2,2604,2603,0,0,0,0,0,0,0,0
2041,2,2605,2604,0,0,0,0,0,0,0,0
2042,2,2606,2605,0,0,0,0,0,0,0,0
2043,2,2607,2606,0,0,0,0,0,0,0,0
2044,2,2608,2607,0,0,0,0,0,0,0,0
2045,2,2609,2608,0,0,0,0,0,0,0,0
2046,2,2610,2609,0,0,0,0,0,0,0,0
2047,3,2651,2610,2665,0,0,0,0,0,0,0
2048,2,2611,2666,0,0,0,0,0,0,0,0
2049,2,2613,2612,0,0,0,0,0,0,0,0
2050,1,-1,0,0,0,0,0,0,0,0,0
2051,2,2615,2614,0,0,0,0,0,0,0,0
2052,4,2630,2747,2748,2615,0,0,0,0,0,0
2053,2,2618,2617,0,0,0,0,0,0,0,0
2054,2,2619,2618,0,0,0,0,0,0,0,0
2055,2,2620,2661,0,0,0,0,0,0,0,0
2056,2,2621,2620,0,0,0,0,0,0,0,0
2057,2,2622,2621,0,0,0,0,0,0,0,0
2058,2,2624,2653,0,0,0,0,0,0,0,0
2059,2,2625,2624,0,0,0,0,0,0,0,0
2060,2,2626,2625,0,0,0,0,0,0,0,0
2061,2,2627,2626,0,0,0,0,0,0,0,0
2062,2,2628,2627,0,0,0,0,0,0,0,0
2063,3,2660,2629,2670,0,0,0,0,0,0,0
2064,2,2631,2630,0,0,0,0,0,0,0,0
2065,2,2633,2632,0,0,0,0,0,0,0,0
2066,3,2639,2677,2669,0,0,0,0,0,0,0
2067,2,2642,2694,0,0,0,0,0,0,0,0
2068,2,2643,2688,0,0,0,0,0,0,0,0
2069,3,2672,2644,2658,0,0,0,0,0,0,0
2070,3,2671,2691,2646,0,0,0,0,0,0,0
2071,2,2648,2647,0,0,0,0,0,0,0,0
2072,2,2649,2648,0,0,0,0,0,0,0,0
2073,4,2649,2710,2753,2814,0,0,0,0,0,0
2074,3,2650,2692,2749,0,0,0,0,0,0,0
2075,4,2650,2677,2685,2705,0,0,0,0,0,0
2076,2,2652,2651,0,0,0,0,0,0,0,0
2077,2,2653,2652,0,0,0,0,0,0,0,0
2078,3,2654,2696,2704,0,0,0,0,0,0,0
2079,3,2655,2654,2674,0,0,0,0,0,0,0
2080,3,2655,2697,2701,0,0,0,0,0,0,0
2081,1,2656,0,0,0,0,0,0,0,0,0
2082,3,2657,2700,2687,0,0,0,0,0,0,0
2083,2,2658,2657,0,0,0,0,0,0,0,0
2084,3,2707,2659,2718,0,0,0,0,0,0,0
2085,2,2662,2661,0,0,0,0,0,0,0,0
2086,2,2663,2662,0,0,0,0,0,0,0,0
2087,2,2664,2663,0,0,0,0,0,0,0,0
2088,2,2665,2664,0,0,0,0,0,0,0,0
2089,2,2667,2666,0,0,0,0,0,0,0,0
2090,2,2668,2667,0,0,0,0,0,0,0,0
2091,3,2669,2695,2704,0,0,0,0,0,0,0
2092,3,2670,2673,2708,0,0,0,0,0,0,0
2093,4,2672,2700,2706,2746,0,0,0,0,0,0
2094,2,2676,2675,0,0,0,0,0,0,0,0
2095,2,2679,2678,0,0,0,0,0,0,0,0
2096,2,2679,2707,0,0,0,0,0,0,0,0
2097,1,2680,0,0,0,0,0,0,0,0,0
2098,2,2682,2681,0,0,0,0,0,0,0,0
2099,2,2683,2682,0,0,0,0,0,0,0,0
2100,2,2684,2683,0,0,0,0,0,0,0,0
2101,2,2684,2723,0,0,0,0,0,0,0,0
2102,3,2686,2701,2738,0,0,0,0,0,0,0
2103,3,2686,2726,2728,0,0,0,0,0,0,0
2104,3,2687,2717,2736,0,0,0,0,0,0,0
2105,3,2688,2768,2871,0,0,0,0,0,0,0
2106,3,2689,2748,2772,0,0,0,0,0,0,0
2107,1,2689,0,0,0,0,0,0,0,0,0
2108,3,2690,2740,2709,0,0,0,0,0,0,0
2109,4,2702,2690,2725,2779,0,0,0,0,0,0
2110,3,2711,2691,2727,0,0,0,0,0,0,0
2111,3,2692,2729,2713,0,0,0,0,0,0,0
2112,4,2693,2727,2799,2816,0,0,0,0,0,0
2113,5,2694,2722,2793,2768,2867,0,0,0,0,0
2114,4,2705,2724,2734,2695,0,0,0,0,0,0
2115,3,2697,2696,2735,0,0,0,0,0,0,0
2116,2,2699,2698,0,0,0,0,0,0,0,0
2117,2,2699,2754,0,0,0,0,0,0,0,0
2118,2,2703,2737,0,0,0,0,0,0,0,0
2119,2,2709,2708,0,0,0,0,0,0,0,0
2120,3,2752,2711,2817,0,0,0,0,0,0,0
2121,3,2712,2720,2735,0,0,0,0,0,0,0
2122,3,2712,2724,2770,0,0,0,0,0,0,0
2123,3,2713,2769,2755,0,0,0,0,0,0,0
2124,1,2714,0,0,0,0,0,0,0,0,0
2125,3,2767,2714,2736,0,0,0,0,0,0,0
2126,3,2715,2762,2744,0,0,0,0,0,0,0
2127,3,2715,2729,2763,0,0,0,0,0,0,0
2128,3,2716,2778,2739,0,0,0,0,0,0,0
2129,3,2716,2764,2775,0,0,0,0,0,0,0
2130,3,2717,2756,2771,0,0,0,0,0,0,0
2131,2,2718,2800,0,0,0,0,0,0,0,0
2132,3,2719,2728,2776,0,0,0,0,0,0,0
2133,3,2719,2721,2738,0,0,0,0,0,0,0
2134,2,2721,2720,0,0,0,0,0,0,0,0
2135,2,2723,2722,0,0,0,0,0,0,0,0
2136,4,2725,2746,2771,2820,0,0,0,0,0,0
2137,3,2726,2766,2774,0,0,0,0,0,0,0
2138,4,2730,2781,2801,2859,0,0,0,0,0,0
2139,2,2731,2730,0,0,0,0,0,0,0,0
2140,2,2732,2731,0,0,0,0,0,0,0,0
2141,2,2733,2732,0,0,0,0,0,0,0,0
2142,3,2749,2734,2769,0,0,0,0,0,0,0
2143,3,2737,2773,2765,0,0,0,0,0,0,0
2144,1,2739,0,0,0,0,0,0,0,0,0
2145,2,2741,2740,0,0,0,0,0,0,0,0
2146,2,2742,2741,0,0,0,0,0,0,0,0
2147,2,2743,2742,0,0,0,0,0,0,0,0
2148,2,2744,2743,0,0,0,0,0,0,0,0
2149,4,2745,2780,2803,2854,0,0,0,0,0,0
2150,2,2747,3420,0,0,0,0,0,0,0,0
2151,3,2750,2751,2787,0,0,0,0,0,0,0
2152,2,2750,2813,0,0,0,0,0,0,0,0
2153,3,2751,2767,2819,0,0,0,0,0,0,0
2154,2,2811,2752,0,0,0,0,0,0,0,0
2155,2,2753,2804,0,0,0,0,0,0,0,0
2156,2,2754,2785,0,0,0,0,0,0,0,0
2157,4,2755,2763,2802,2795,0,0,0,0,0,0
2158,3,2756,2784,2818,0,0,0,0,0,0,0
2159,4,2757,2786,2792,2810,0,0,0,0,0,0
2160,3,2770,2757,2777,0,0,0,0,0,0,0
2161,2,2758,2764,0,0,0,0,0,0,0,0
2162,2,2758,2806,0,0,0,0,0,0,0,0
2163,3,2759,2765,2807,0,0,0,0,0,0,0
2164,2,2772,2759,0,0,0,0,0,0,0,0
2165,3,2760,2805,2810,0,0,0,0,0,0,0
2166,2,2761,2760,0,0,0,0,0,0,0,0
2167,3,2761,2766,2809,0,0,0,0,0,0,0
2168,3,2779,2762,2798,0,0,0,0,0,0,0
2169,4,2773,2778,2808,2815,0,0,0,0,0,0
2170,2,2775,2774,0,0,0,0,0,0,0,0
2171,2,2777,2776,0,0,0,0,0,0,0,0
2172,2,2781,2780,0,0,0,0,0,0,0,0
2173,3,2782,2786,2850,0,0,0,0,0,0,0
2174,4,2782,2797,2805,2860,0,0,0,0,0,0
2175,3,2783,2851,2807,0,0,0,0,0,0,0
2176,3,2808,2783,2849,0,0,0,0,0,0,0
2177,3,2821,2784,2822,0,0,0,0,0,0,0
2178,2,2785,2858,0,0,0,0,0,0,0,0
2179,2,2788,2787,0,0,0,0,0,0,0,0
2180,2,2789,2788,0,0,0,0,0,0,0,0
2181,1,2789,0,0,0,0,0,0,0,0,0
2182,4,2790,2795,2836,2845,0,0,0,0,0,0
2183,2,2791,2790,0,0,0,0,0,0,0,0
2184,2,2792,2791,0,0,0,0,0,0,0,0
2185,2,2794,2793,0,0,0,0,0,0,0,0
2186,3,2835,2794,2902,0,0,0,0,0,0,0
2187,1,2796,0,0,0,0,0,0,0,0,0
2188,2,2797,2796,0,0,0,0,0,0,0,0
2189,3,2798,2820,2833,0,0,0,0,0,0,0
2190,2,2799,2868,0,0,0,0,0,0,0,0
2191,2,2801,2800,0,0,0,0,0,0,0,0
2192,1,2802,0,0,0,0,0,0,0,0,0
2193,2,2804,2803,0,0,0,0,0,0,0,0
2194,3,2806,2815,2853,0,0,0,0,0,0,0
2195,3,2809,2855,2840,0,0,0,0,0,0,0
2196,2,2812,2811,0,0,0,0,0,0,0,0
2197,2,2813,2812,0,0,0,0,0,0,0,0
2198,2,2814,2861,0,0,0,0,0,0,0,0
2199,1,-1,0,0,0,0,0,0,0,0,0
2200,2,2819,2818,0,0,0,0,0,0,0,0
2201,3,2821,2863,2883,0,0,0,0,0,0,0
2202,3,2822,2866,2904,0,0,0,0,0,0,0
2203,3,2823,2834,2845,0,0,0,0,0,0,0
2204,3,2891,2823,2884,0,0,0,0,0,0,0
2205,3,2824,2831,2873,0,0,0,0,0,0,0
2206,2,2825,2824,0,0,0,0,0,0,0,0
2207,2,2826,2825,0,0,0,0,0,0,0,0
2208,3,2882,2826,2875,0,0,0,0,0,0,0
2209,3,2827,2830,2890,0,0,0,0,0,0,0
2210,2,2828,2827,0,0,0,0,0,0,0,0
2211,4,2828,2838,2842,2893,0,0,0,0,0,0
2212,2,2829,2887,0,0,0,0,0,0,0,0
2213,3,2910,2829,2851,0,0,0,0,0,0,0
2214,4,2843,2830,2841,2850,0,0,0,0,0,0
2215,2,2832,2831,0,0,0,0,0,0,0,0
2216,2,2833,2832,0,0,0,0,0,0,0,0
2217,4,2841,2852,2892,2834,0,0,0,0,0,0
2218,1,2835,0,0,0,0,0,0,0,0,0
2219,3,2874,2836,2891,0,0,0,0,0,0,0
2220,1,2837,0,0,0,0,0,0,0,0,0
2221,2,2838,2837,0,0,0,0,0,0,0,0
2222,1,-1,0,0,0,0,0,0,0,0,0
2223,2,2840,2839,0,0,0,0,0,0,0,0
2224,4,2842,2860,2844,2856,0,0,0,0,0,0
2225,2,2844,2843,0,0,0,0,0,0,0,0
2226,3,2846,2857,2859,0,0,0,0,0,0,0
2227,2,2847,2846,0,0,0,0,0,0,0,0
2228,2,2848,2847,0,0,0,0,0,0,0,0
2229,4,2878,2848,2854,2861,0,0,0,0,0,0
2230,3,2849,2853,2894,0,0,0,0,0,0,0
2231,1,2852,0,0,0,0,0,0,0,0,0
2232,2,2856,2855,0,0,0,0,0,0,0,0
2233,2,2858,2857,0,0,0,0,0,0,0,0
2234,3,2862,2901,2918,0,0,0,0,0,0,0
2235,4,2862,2876,2886,2890,0,0,0,0,0,0
2236,3,2863,2906,2914,0,0,0,0,0,0,0
2237,4,2864,2869,2884,2919,0,0,0,0,0,0
2238,2,2865,2864,0,0,0,0,0,0,0,0
2239,3,2915,2865,2874,0,0,0,0,0,0,0
2240,3,2916,2917,2866,0,0,0,0,0,0,0
2241,4,2867,2988,2967,2974,0,0,0,0,0,0
2242,2,2868,2937,0,0,0,0,0,0,0,0
2243,2,2870,2869,0,0,0,0,0,0,0,0
2244,4,2876,2870,2892,2922,0,0,0,0,0,0
2245,4,2871,2929,2967,3000,0,0,0,0,0,0
2246,3,2872,2875,2909,0,0,0,0,0,0,0
2247,2,2873,2872,0,0,0,0,0,0,0,0
2248,3,2877,2918,2881,0,0,0,0,0,0,0
2249,3,2885,2893,2877,0,0,0,0,0,0,0
2250,2,2879,2878,0,0,0,0,0,0,0,0
2251,2,2880,2879,0,0,0,0,0,0,0,0
2252,1,2880,0,0,0,0,0,0,0,0,0
2253,2,2883,2882,0,0,0,0,0,0,0,0
2254,2,2886,2885,0,0,0,0,0,0,0,0
2255,2,2888,2887,0,0,0,0,0,0,0,0
2256,2,2889,2888,0,0,0,0,0,0,0,0
2257,1,2889,0,0,0,0,0,0,0,0,0
2258,4,2895,2942,2947,2954,0,0,0,0,0,0
2259,2,2920,2895,0,0,0,0,0,0,0,0
2260,3,2896,2900,2919,0,0,0,0,0,0,0
2261,3,2946,2896,2948,0,0,0,0,0,0,0
2262,2,2897,2951,0,0,0,0,0,0,0,0
2263,2,2898,2897,0,0,0,0,0,0,0,0
2264,3,2898,2903,2917,0,0,0,0,0,0,0
2265,3,2899,2943,2915,0,0,0,0,0,0,0
2266,3,2899,2900,2956,0,0,0,0,0,0,0
2267,3,2968,2901,2954,0,0,0,0,0,0,0
2268,1,-1,0,0,0,0,0,0,0,0,0
2269,4,2903,2912,2949,2955,0,0,0,0,0,0
2270,2,2905,2904,0,0,0,0,0,0,0,0
2271,3,2940,3017,2905,0,0,0,0,0,0,0
2272,4,2906,2907,2952,2964,0,0,0,0,0,0
2273,2,2908,2907,0,0,0,0,0,0,0,0
2274,2,2909,2908,0,0,0,0,0,0,0,0
2275,2,2911,2910,0,0,0,0,0,0,0,0
2276,2,2926,2911,0,0,0,0,0,0,0,0
2277,2,2913,2912,0,0,0,0,0,0,0,0
2278,2,2914,2913,0,0,0,0,0,0,0,0
2279,1,2916,0,0,0,0,0,0,0,0,0
2280,2,2921,2920,0,0,0,0,0,0,0,0
2281,2,2922,2921,0,0,0,0,0,0,0,0
2282,4,2923,2924,2975,3020,0,0,0,0,0,0
2283,3,2962,2923,2942,0,0,0,0,0,0,0
2284,2,2925,2924,0,0,0,0,0,0,0,0
2285,4,2938,2982,2925,2946,0,0,0,0,0,0
2286,3,2926,2978,2979,0,0,0,0,0,0,0
2287,3,2927,2941,2956,0,0,0,0,0,0,0
2288,2,2928,2927,0,0,0,0,0,0,0,0
2289,3,2928,2945,2980,0,0,0,0,0,0,0
2290,1,-1,0,0,0,0,0,0,0,0,0
2291,2,2931,2930,0,0,0,0,0,0,0,0
2292,2,2932,2931,0,0,0,0,0,0,0,0
2293,2,2933,2932,0,0,0,0,0,0,0,0
2294,2,2934,2933,0,0,0,0,0,0,0,0
2295,2,2935,2934,0,0,0,0,0,0,0,0
2296,2,2936,2935,0,0,0,0,0,0,0,0
2297,2,2937,2936,0,0,0,0,0,0,0,0
2298,2,2939,2938,0,0,0,0,0,0,0,0
2299,4,2939,2941,2981,2985,0,0,0,0,0,0
2300,1,2940,0,0,0,0,0,0,0,0,0
2301,2,2944,2943,0,0,0,0,0,0,0,0
2302,2,2945,2944,0,0,0,0,0,0,0,0
2303,2,2948,2947,0,0,0,0,0,0,0,0
2304,2,2950,2949,0,0,0,0,0,0,0,0
2305,2,2951,2950,0,0,0,0,0,0,0,0
2306,2,2953,2952,0,0,0,0,0,0,0,0
2307,3,2955,2976,2953,0,0,0,0,0,0,0
2308,4,2957,2981,2958,2983,0,0,0,0,0,0
2309,3,2960,2957,3008,0,0,0,0,0,0,0
2310,3,2958,3010,3019,0,0,0,0,0,0,0
2311,3,2959,2979,2963,0,0,0,0,0,0,0
2312,3,2959,2995,3012,0,0,0,0,0,0,0
2313,3,2980,2985,2960,0,0,0,0,0,0,0
2314,3,2961,3011,2975,0,0,0,0,0,0,0
2315,3,3002,3019,2961,0,0,0,0,0,0,0
2316,4,3007,3037,2962,3005,0,0,0,0,0,0
2317,1,2963,0,0,0,0,0,0,0,0,0
2318,2,2965,2964,0,0,0,0,0,0,0,0
2319,2,2966,2965,0,0,0,0,0,0,0,0
2320,4,3003,3038,3084,2966,0,0,0,0,0,0
2321,2,2969,2968,0,0,0,0,0,0,0,0
2322,3,2969,3001,3015,0,0,0,0,0,0,0
2323,2,2971,2970,0,0,0,0,0,0,0,0
2324,2,2972,2971,0,0,0,0,0,0,0,0
2325,2,2973,2972,0,0,0,0,0,0,0,0
2326,2,2974,2973,0,0,0,0,0,0,0,0
2327,2,2977,2976,0,0,0,0,0,0,0,0
2328,2,3016,2977,0,0,0,0,0,0,0,0
2329,3,2978,3013,3018,0,0,0,0,0,0,0
2330,2,2983,2982,0,0,0,0,0,0,0,0
2331,1,2984,0,0,0,0,0,0,0,0,0
2332,3,2986,3031,3011,0,0,0,0,0,0,0
2333,4,2986,3007,3021,3027,0,0,0,0,0,0
2334,4,2987,3006,3012,3018,0,0,0,0,0,0
2335,3,3028,3033,2987,0,0,0,0,0,0,0
2336,2,2989,2988,0,0,0,0,0,0,0,0
2337,2,2990,2989,0,0,0,0,0,0,0,0
2338,2,2991,2990,0,0,0,0,0,0,0,0
2339,2,2992,2991,0,0,0,0,0,0,0,0
2340,2,2993,2992,0,0,0,0,0,0,0,0
2341,3,3157,2993,3079,0,0,0,0,0,0,0
2342,2,2994,3023,0,0,0,0,0,0,0,0
2343,2,2995,2994,0,0,0,0,0,0,0,0
2344,4,2996,3061,3079,3152,0,0,0,0,0,0
2345,2,2997,2996,0,0,0,0,0,0,0,0
2346,2,2998,2997,0,0,0,0,0,0,0,0
2347,2,2999,2998,0,0,0,0,0,0,0,0
2348,2,3000,2999,0,0,0,0,0,0,0,0
2349,4,3001,3034,3035,3006,0,0,0,0,0,0
2350,1,3002,0,0,0,0,0,0,0,0,0
2351,3,3008,3009,3003,0,0,0,0,0,0,0
2352,3,3004,3025,3036,0,0,0,0,0,0,0
2353,2,3005,3004,0,0,0,0,0,0,0,0
2354,2,3010,3009,0,0,0,0,0,0,0,0
2355,2,3014,3013,0,0,0,0,0,0,0,0
2356,2,3015,3014,0,0,0,0,0,0,0,0
2357,2,3016,3041,0,0,0,0,0,0,0,0
2358,1,3017,0,0,0,0,0,0,0,0,0
2359,2,3021,3020,0,0,0,0,0,0,0,0
2360,1,3022,0,0,0,0,0,0,0,0,0
2361,3,3022,3028,3073,0,0,0,0,0,0,0
2362,2,3047,3023,0,0,0,0,0,0,0,0
2363,3,3024,3081,3034,0,0,0,0,0,0,0
2364,1,3024,0,0,0,0,0,0,0,0,0
2365,3,3080,3025,3037,0,0,0,0,0,0,0
2366,4,3026,3039,3074,3089,0,0,0,0,0,0
2367,2,3026,3030,0,0,0,0,0,0,0,0
2368,4,3027,3067,3057,3080,0,0,0,0,0,0
2369,3,3029,3030,3038,0,0,0,0,0,0,0
2370,3,3029,3085,3088,0,0,0,0,0,0,0
2371,2,3032,3031,0,0,0,0,0,0,0,0
2372,1,3032,0,0,0,0,0,0,0,0,0
2373,1,3033,0,0,0,0,0,0,0,0,0
2374,2,3036,3035,0,0,0,0,0,0,0,0
2375,2,3040,3039,0,0,0,0,0,0,0,0
2376,2,3041,3040,0,0,0,0,0,0,0,0
2377,3,3042,3052,3139,0,0,0,0,0,0,0
2378,2,3043,3042,0,0,0,0,0,0,0,0
2379,4,3048,3043,3051,3140,0,0,0,0,0,0
2380,3,3044,3073,3136,0,0,0,0,0,0,0
2381,3,3151,3044,3046,0,0,0,0,0,0,0
2382,4,3045,3056,3083,3156,0,0,0,0,0,0
2383,2,3046,3045,0,0,0,0,0,0,0,0
2384,3,3138,3047,3121,0,0,0,0,0,0,0
2385,2,3049,3048,0,0,0,0,0,0,0,0
2386,2,3050,3049,0,0,0,0,0,0,0,0
2387,1,-1,0,0,0,0,0,0,0,0,0
2388,4,3051,3059,3068,3085,0,0,0,0,0,0
2389,3,3086,3052,3069,0,0,0,0,0,0,0
2390,3,3053,3072,3090,0,0,0,0,0,0,0
2391,3,3133,3053,3078,0,0,0,0,0,0,0
2392,3,3054,3150,3219,0,0,0,0,0,0,0
2393,2,3055,3054,0,0,0,0,0,0,0,0
2394,2,3070,3055,0,0,0,0,0,0,0,0
2395,2,3057,3056,0,0,0,0,0,0,0,0
2396,2,3058,3066,0,0,0,0,0,0,0,0
2397,2,3072,3058,0,0,0,0,0,0,0,0
2398,2,3060,3059,0,0,0,0,0,0,0,0
2399,2,3062,3061,0,0,0,0,0,0,0,0
2400,2,3063,3062,0,0,0,0,0,0,0,0
2401,2,3064,3063,0,0,0,0,0,0,0,0
2402,2,3065,3064,0,0,0,0,0,0,0,0
2403,2,3066,3065,0,0,0,0,0,0,0,0
2404,3,3067,3071,3141,0,0,0,0,0,0,0
2405,2,3069,3068,0,0,0,0,0,0,0,0
2406,2,3071,3070,0,0,0,0,0,0,0,0
2407,2,3075,3074,0,0,0,0,0,0,0,0
2408,2,3076,3075,0,0,0,0,0,0,0,0
2409,2,3077,3076,0,0,0,0,0,0,0,0
2410,2,3078,3077,0,0,0,0,0,0,0,0
2411,2,3082,3081,0,0,0,0,0,0,0,0
2412,2,3083,3082,0,0,0,0,0,0,0,0
2413,3,3128,3130,3084,0,0,0,0,0,0,0
2414,2,3087,3086,0,0,0,0,0,0,0,0
2415,2,3088,3087,0,0,0,0,0,0,0,0
2416,2,3090,3089,0,0,0,0,0,0,0,0
2417,2,3091,3300,0,0,0,0,0,0,0,0
2418,2,3092,3091,0,0,0,0,0,0,0,0
2419,2,3092,3151,0,0,0,0,0,0,0,0
2420,3,3093,3099,3212,0,0,0,0,0,0,0
2421,2,3093,3134,0,0,0,0,0,0,0,0
2422,3,3094,3227,3230,0,0,0,0,0,0,0
2423,2,3095,3094,0,0,0,0,0,0,0,0
2424,3,3235,3296,3095,0,0,0,0,0,0,0
2425,4,3096,3108,3121,3135,0,0,0,0,0,0
2426,2,3097,3096,0,0,0,0,0,0,0,0
2427,3,3097,3295,3310,0,0,0,0,0,0,0
2428,2,3098,3114,0,0,0,0,0,0,0,0
2429,2,3099,3098,0,0,0,0,0,0,0,0
2430,2,3100,3180,0,0,0,0,0,0,0,0
2431,2,3101,3100,0,0,0,0,0,0,0,0
2432,2,3102,3101,0,0,0,0,0,0,0,0
2433,2,3103,3102,0,0,0,0,0,0,0,0
2434,2,3104,3103,0,0,0,0,0,0,0,0
2435,2,3109,3104,0,0,0,0,0,0,0,0
2436,4,3105,3203,3106,3154,0,0,0,0,0,0
2437,3,3209,3105,3228,0,0,0,0,0,0,0
2438,4,3106,3119,3204,3159,0,0,0,0,0,0
2439,3,3107,3149,3129,0,0,0,0,0,0,0
2440,3,3107,3196,3231,0,0,0,0,0,0,0
2441,3,3124,3223,3108,0,0,0,0,0,0,0
2442,2,3110,3109,0,0,0,0,0,0,0,0
2443,2,3110,3147,0,0,0,0,0,0,0,0
2444,3,3111,3122,3214,0,0,0,0,0,0,0
2445,1,3111,0,0,0,0,0,0,0,0,0
2446,3,3112,3123,3139,0,0,0,0,0,0,0
2447,2,3113,3112,0,0,0,0,0,0,0,0
2448,2,3114,3113,0,0,0,0,0,0,0,0
2449,2,3115,3148,0,0,0,0,0,0,0,0
2450,2,3116,3115,0,0,0,0,0,0,0,0
2451,2,3117,3116,0,0,0,0,0,0,0,0
2452,2,3118,3117,0,0,0,0,0,0,0,0
2453,3,3118,3208,3221,0,0,0,0,0,0,0
2454,2,3120,3119,0,0,0,0,0,0,0,0
2455,2,3125,3120,0,0,0,0,0,0,0,0
2456,3,3122,3137,3155,0,0,0,0,0,0,0
2457,3,3140,3123,3132,0,0,0,0,0,0,0
2458,3,3124,3138,3148,0,0,0,0,0,0,0
2459,2,3126,3125,0,0,0,0,0,0,0,0
2460,2,3127,3126,0,0,0,0,0,0,0,0
2461,2,3127,3234,0,0,0,0,0,0,0,0
2462,2,3129,3128,0,0,0,0,0,0,0,0
2463,2,3131,3130,0,0,0,0,0,0,0,0
2464,2,3132,3131,0,0,0,0,0,0,0,0
2465,2,3134,3133,0,0,0,0,0,0,0,0
2466,2,3136,3135,0,0,0,0,0,0,0,0
2467,1,3137,0,0,0,0,0,0,0,0,0
2468,3,3141,3181,3229,0,0,0,0,0,0,0
2469,1,3142,0,0,0,0,0,0,0,0,0
2470,2,3143,3142,0,0,0,0,0,0,0,0
2471,2,3144,3143,0,0,0,0,0,0,0,0
2472,2,3145,3144,0,0,0,0,0,0,0,0
2473,2,3146,3145,0,0,0,0,0,0,0,0
2474,2,3147,3146,0,0,0,0,0,0,0,0
2475,2,3150,3149,0,0,0,0,0,0,0,0
2476,2,3153,3152,0,0,0,0,0,0,0,0
2477,2,3154,3153,0,0,0,0,0,0,0,0
2478,2,3156,3155,0,0,0,0,0,0,0,0
2479,2,3158,3157,0,0,0,0,0,0,0,0
2480,2,3159,3158,0,0,0,0,0,0,0,0
2481,3,3160,3202,3206,0,0,0,0,0,0,0
2482,3,3254,3286,3160,0,0,0,0,0,0,0
2483,3,3161,3278,3306,0,0,0,0,0,0,0
2484,1,3161,0,0,0,0,0,0,0,0,0
2485,2,3162,3305,0,0,0,0,0,0,0,0
2486,2,3163,3162,0,0,0,0,0,0,0,0
2487,2,3163,3211,0,0,0,0,0,0,0,0
2488,2,3164,3227,0,0,0,0,0,0,0,0
2489,2,3165,3164,0,0,0,0,0,0,0,0
2490,2,3166,3165,0,0,0,0,0,0,0,0
2491,2,3167,3166,0,0,0,0,0,0,0,0
2492,2,3168,3167,0,0,0,0,0,0,0,0
2493,3,3188,3168,3239,0,0,0,0,0,0,0
2494,2,3169,3276,0,0,0,0,0,0,0,0
2495,2,3170,3169,0,0,0,0,0,0,0,0
2496,2,3171,3170,0,0,0,0,0,0,0,0
2497,2,3172,3171,0,0,0,0,0,0,0,0
2498,2,3173,3172,0,0,0,0,0,0,0,0
2499,2,3174,3173,0,0,0,0,0,0,0,0
2500,2,3175,3174,0,0,0,0,0,0,0,0
2501,3,3220,3175,3205,0,0,0,0,0,0,0
2502,4,3176,3257,3276,3283,0,0,0,0,0,0
2503,2,3177,3176,0,0,0,0,0,0,0,0
2504,2,3178,3177,0,0,0,0,0,0,0,0
2505,2,3179,3178,0,0,0,0,0,0,0,0
2506,2,3180,3179,0,0,0,0,0,0,0,0
2507,2,3182,3181,0,0,0,0,0,0,0,0
2508,2,3183,3182,0,0,0,0,0,0,0,0
2509,3,3183,3252,3261,0,0,0,0,0,0,0
2510,3,3184,3206,3228,0,0,0,0,0,0,0
2511,3,3184,3286,3305,0,0,0,0,0,0,0
2512,3,3185,3387,3395,0,0,0,0,0,0,0
2513,2,3186,3185,0,0,0,0,0,0,0,0
2514,2,3187,3186,0,0,0,0,0,0,0,0
2515,3,3187,3213,3235,0,0,0,0,0,0,0
2516,2,3189,3188,0,0,0,0,0,0,0,0
2517,2,3190,3189,0,0,0,0,0,0,0,0
2518,2,3191,3190,0,0,0,0,0,0,0,0
2519,2,3192,3191,0,0,0,0,0,0,0,0
2520,2,3193,3192,0,0,0,0,0,0,0,0
2521,2,3194,3193,0,0,0,0,0,0,0,0
2522,2,3195,3194,0,0,0,0,0,0,0,0
2523,2,3196,3195,0,0,0,0,0,0,0,0
2524,4,3197,3214,3279,3314,0,0,0,0,0,0
2525,2,3198,3197,0,0,0,0,0,0,0,0
2526,2,3198,3289,0,0,0,0,0,0,0,0
2527,3,3199,3201,3304,0,0,0,0,0,0,0
2528,2,3200,3199,0,0,0,0,0,0,0,0
2529,3,3212,3213,3200,0,0,0,0,0,0,0
2530,2,3202,3201,0,0,0,0,0,0,0,0
2531,2,3203,3363,0,0,0,0,0,0,0,0
2532,2,3255,3204,0,0,0,0,0,0,0,0
2533,2,3205,3207,0,0,0,0,0,0,0,0
2534,2,3208,3207,0,0,0,0,0,0,0,0
2535,2,3210,3209,0,0,0,0,0,0,0,0
2536,2,3211,3210,0,0,0,0,0,0,0,0
2537,3,3215,3260,3241,0,0,0,0,0,0,0
2538,2,3216,3215,0,0,0,0,0,0,0,0
2539,2,3217,3216,0,0,0,0,0,0,0,0
2540,2,3218,3217,0,0,0,0,0,0,0,0
2541,2,3219,3218,0,0,0,0,0,0,0,0
2542,2,3221,3220,0,0,0,0,0,0,0,0
2543,2,3222,3229,0,0,0,0,0,0,0,0
2544,1,3222,0,0,0,0,0,0,0,0,0
2545,2,3224,3223,0,0,0,0,0,0,0,0
2546,2,3225,3224,0,0,0,0,0,0,0,0
2547,2,3226,3225,0,0,0,0,0,0,0,0
2548,1,3226,0,0,0,0,0,0,0,0,0
2549,2,3231,3230,0,0,0,0,0,0,0,0
2550,2,3232,3290,0,0,0,0,0,0,0,0
2551,2,3233,3232,0,0,0,0,0,0,0,0
2552,2,3234,3233,0,0,0,0,0,0,0,0
2553,2,3236,3364,0,0,0,0,0,0,0,0
2554,2,3237,3236,0,0,0,0,0,0,0,0
2555,2,3238,3237,0,0,0,0,0,0,0,0
2556,2,3239,3238,0,0,0,0,0,0,0,0
2557,2,3240,3376,0,0,0,0,0,0,0,0
2558,2,3241,3240,0,0,0,0,0,0,0,0
2559,3,3242,3307,3375,0,0,0,0,0,0,0
2560,1,3242,0,0,0,0,0,0,0,0,0
2561,3,3243,3287,3301,0,0,0,0,0,0,0
2562,2,3244,3243,0,0,0,0,0,0,0,0
2563,2,3245,3244,0,0,0,0,0,0,0,0
2564,1,3245,0,0,0,0,0,0,0,0,0
2565,3,3246,3277,3259,0,0,0,0,0,0,0
2566,2,3247,3246,0,0,0,0,0,0,0,0
2567,2,3248,3247,0,0,0,0,0,0,0,0
2568,2,3249,3248,0,0,0,0,0,0,0,0
2569,2,3250,3249,0,0,0,0,0,0,0,0
2570,2,3251,3250,0,0,0,0,0,0,0,0
2571,2,3252,3251,0,0,0,0,0,0,0,0
2572,2,3253,3278,0,0,0,0,0,0,0,0
2573,3,3392,3253,3386,0,0,0,0,0,0,0
2574,3,3372,3254,3384,0,0,0,0,0,0,0
2575,2,3256,3255,0,0,0,0,0,0,0,0
2576,2,3256,3329,0,0,0,0,0,0,0,0
2577,2,3258,3257,0,0,0,0,0,0,0,0
2578,1,3258,0,0,0,0,0,0,0,0,0
2579,1,3259,0,0,0,0,0,0,0,0,0
2580,2,3261,3260,0,0,0,0,0,0,0,0
2581,2,3262,3302,0,0,0,0,0,0,0,0
2582,2,3263,3262,0,0,0,0,0,0,0,0
2583,2,3264,3263,0,0,0,0,0,0,0,0
2584,2,3265,3264,0,0,0,0,0,0,0,0
2585,2,3266,3265,0,0,0,0,0,0,0,0
2586,2,3267,3266,0,0,0,0,0,0,0,0
2587,2,3268,3267,0,0,0,0,0,0,0,0
2588,2,3269,3268,0,0,0,0,0,0,0,0
2589,2,3270,3269,0,0,0,0,0,0,0,0
2590,2,3271,3270,0,0,0,0,0,0,0,0
2591,1,3271,0,0,0,0,0,0,0,0,0
2592,1,3272,0,0,0,0,0,0,0,0,0
2593,2,3273,3272,0,0,0,0,0,0,0,0
2594,2,3274,3273,0,0,0,0,0,0,0,0
2595,2,3275,3274,0,0,0,0,0,0,0,0
2596,3,3347,3275,3304,0,0,0,0,0,0,0
2597,3,3281,3311,3277,0,0,0,0,0,0,0
2598,2,3280,3279,0,0,0,0,0,0,0,0
2599,2,3280,3381,0,0,0,0,0,0,0,0
2600,2,3282,3281,0,0,0,0,0,0,0,0
2601,1,3282,0,0,0,0,0,0,0,0,0
2602,2,3284,3283,0,0,0,0,0,0,0,0
2603,2,3285,3284,0,0,0,0,0,0,0,0
2604,3,3382,3285,3303,0,0,0,0,0,0,0
2605,2,3288,3287,0,0,0,0,0,0,0,0
2606,2,3289,3288,0,0,0,0,0,0,0,0
2607,2,3291,3290,0,0,0,0,0,0,0,0
2608,2,3292,3291,0,0,0,0,0,0,0,0
2609,2,3293,3292,0,0,0,0,0,0,0,0
2610,2,3293,3339,0,0,0,0,0,0,0,0
2611,3,3294,3340,3385,0,0,0,0,0,0,0
2612,2,3295,3294,0,0,0,0,0,0,0,0
2613,2,3297,3296,0,0,0,0,0,0,0,0
2614,2,3298,3297,0,0,0,0,0,0,0,0
2615,2,3299,3298,0,0,0,0,0,0,0,0
2616,2,3299,3401,0,0,0,0,0,0,0,0
2617,2,3301,3300,0,0,0,0,0,0,0,0
2618,2,3303,3302,0,0,0,0,0,0,0,0
2619,1,3306,0,0,0,0,0,0,0,0,0
2620,2,3308,3307,0,0,0,0,0,0,0,0
2621,2,3309,3308,0,0,0,0,0,0,0,0
2622,2,3310,3309,0,0,0,0,0,0,0,0
2623,2,3312,3311,0,0,0,0,0,0,0,0
2624,2,3313,3312,0,0,0,0,0,0,0,0
2625,2,3314,3313,0,0,0,0,0,0,0,0
2626,4,3315,3317,3327,3406,0,0,0,0,0,0
2627,3,3361,3421,3315,0,0,0,0,0,0,0
2628,2,3316,3334,0,0,0,0,0,0,0,0
2629,2,3316,3405,0,0,0,0,0,0,0,0
2630,1,3317,0,0,0,0,0,0,0,0,0
2631,3,3318,3324,3326,0,0,0,0,0,0,0
2632,2,3319,3318,0,0,0,0,0,0,0,0
2633,2,3320,3319,0,0,0,0,0,0,0,0
2634,1,3320,0,0,0,0,0,0,0,0,0
2635,3,3321,3323,3331,0,0,0,0,0,0,0
2636,2,3322,3321,0,0,0,0,0,0,0,0
2637,1,3322,0,0,0,0,0,0,0,0,0
2638,2,3323,3346,0,0,0,0,0,0,0,0
2639,1,3324,0,0,0,0,0,0,0,0,0
2640,2,3325,3367,0,0,0,0,0,0,0,0
2641,2,3326,3325,0,0,0,0,0,0,0,0
2642,2,3328,3327,0,0,0,0,0,0,0,0
2643,2,3329,3328,0,0,0,0,0,0,0,0
2644,3,3330,3360,3368,0,0,0,0,0,0,0
2645,2,3331,3330,0,0,0,0,0,0,0,0
2646,2,3332,3391,0,0,0,0,0,0,0,0
2647,2,3333,3332,0,0,0,0,0,0,0,0
2648,1,3333,0,0,0,0,0,0,0,0,0
2649,2,3335,3334,0,0,0,0,0,0,0,0
2650,2,3336,3335,0,0,0,0,0,0,0,0
2651,2,3337,3336,0,0,0,0,0,0,0,0
2652,2,3338,3337,0,0,0,0,0,0,0,0
2653,2,3339,3338,0,0,0,0,0,0,0,0
2654,2,3341,3340,0,0,0,0,0,0,0,0
2655,2,3342,3341,0,0,0,0,0,0,0,0
2656,2,3343,3342,0,0,0,0,0,0,0,0
2657,2,3344,3343,0,0,0,0,0,0,0,0
2658,2,3345,3344,0,0,0,0,0,0,0,0
2659,2,3346,3345,0,0,0,0,0,0,0,0
2660,2,3348,3347,0,0,0,0,0,0,0,0
2661,2,3349,3348,0,0,0,0,0,0,0,0
2662,2,3350,3349,0,0,0,0,0,0,0,0
2663,2,3351,3350,0,0,0,0,0,0,0,0
2664,2,3352,3351,0,0,0,0,0,0,0,0
2665,2,3353,3352,0,0,0,0,0,0,0,0
2666,2,3354,3353,0,0,0,0,0,0,0,0
2667,2,3355,3354,0,0,0,0,0,0,0,0
2668,2,3356,3355,0,0,0,0,0,0,0,0
2669,2,3357,3356,0,0,0,0,0,0,0,0
2670,2,3358,3357,0,0,0,0,0,0,0,0
2671,2,3359,3358,0,0,0,0,0,0,0,0
2672,1,3359,0,0,0,0,0,0,0,0,0
2673,1,3360,0,0,0,0,0,0,0,0,0
2674,1,3378,0,0,0,0,0,0,0,0,0
2675,2,3362,3361,0,0,0,0,0,0,0,0
2676,2,3363,3362,0,0,0,0,0,0,0,0
2677,2,3365,3364,0,0,0,0,0,0,0,0
2678,2,3366,3365,0,0,0,0,0,0,0,0
2679,3,3366,3370,3371,0,0,0,0,0,0,0
2680,3,3369,3367,3377,0,0,0,0,0,0,0
2681,1,3368,0,0,0,0,0,0,0,0,0
2682,2,3370,3369,0,0,0,0,0,0,0,0
2683,1,3371,0,0,0,0,0,0,0,0,0
2684,1,3372,0,0,0,0,0,0,0,0,0
2685,1,3373,0,0,0,0,0,0,0,0,0
2686,2,3374,3373,0,0,0,0,0,0,0,0
2687,2,3375,3374,0,0,0,0,0,0,0,0
2688,2,3377,3376,0,0,0,0,0,0,0,0
2689,2,3379,3378,0,0,0,0,0,0,0,0
2690,2,3380,3379,0,0,0,0,0,0,0,0
2691,2,3381,3380,0,0,0,0,0,0,0,0
2692,2,3383,3382,0,0,0,0,0,0,0,0
2693,1,3383,0,0,0,0,0,0,0,0,0
2694,1,3384,0,0,0,0,0,0,0,0,0
2695,2,3386,3385,0,0,0,0,0,0,0,0
2696,2,3388,3387,0,0,0,0,0,0,0,0
2697,2,3389,3388,0,0,0,0,0,0,0,0
2698,2,3390,3389,0,0,0,0,0,0,0,0
2699,2,3391,3390,0,0,0,0,0,0,0,0
2700,2,3393,3392,0,0,0,0,0,0,0,0
2701,2,3394,3393,0,0,0,0,0,0,0,0
2702,1,3394,0,0,0,0,0,0,0,0,0
2703,2,3396,3395,0,0,0,0,0,0,0,0
2704,2,3397,3396,0,0,0,0,0,0,0,0
2705,2,3398,3397,0,0,0,0,0,0,0,0
2706,2,3399,3398,0,0,0,0,0,0,0,0
2707,2,3400,3399,0,0,0,0,0,0,0,0
2708,2,3401,3400,0,0,0,0,0,0,0,0
2709,2,3402,3409,0,0,0,0,0,0,0,0
2710,2,3403,3402,0,0,0,0,0,0,0,0
2711,2,3404,3403,0,0,0,0,0,0,0,0
2712,2,3405,3404,0,0,0,0,0,0,0,0
2713,2,3407,3406,0,0,0,0,0,0,0,0
2714,2,3408,3407,0,0,0,0,0,0,0,0
2715,2,3411,3408,0,0,0,0,0,0,0,0
2716,2,3410,3409,0,0,0,0,0,0,0,0
2717,1,3410,0,0,0,0,0,0,0,0,0
2718,1,3411,0,0,0,0,0,0,0,0,0
2719,1,3412,0,0,0,0,0,0,0,0,0
2720,2,3413,3412,0,0,0,0,0,0,0,0
2721,2,3414,3413,0,0,0,0,0,0,0,0
2722,2,3415,3414,0,0,0,0,0,0,0,0
2723,2,3416,3415,0,0,0,0,0,0,0,0
2724,2,3417,3416,0,0,0,0,0,0,0,0
2725,2,3418,3417,0,0,0,0,0,0,0,0
2726,2,3419,3418,0,0,0,0,0,0,0,0
2727,2,3420,3419,0,0,0,0,0,0,0,0
2728,2,3422,3421,0,0,0,0,0,0,0,0
2729,2,3423,3422,0,0,0,0,0,0,0,0
2730,2,3424,3423,0,0,0,0,0,0,0,0
2731,2,3425,3424,0,0,0,0,0,0,0,0
2732,1,3425,0,0,0,0,0,0,0,0,0
