0,0,1,14,3
1,1,2,46,3
2,2,3,22,3
3,4,5,65,3
4,3,5,9,3
5,6,7,22,3
6,1,8,88,3
7,8,9,75,3
8,0,10,20,3
9,10,11,33,3
10,0,12,18,3
11,12,7,54,3
12,13,14,7,3
13,14,4,37,3
14,4,15,109,3
15,5,7,33,3
16,16,17,71,3
17,18,19,4,3
18,20,21,39,3
19,13,6,41,3
20,20,15,27,3
21,17,11,33,3
22,22,23,21,3
23,24,17,63,3
24,25,26,34,3
25,20,27,49,3
26,13,28,8,3
27,28,29,26,3
28,30,11,64,3
29,16,22,6,3
30,9,31,65,3
31,32,7,60,3
32,19,33,15,3
33,15,34,48,3
34,13,33,62,3
35,25,21,33,3
36,0,35,28,3
37,35,36,18,3
38,36,37,17,3
39,38,39,51,3
40,39,40,28,3
41,40,41,26,3
42,32,42,21,3
43,43,44,9,3
44,44,29,14,3
45,45,27,14,3
46,46,30,47,3
47,31,47,87,3
48,37,48,23,3
49,48,32,27,3
50,34,27,21,3
51,46,37,13,3
52,25,49,46,3
53,26,50,31,3
54,22,38,20,3
55,21,51,49,3
56,34,33,44,3
57,43,52,94,3
58,53,54,14,3
59,37,55,17,3
60,55,56,6,3
61,56,57,43,3
62,58,59,7,3
63,50,60,43,3
64,49,58,5,3
65,61,24,48,3
66,53,50,72,3
67,52,34,45,3
68,49,51,39,3
69,43,42,39,3
70,30,24,39,3
71,61,38,32,3
72,51,45,25,3
73,62,63,58,3
74,52,64,36,3
75,65,58,44,3
76,66,37,107,3
77,61,67,32,3
78,68,69,15,3
79,53,62,42,3
80,70,47,44,3
81,24,71,47,3
82,72,73,35,3
83,73,74,70,3
84,74,47,70,3
85,59,60,50,3
86,61,69,71,3
87,68,40,22,3
88,64,45,53,3
89,67,75,14,3
90,67,76,75,3
91,64,77,13,3
92,77,78,33,3
93,72,79,11,3
94,80,64,34,3
95,43,81,8,3
96,81,82,88,3
97,83,60,35,3
98,62,84,34,3
99,70,85,11,3
100,86,63,25,3
101,57,87,18,3
102,87,71,36,3
103,69,76,31,3
104,72,88,5,3
105,89,60,73,3
106,85,68,73,3
107,52,78,26,3
108,53,89,32,3
109,90,59,47,3
110,91,83,70,3
111,86,92,43,3
112,93,94,42,3
113,80,95,26,3
114,96,76,17,3
115,65,97,21,3
116,98,71,39,3
117,91,89,25,3
118,99,57,39,3
119,100,83,19,3
120,86,101,44,3
121,101,102,31,3
122,93,79,8,3
123,90,100,7,3
124,85,103,29,3
125,65,90,26,3
126,65,80,44,3
127,70,104,47,3
128,104,105,18,3
129,72,106,12,3
130,106,107,12,3
131,107,108,70,3
132,108,105,23,3
133,75,71,56,3
134,95,109,8,3
135,110,91,41,3
136,99,111,9,3
137,111,98,24,3
138,112,113,47,3
139,113,114,10,3
140,114,115,13,3
141,115,116,31,3
142,102,117,33,3
143,117,118,16,3
144,95,119,5,3
145,103,120,75,3
146,94,121,59,3
147,100,122,36,3
148,122,123,6,3
149,124,96,89,3
150,103,124,9,3
151,79,125,186,3
152,75,126,41,3
153,97,119,42,3
154,110,84,31,3
155,84,92,83,3
156,127,112,19,3
157,105,120,27,3
158,72,128,10,3
159,128,129,60,3
160,129,130,31,3
161,130,131,74,3
162,131,116,47,3
163,132,78,42,3
164,82,133,15,3
165,134,123,55,3
166,135,136,19,3
167,137,124,27,3
168,102,138,49,3
169,139,140,68,3
170,140,82,15,3
171,127,141,25,3
172,141,142,18,3
173,143,118,37,3
174,144,121,47,3
175,145,146,24,3
176,146,147,174,3
177,147,148,28,3
178,148,149,46,3
179,149,150,38,3
180,150,112,43,3
181,82,151,17,3
182,151,132,19,3
183,126,152,11,3
184,152,98,43,3
185,96,153,28,3
186,66,139,24,3
187,99,154,40,3
188,154,136,15,3
189,97,134,23,3
190,155,93,47,3
191,95,156,29,3
192,156,132,44,3
193,66,136,41,3
194,155,105,119,3
195,123,157,9,3
196,157,158,12,3
197,158,159,14,3
198,133,160,22,3
199,137,161,74,3
200,162,163,36,3
201,164,165,25,3
202,165,166,30,3
203,166,123,8,3
204,121,167,50,3
205,143,168,29,3
206,110,169,83,3
207,110,170,34,3
208,171,99,56,3
209,169,92,37,3
210,137,153,88,3
211,172,109,35,3
212,134,173,13,3
213,92,138,75,3
214,116,174,27,3
215,174,142,13,3
216,91,164,58,3
217,118,175,28,3
218,120,161,33,3
219,143,176,39,3
220,176,162,48,3
221,177,94,60,3
222,126,178,10,3
223,178,153,73,3
224,173,109,49,3
225,179,180,148,3
226,181,177,15,3
227,163,182,32,3
228,183,184,15,3
229,184,185,17,3
230,185,186,2,3
231,186,187,3,3
232,187,125,62,3
233,139,188,80,3
234,189,169,40,3
235,190,137,45,3
236,183,144,72,3
237,168,191,19,3
238,192,193,41,3
239,193,168,48,3
240,194,138,51,3
241,195,159,23,3
242,175,194,24,3
243,196,161,103,3
244,162,192,31,3
245,160,172,92,3
246,197,163,36,3
247,198,199,46,3
248,199,135,18,3
249,155,196,27,3
250,155,177,47,3
251,200,126,46,3
252,175,168,36,3
253,179,201,15,3
254,201,145,20,3
255,173,202,11,3
256,202,195,31,3
257,182,203,36,3
258,204,196,40,3
259,180,205,26,3
260,190,200,179,3
261,206,173,76,3
262,182,207,10,3
263,208,181,43,3
264,191,209,13,3
265,189,210,36,3
266,208,167,23,3
267,194,209,37,3
268,211,212,10,3
269,212,213,24,3
270,213,145,50,3
271,214,215,37,3
272,215,159,11,3
273,214,164,28,3
274,192,207,26,3
275,164,216,9,3
276,216,217,33,3
277,218,197,101,3
278,217,170,33,3
279,219,161,41,3
280,171,198,11,3
281,171,200,56,3
282,210,138,37,3
283,188,220,21,3
284,220,133,60,3
285,181,221,16,3
286,221,167,26,3
287,222,223,19,3
288,223,200,53,3
289,205,224,36,3
290,218,225,35,3
291,180,226,18,3
292,226,227,34,3
293,227,228,46,3
294,228,229,18,3
295,230,231,19,3
296,232,233,17,3
297,234,208,49,3
298,210,235,32,3
299,236,203,62,3
300,204,237,10,3
301,237,219,79,3
302,204,238,9,3
303,238,239,38,3
304,239,240,20,3
305,189,241,53,3
306,242,217,19,3
307,243,195,77,3
308,244,209,11,3
309,218,230,39,3
310,219,245,39,3
311,246,160,73,3
312,247,207,22,3
313,190,245,34,3
314,205,248,8,3
315,248,249,59,3
316,249,232,17,3
317,250,172,63,3
318,251,135,119,3
319,247,191,113,3
320,170,241,111,3
321,246,252,13,3
322,252,250,46,3
323,206,250,29,3
324,253,188,39,3
325,254,236,20,3
326,245,255,56,3
327,211,256,41,3
328,256,229,16,3
329,219,257,48,3
330,258,247,32,3
331,259,233,21,3
332,230,260,35,3
333,258,244,113,3
334,234,261,8,3
335,236,225,37,3
336,254,247,110,3
337,204,262,23,3
338,232,263,31,3
339,264,242,26,3
340,265,244,25,3
341,251,266,24,3
342,266,198,98,3
343,214,264,55,3
344,234,183,10,3
345,267,268,62,3
346,268,159,19,3
347,222,269,18,3
348,269,270,29,3
349,270,198,16,3
350,265,210,89,3
351,265,271,41,3
352,246,272,13,3
353,272,273,60,3
354,222,274,9,3
355,243,267,39,3
356,275,257,78,3
357,235,271,89,3
358,254,276,37,3
359,277,241,35,3
360,225,276,20,3
361,275,262,10,3
362,278,241,35,3
363,279,280,40,3
364,280,281,27,3
365,281,231,14,3
366,235,278,29,3
367,282,214,73,3
368,234,283,57,3
369,283,284,22,3
370,206,243,28,3
371,261,285,10,3
372,277,242,82,3
373,279,286,34,3
374,287,255,24,3
375,277,288,15,3
376,288,289,13,3
377,286,290,49,3
378,290,260,43,3
379,282,267,34,3
380,291,251,26,3
381,292,224,59,3
382,275,293,15,3
383,293,294,21,3
384,294,295,11,3
385,253,291,62,3
386,296,258,37,3
387,297,298,64,3
388,298,299,10,3
389,299,300,54,3
390,300,233,22,3
391,229,301,47,3
392,301,302,20,3
393,302,303,16,3
394,304,258,111,3
395,278,305,34,3
396,264,289,81,3
397,304,254,38,3
398,206,306,55,3
399,224,307,27,3
400,307,308,15,3
401,308,309,17,3
402,309,310,45,3
403,253,273,22,3
404,265,296,113,3
405,311,260,25,3
406,255,257,38,3
407,211,303,61,3
408,312,313,46,3
409,282,314,49,3
410,315,276,91,3
411,316,286,17,3
412,317,318,11,3
413,318,246,126,3
414,291,312,34,3
415,319,320,40,3
416,320,295,13,3
417,321,322,16,3
418,322,323,21,3
419,323,310,17,3
420,292,324,8,3
421,324,325,21,3
422,325,326,20,3
423,326,327,24,3
424,327,310,29,3
425,271,328,38,3
426,328,305,55,3
427,316,311,84,3
428,329,305,34,3
429,330,274,60,3
430,329,277,69,3
431,279,331,38,3
432,331,332,24,3
433,333,311,90,3
434,330,334,54,3
435,335,336,19,3
436,284,337,82,3
437,337,338,18,3
438,338,339,21,3
439,339,340,44,3
440,340,341,70,3
441,341,342,27,3
442,332,343,9,3
443,343,344,22,3
444,303,345,51,3
445,346,297,6,3
446,273,347,91,3
447,348,289,57,3
448,349,350,5,3
449,350,351,27,3
450,351,352,32,3
451,352,321,3,3
452,286,344,62,3
453,319,336,18,3
454,296,353,52,3
455,296,354,112,3
456,314,306,93,3
457,282,355,45,3
458,355,348,72,3
459,354,304,50,3
460,335,287,32,3
461,353,271,117,3
462,334,356,41,3
463,357,312,59,3
464,330,358,49,3
465,359,332,102,3
466,360,361,20,3
467,361,349,13,3
468,315,354,38,3
469,362,344,17,3
470,336,363,39,3
471,364,365,33,3
472,365,345,94,3
473,366,335,28,3
474,366,367,17,3
475,367,334,115,3
476,362,316,65,3
477,368,369,29,3
478,369,370,34,3
479,370,289,63,3
480,317,306,68,3
481,291,371,103,3
482,372,328,34,3
483,360,373,51,3
484,373,374,52,3
485,374,375,22,3
486,375,376,34,3
487,376,310,7,3
488,329,372,56,3
489,316,377,30,3
490,346,349,4,3
491,348,378,50,3
492,314,379,121,3
493,356,380,38,3
494,366,381,18,3
495,381,382,23,3
496,382,383,18,3
497,383,384,66,3
498,353,385,50,3
499,354,386,52,3
500,387,388,13,3
501,362,389,18,3
502,314,390,20,3
503,390,391,23,3
504,391,378,64,3
505,392,377,65,3
506,372,368,30,3
507,314,393,48,3
508,387,315,12,3
509,394,372,25,3
510,328,385,122,3
511,395,377,23,3
512,396,353,45,3
513,397,358,39,3
514,398,392,24,3
515,360,399,48,3
516,400,394,97,3
517,357,401,23,3
518,388,402,22,3
519,402,403,15,3
520,317,379,30,3
521,333,404,43,3
522,371,405,12,3
523,405,406,18,3
524,406,407,19,3
525,407,408,19,3
526,409,348,126,3
527,357,410,14,3
528,410,408,15,3
529,411,395,45,3
530,398,395,66,3
531,347,401,67,3
532,412,368,26,3
533,384,356,19,3
534,413,414,24,3
535,414,415,63,3
536,415,297,61,3
537,386,396,71,3
538,389,392,10,3
539,396,416,30,3
540,394,412,31,3
541,417,418,9,3
542,418,419,24,3
543,419,345,14,3
544,420,421,33,3
545,421,422,18,3
546,422,423,24,3
547,423,424,29,3
548,424,425,31,3
549,425,349,17,3
550,426,427,16,3
551,427,292,108,3
552,344,428,98,3
553,388,333,11,3
554,429,379,18,3
555,430,431,10,3
556,432,399,50,3
557,433,401,20,3
558,434,408,42,3
559,393,435,23,3
560,435,436,74,3
561,386,437,36,3
562,437,416,71,3
563,411,438,13,3
564,439,417,21,3
565,431,440,10,3
566,441,358,115,3
567,416,442,30,3
568,385,442,50,3
569,431,443,9,3
570,400,385,33,3
571,444,359,46,3
572,397,384,43,3
573,411,404,14,3
574,389,445,92,3
575,446,347,73,3
576,447,371,42,3
577,409,368,53,3
578,359,428,27,3
579,342,443,28,3
580,397,448,87,3
581,449,450,25,3
582,444,451,43,3
583,452,453,11,3
584,453,399,23,3
585,434,454,12,3
586,454,455,19,3
587,456,429,75,3
588,457,458,109,3
589,459,460,16,3
590,460,455,19,3
591,450,461,15,3
592,446,462,11,3
593,463,464,20,3
594,464,465,24,3
595,465,466,43,3
596,466,467,26,3
597,467,387,24,3
598,378,468,121,3
599,447,441,24,3
600,469,438,28,3
601,398,470,87,3
602,433,471,28,3
603,471,434,14,3
604,285,472,61,3
605,472,473,22,3
606,473,474,29,3
607,474,475,12,3
608,475,476,18,3
609,476,477,60,3
610,477,478,24,3
611,478,479,37,3
612,479,480,10,3
613,480,481,16,3
614,481,482,29,3
615,482,483,8,3
616,483,484,8,3
617,484,485,42,3
618,485,486,12,3
619,486,487,12,3
620,487,488,10,3
621,488,489,24,3
622,489,490,8,3
623,490,491,8,3
624,491,492,4,3
625,492,493,5,3
626,493,494,8,3
627,494,495,21,3
628,495,496,10,3
629,496,497,20,3
630,497,498,45,3
631,498,499,26,3
632,499,500,30,3
633,500,501,8,3
634,501,502,10,3
635,502,503,7,3
636,503,504,7,3
637,504,505,8,3
638,505,506,7,3
639,439,457,9,3
640,447,507,13,3
641,507,459,20,3
642,450,400,6,3
643,457,508,16,3
644,508,509,155,3
645,509,510,18,3
646,510,511,12,3
647,511,440,12,3
648,449,412,92,3
649,445,428,21,3
650,379,462,47,3
651,378,436,47,3
652,456,393,60,3
653,512,513,43,3
654,513,514,42,3
655,515,516,25,3
656,517,518,11,3
657,518,519,14,3
658,520,521,22,3
659,521,522,71,3
660,522,403,10,3
661,523,524,77,3
662,524,452,7,3
663,409,525,117,3
664,526,527,90,3
665,452,528,43,3
666,529,459,53,3
667,530,531,12,3
668,531,441,19,3
669,429,532,33,3
670,532,533,26,3
671,523,534,19,3
672,534,452,55,3
673,535,526,15,3
674,446,536,71,3
675,535,537,29,3
676,397,538,68,3
677,523,539,29,3
678,539,540,94,3
679,537,541,43,3
680,437,542,39,3
681,517,514,34,3
682,426,535,10,3
683,411,543,147,3
684,541,544,25,3
685,536,433,52,3
686,515,544,32,3
687,517,515,25,3
688,542,442,73,3
689,409,468,50,3
690,512,545,9,3
691,545,546,5,3
692,546,547,39,3
693,547,548,16,3
694,548,549,27,3
695,549,430,13,3
696,426,540,16,3
697,550,428,91,3
698,551,446,12,3
699,470,445,33,3
700,426,458,45,3
701,446,552,14,3
702,517,457,13,3
703,553,469,144,3
704,554,555,33,3
705,556,557,27,3
706,557,524,120,3
707,463,542,52,3
708,558,559,24,3
709,559,536,27,3
710,560,561,6,3
711,562,563,16,3
712,551,564,62,3
713,560,565,6,3
714,565,566,32,3
715,566,567,16,3
716,567,568,22,3
717,568,516,22,3
718,569,519,6,3
719,530,529,32,3
720,562,570,27,3
721,570,571,12,3
722,436,572,117,3
723,543,470,44,3
724,525,449,51,3
725,535,573,16,3
726,573,574,13,3
727,562,575,39,3
728,456,576,39,3
729,562,524,7,3
730,530,448,22,3
731,577,528,105,3
732,578,579,10,3
733,579,455,44,3
734,456,580,38,3
735,580,581,9,3
736,581,582,36,3
737,569,583,8,3
738,583,584,4,3
739,584,585,14,3
740,585,514,22,3
741,533,552,44,3
742,575,527,71,3
743,586,470,31,3
744,537,561,24,3
745,451,550,27,3
746,469,587,41,3
747,582,436,49,3
748,538,588,78,3
749,571,589,24,3
750,589,590,28,3
751,463,520,15,3
752,576,591,45,3
753,591,592,31,3
754,593,594,13,3
755,594,468,102,3
756,538,595,36,3
757,582,592,36,3
758,554,596,7,3
759,448,597,64,3
760,597,588,12,3
761,598,599,31,3
762,599,550,27,3
763,530,600,13,3
764,600,601,33,3
765,574,602,18,3
766,602,603,5,3
767,603,604,10,3
768,604,605,6,3
769,605,606,10,3
770,606,607,14,3
771,607,608,11,3
772,608,609,19,3
773,610,611,5,3
774,558,612,23,3
775,612,578,31,3
776,451,613,56,3
777,613,614,60,3
778,615,616,28,3
779,616,617,86,3
780,617,562,31,3
781,618,619,14,3
782,619,569,7,3
783,560,620,15,3
784,620,621,6,3
785,621,610,16,3
786,582,622,18,3
787,536,623,37,3
788,575,624,41,3
789,574,611,5,3
790,572,468,47,3
791,625,571,106,3
792,578,529,60,3
793,560,626,7,3
794,527,627,13,3
795,627,628,20,3
796,628,609,15,3
797,533,629,90,3
798,630,631,13,3
799,631,632,43,3
800,632,633,17,3
801,623,634,41,3
802,520,635,50,3
803,636,637,31,3
804,637,626,32,3
805,630,638,13,3
806,638,639,20,3
807,639,609,40,3
808,640,622,96,3
809,598,641,18,3
810,578,642,14,3
811,642,643,38,3
812,623,644,52,3
813,644,645,13,3
814,646,587,117,3
815,593,525,52,3
816,558,645,45,3
817,609,633,5,3
818,647,648,15,3
819,648,610,15,3
820,635,587,64,3
821,649,650,32,3
822,650,563,10,3
823,618,651,12,3
824,543,553,43,3
825,586,652,122,3
826,647,653,36,3
827,654,595,60,3
828,655,656,16,3
829,656,657,18,3
830,614,658,42,3
831,588,659,38,3
832,659,660,13,3
833,661,553,41,3
834,622,662,9,3
835,662,663,100,3
836,629,664,18,3
837,664,665,93,3
838,665,592,7,3
839,666,667,41,3
840,668,588,31,3
841,643,669,56,3
842,669,645,11,3
843,655,670,5,3
844,671,572,115,3
845,672,564,75,3
846,601,660,41,3
847,598,673,13,3
848,673,674,15,3
849,674,675,13,3
850,675,658,13,3
851,676,677,17,3
852,677,678,20,3
853,678,679,5,3
854,679,670,14,3
855,676,680,15,3
856,590,670,5,3
857,630,680,13,3
858,652,641,15,3
859,564,681,71,3
860,649,682,29,3
861,682,680,15,3
862,543,683,155,3
863,601,643,100,3
864,666,633,32,3
865,647,684,34,3
866,684,667,8,3
867,618,685,4,3
868,685,686,6,3
869,686,687,39,3
870,687,688,10,3
871,688,689,10,3
872,689,690,49,3
873,590,691,14,3
874,691,649,15,3
875,640,572,49,3
876,629,692,15,3
877,692,693,17,3
878,693,576,53,3
879,694,695,17,3
880,696,697,11,3
881,661,698,28,3
882,666,699,47,3
883,593,700,14,3
884,700,701,111,3
885,640,663,52,3
886,463,702,40,3
887,702,703,126,3
888,704,705,46,3
889,705,706,34,3
890,706,614,23,3
891,636,707,29,3
892,672,629,10,3
893,708,643,42,3
894,671,709,8,3
895,553,710,151,3
896,711,681,14,3
897,690,712,15,3
898,668,713,26,3
899,635,714,60,3
900,636,653,34,3
901,646,715,27,3
902,696,716,29,3
903,716,717,15,3
904,717,657,23,3
905,651,718,24,3
906,718,719,20,3
907,719,720,27,3
908,720,721,12,3
909,683,652,44,3
910,696,722,14,3
911,723,666,69,3
912,636,724,17,3
913,724,690,8,3
914,695,645,41,3
915,634,694,59,3
916,655,725,22,3
917,661,646,23,3
918,681,634,22,3
919,723,630,32,3
920,593,709,36,3
921,726,727,11,3
922,727,728,49,3
923,728,729,5,3
924,729,712,9,3
925,723,730,66,3
926,707,731,10,3
927,731,732,13,3
928,733,734,3,3
929,734,735,2,3
930,735,736,5,3
931,736,737,37,3
932,737,738,21,3
933,738,739,27,3
934,739,740,11,3
935,740,741,20,3
936,741,742,8,3
937,742,743,8,3
938,743,596,51,3
939,654,744,52,3
940,683,710,44,3
941,745,713,41,3
942,654,745,53,3
943,746,711,38,3
944,672,747,15,3
945,747,746,52,3
946,748,713,75,3
947,711,749,59,3
948,709,750,81,3
949,751,752,5,3
950,752,697,10,3
951,749,694,39,3
952,708,753,64,3
953,753,695,13,3
954,754,671,24,3
955,748,660,44,3
956,640,755,113,3
957,653,756,32,3
958,756,757,20,3
959,757,758,12,3
960,758,759,7,3
961,759,699,10,3
962,760,723,98,3
963,760,761,13,3
964,761,725,12,3
965,653,762,26,3
966,762,763,8,3
967,763,707,29,3
968,764,520,161,3
969,635,765,135,3
970,715,766,12,3
971,708,767,95,3
972,767,660,10,3
973,658,768,40,3
974,769,770,16,3
975,745,771,39,3
976,748,772,110,3
977,773,755,9,3
978,730,774,23,3
979,774,775,18,3
980,776,777,37,3
981,777,778,8,3
982,778,779,8,3
983,779,780,8,3
984,780,781,7,3
985,781,782,21,3
986,782,783,34,3
987,783,784,16,3
988,784,712,6,3
989,754,785,82,3
990,786,629,114,3
991,775,787,17,3
992,787,788,4,3
993,788,789,15,3
994,789,790,24,3
995,790,791,23,3
996,792,710,9,3
997,793,732,17,3
998,749,794,30,3
999,726,795,23,3
1000,795,721,16,3
1001,714,796,50,3
1002,772,708,41,3
1003,797,768,60,3
1004,798,799,14,3
1005,799,800,52,3
1006,801,800,9,3
1007,768,802,40,3
1008,802,803,5,3
1009,661,804,147,3
1010,755,754,26,3
1011,760,770,17,3
1012,797,683,79,3
1013,775,805,8,3
1014,805,699,9,3
1015,765,698,37,3
1016,801,806,3,3
1017,806,807,8,3
1018,807,808,14,3
1019,760,798,40,3
1020,695,794,42,3
1021,773,809,55,3
1022,769,810,41,3
1023,776,811,12,3
1024,811,726,14,3
1025,812,746,99,3
1026,792,804,35,3
1027,793,813,12,3
1028,813,814,12,3
1029,815,816,10,3
1030,816,663,78,3
1031,773,817,17,3
1032,817,818,9,3
1033,819,820,24,3
1034,820,732,21,3
1035,746,821,45,3
1036,822,803,14,3
1037,823,824,12,3
1038,824,748,34,3
1039,825,714,132,3
1040,750,785,31,3
1041,772,794,88,3
1042,703,701,59,3
1043,750,826,43,3
1044,827,744,24,3
1045,828,672,112,3
1046,701,826,35,3
1047,793,829,18,3
1048,829,791,14,3
1049,704,822,40,3
1050,830,663,100,3
1051,800,831,17,3
1052,832,833,32,3
1053,833,834,9,3
1054,835,745,111,3
1055,810,836,56,3
1056,771,837,52,3
1057,764,838,10,3
1058,838,703,14,3
1059,814,839,15,3
1060,839,819,8,3
1061,797,840,62,3
1062,818,830,17,3
1063,841,842,13,3
1064,842,843,10,3
1065,843,844,16,3
1066,844,845,6,3
1067,845,846,20,3
1068,846,847,9,3
1069,847,848,13,3
1070,848,849,10,3
1071,849,850,10,3
1072,850,851,15,3
1073,851,721,5,3
1074,764,703,14,3
1075,733,852,4,3
1076,852,853,5,3
1077,853,854,22,3
1078,854,855,25,3
1079,855,856,14,3
1080,856,857,8,3
1081,857,858,7,3
1082,858,859,10,3
1083,859,860,6,3
1084,860,861,9,3
1085,861,862,17,3
1086,862,863,7,3
1087,863,864,8,3
1088,864,865,7,3
1089,865,866,8,3
1090,866,867,10,3
1091,867,868,26,3
1092,868,869,19,3
1093,869,870,37,3
1094,870,871,12,3
1095,871,872,17,3
1096,872,873,18,3
1097,873,874,20,3
1098,874,875,10,3
1099,875,876,10,3
1100,876,877,8,3
1101,877,878,11,3
1102,878,879,12,3
1103,879,880,11,3
1104,880,881,6,3
1105,881,882,7,3
1106,882,883,8,3
1107,883,884,8,3
1108,884,885,7,3
1109,885,886,26,3
1110,886,887,10,3
1111,887,888,7,3
1112,888,889,8,3
1113,889,890,8,3
1114,890,891,37,3
1115,891,892,12,3
1116,892,893,37,3
1117,893,506,10,3
1118,894,895,15,3
1119,895,896,11,3
1120,896,897,11,3
1121,897,898,19,3
1122,898,899,29,3
1123,899,900,7,3
1124,900,901,15,3
1125,901,730,10,3
1126,902,827,23,3
1127,797,903,45,3
1128,894,769,27,3
1129,840,904,24,3
1130,904,792,41,3
1131,825,765,60,3
1132,903,803,56,3
1133,823,771,56,3
1134,812,794,37,3
1135,831,905,19,3
1136,834,822,11,3
1137,457,906,184,3
1138,906,907,29,3
1139,907,908,30,3
1140,908,909,29,3
1141,909,910,44,3
1142,910,911,35,3
1143,911,912,57,3
1144,912,913,30,3
1145,913,914,39,3
1146,914,915,29,3
1147,915,916,60,3
1148,916,917,24,3
1149,917,918,55,3
1150,918,919,109,3
1151,919,920,53,3
1152,920,921,34,3
1153,921,922,45,3
1154,894,923,23,3
1155,923,924,26,3
1156,924,925,16,3
1157,925,926,24,3
1158,821,927,98,3
1159,928,840,24,3
1160,818,929,17,3
1161,929,930,41,3
1162,930,931,10,3
1163,932,796,129,3
1164,786,828,12,3
1165,812,933,53,3
1166,933,934,11,3
1167,935,838,54,3
1168,936,937,16,3
1169,937,938,12,3
1170,821,939,38,3
1171,940,941,10,3
1172,941,942,9,3
1173,942,943,23,3
1174,943,819,8,3
1175,512,944,37,3
1176,944,945,61,3
1177,945,946,67,3
1178,946,947,204,3
1179,947,948,239,3
1180,948,949,107,3
1181,704,950,46,3
1182,950,951,13,3
1183,951,952,59,3
1184,823,953,117,3
1185,928,804,59,3
1186,809,954,28,3
1187,955,826,65,3
1188,832,903,12,3
1189,764,956,53,3
1190,815,830,45,3
1191,957,958,8,3
1192,958,959,3,3
1193,959,960,19,3
1194,960,961,33,3
1195,961,962,12,3
1196,962,963,6,3
1197,963,964,15,3
1198,964,965,8,3
1199,965,966,14,3
1200,966,967,29,3
1201,967,814,9,3
1202,968,809,28,3
1203,818,969,6,3
1204,969,954,52,3
1205,970,902,11,3
1206,956,796,51,3
1207,836,905,16,3
1208,841,776,25,3
1209,953,772,42,3
1210,968,785,32,3
1211,953,971,60,3
1212,825,972,138,3
1213,786,973,86,3
1214,974,975,31,3
1215,976,955,51,3
1216,977,837,55,3
1217,835,978,18,3
1218,955,979,39,3
1219,980,979,53,3
1220,980,981,35,3
1221,982,939,24,3
1222,832,983,84,3
1223,815,984,88,3
1224,970,985,79,3
1225,986,987,51,3
1226,987,988,28,3
1227,988,838,17,3
1228,828,982,66,3
1229,989,940,15,3
1230,825,932,49,3
1231,815,990,13,3
1232,990,931,21,3
1233,975,991,5,3
1234,991,837,21,3
1235,940,992,8,3
1236,992,993,7,3
1237,993,994,10,3
1238,994,995,53,3
1239,995,996,6,3
1240,996,936,16,3
1241,506,997,19,3
1242,997,998,8,3
1243,998,999,9,3
1244,999,1000,19,3
1245,1000,1001,13,3
1246,1001,1002,16,3
1247,1002,1003,15,3
1248,1003,1004,16,3
1249,1004,1005,26,3
1250,1005,1006,36,3
1251,1006,1007,10,3
1252,1007,1008,12,3
1253,823,974,63,3
1254,952,834,114,3
1255,953,934,40,3
1256,703,1009,30,3
1257,1009,1010,18,3
1258,1010,1011,21,3
1259,1011,976,30,3
1260,926,1012,26,3
1261,1012,836,7,3
1262,835,970,52,3
1263,954,980,7,3
1264,968,955,36,3
1265,812,927,44,3
1266,1013,1014,6,3
1267,1014,981,46,3
1268,982,1015,98,3
1269,932,1016,52,3
1270,1017,974,42,3
1271,973,984,64,3
1272,1018,1019,27,3
1273,1019,978,24,3
1274,1013,931,54,3
1275,985,1020,12,3
1276,841,1021,11,3
1277,1021,1022,18,3
1278,1022,1023,4,3
1279,1023,1024,10,3
1280,1024,1025,1,3
1281,1025,1026,3,3
1282,1026,1027,4,3
1283,1027,1028,4,3
1284,1028,1029,19,3
1285,1029,1030,9,3
1286,1030,1031,5,3
1287,1031,1032,5,3
1288,1032,1033,1,3
1289,1033,1034,9,3
1290,1034,1035,8,3
1291,1035,1036,7,3
1292,1036,1037,8,3
1293,1037,1038,2,3
1294,1038,1039,6,3
1295,1039,1040,4,3
1296,1041,979,38,3
1297,1041,981,42,3
1298,1042,1043,33,3
1299,1043,1044,26,3
1300,1044,832,89,3
1301,1045,935,127,3
1302,986,976,12,3
1303,1020,1046,33,3
1304,835,1047,53,3
1305,1048,927,41,3
1306,977,978,50,3
1307,1016,956,128,3
1308,903,1049,180,3
1309,1050,1051,24,3
1310,1051,927,55,3
1311,1052,828,85,3
1312,926,1053,24,3
1313,1053,1054,22,3
1314,1055,935,60,3
1315,939,1048,99,3
1316,928,1056,83,3
1317,934,1050,45,3
1318,1050,1057,6,3
1319,1057,1058,39,3
1320,1059,983,99,3
1321,1047,1060,28,3
1322,1061,1056,48,3
1323,1052,973,11,3
1324,932,1062,137,3
1325,984,1063,75,3
1326,1015,1048,23,3
1327,1018,1047,28,3
1328,1064,952,43,3
1329,1063,1065,89,3
1330,1065,931,9,3
1331,986,1066,41,3
1332,985,1060,56,3
1333,1017,977,56,3
1334,1050,971,52,3
1335,1067,1060,35,3
1336,1042,1064,21,3
1337,1068,1069,76,3
1338,1069,1013,12,3
1339,971,1070,26,3
1340,1070,1071,82,3
1341,1055,1072,128,3
1342,1020,1073,111,3
1343,1074,1066,27,3
1344,972,1062,49,3
1345,971,1075,57,3
1346,1013,1076,28,3
1347,986,1077,57,3
1348,1077,1078,86,3
1349,1018,1079,22,3
1350,1055,1074,56,3
1351,1045,1016,7,3
1352,1076,1041,68,3
1353,1061,972,29,3
1354,1056,1049,44,3
1355,976,1080,55,3
1356,1080,1081,86,3
1357,1058,1082,11,3
1358,1082,1048,68,3
1359,1042,1083,39,3
1360,1084,1081,27,3
1361,1078,1081,11,3
1362,1067,1085,23,3
1363,1086,1062,14,3
1364,1052,1087,90,3
1365,1083,1088,21,3
1366,1088,1064,26,3
1367,1089,1090,11,3
1368,1090,1091,12,3
1369,1091,1092,6,3
1370,1092,1093,11,3
1371,1093,1094,13,3
1372,1094,1095,19,3
1373,1095,1096,12,3
1374,1096,1097,15,3
1375,1097,1098,19,3
1376,1098,1040,9,3
1377,1084,1099,15,3
1378,1099,1076,11,3
1379,1068,1063,12,3
1380,973,1100,90,3
1381,1045,1072,59,3
1382,1058,1101,9,3
1383,1101,1102,65,3
1384,1102,1075,8,3
1385,1103,1058,25,3
1386,1086,1061,52,3
1387,983,1104,144,3
1388,1105,1060,47,3
1389,1067,1079,16,3
1390,1066,1106,61,3
1391,1018,1107,112,3
1392,1107,1017,53,3
1393,1103,1015,78,3
1394,1008,1108,70,3
1395,1108,1109,10,3
1396,1109,1110,5,3
1397,1110,1111,3,3
1398,1111,1040,25,3
1399,1112,1105,47,3
1400,1074,1113,129,3
1401,1008,1114,8,3
1402,1114,1115,21,3
1403,1115,1116,31,3
1404,1116,1117,9,3
1405,1117,1118,7,3
1406,1118,1119,3,3
1407,1119,1120,4,3
1408,1120,1121,4,3
1409,1121,1122,19,3
1410,1122,1123,6,3
1411,1123,1124,4,3
1412,1124,1125,21,3
1413,1125,1126,13,3
1414,1126,1127,10,3
1415,1127,1128,11,3
1416,1128,1129,6,3
1417,1073,1130,14,3
1418,1085,1131,28,3
1419,1132,1085,52,3
1420,1067,1133,13,3
1421,1133,1112,44,3
1422,1107,1134,24,3
1423,1100,1068,64,3
1424,1042,1104,108,3
1425,1135,1106,44,3
1426,1078,1136,33,3
1427,1068,1137,30,3
1428,1059,1138,79,3
1429,1084,1139,13,3
1430,1045,1140,79,3
1431,1140,1141,17,3
1432,1141,1142,33,3
1433,1142,1143,13,3
1434,1106,1144,32,3
1435,1103,1145,26,3
1436,1139,1078,26,3
1437,1105,1146,10,3
1438,1147,1148,13,3
1439,1148,1149,20,3
1440,1149,1150,15,3
1441,1150,1151,5,3
1442,1151,1152,13,3
1443,1152,1153,23,3
1444,1153,1154,5,3
1445,1154,1155,36,3
1446,1089,1156,8,3
1447,1156,1147,26,3
1448,1074,1135,49,3
1449,1157,1158,37,3
1450,1158,1159,22,3
1451,1159,1160,36,3
1452,1160,1016,50,3
1453,1076,1137,89,3
1454,922,1161,23,3
1455,1162,1163,4,3
1456,1163,1164,6,3
1457,1135,1165,31,3
1458,1166,1137,25,3
1459,1113,1072,55,3
1460,1165,1144,53,3
1461,1167,1168,23,3
1462,1168,1169,12,3
1463,1170,1171,13,3
1464,1171,1145,97,3
1465,1087,1100,12,3
1466,1136,1172,39,3
1467,1173,1071,39,3
1468,1164,1174,40,3
1469,1167,1134,12,3
1470,1136,1175,28,3
1471,1169,1132,5,3
1472,1139,1176,60,3
1473,1175,1144,33,3
1474,1139,1172,29,3
1475,1161,1130,11,3
1476,1071,1177,53,3
1477,1107,1173,108,3
1478,1178,1145,12,3
1479,1166,1084,92,3
1480,1157,1086,63,3
1481,1179,1049,162,3
1482,1155,1174,15,3
1483,1180,1072,46,3
1484,1161,1181,8,3
1485,1181,1182,18,3
1486,1182,1183,5,3
1487,1073,1184,18,3
1488,1184,1185,21,3
1489,1170,1186,17,3
1490,1186,1075,28,3
1491,1138,1187,83,3
1492,1087,1188,55,3
1493,1189,1190,30,3
1494,949,922,20,3
1495,1176,1191,29,3
1496,1170,1192,12,3
1497,1192,1193,31,3
1498,1191,1172,62,3
1499,1134,1194,105,3
1500,1194,1195,8,3
1501,1100,1196,54,3
1502,1169,1197,45,3
1503,1190,1198,32,3
1504,1199,1087,67,3
1505,1200,1172,24,3
1506,1201,1176,32,3
1507,1175,1200,51,3
1508,1202,1175,28,3
1509,1189,1112,12,3
1510,1170,1177,8,3
1511,1203,1059,139,3
1512,949,1204,37,3
1513,949,1205,44,3
1514,1206,1197,29,3
1515,1204,1207,15,3
1516,1207,1208,15,3
1517,1208,1209,28,3
1518,1209,1210,10,3
1519,1211,1179,10,3
1520,1212,1200,64,3
1521,1201,1213,64,3
1522,1167,1214,31,3
1523,1214,1215,43,3
1524,1216,1200,24,3
1525,1203,1104,98,3
1526,1113,1217,39,3
1527,1113,1218,49,3
1528,1143,1219,51,3
1529,1190,1220,4,3
1530,1202,1216,64,3
1531,1189,1221,39,3
1532,1211,1143,30,3
1533,1178,1222,9,3
1534,1222,1223,53,3
1535,1223,1224,12,3
1536,1173,1225,8,3
1537,1225,1195,29,3
1538,1226,1202,35,3
1539,1170,1227,34,3
1540,1166,1196,64,3
1541,1180,1219,84,3
1542,1157,1179,29,3
1543,1226,1165,31,3
1544,1180,1218,55,3
1545,1228,1229,10,3
1546,1229,1230,12,3
1547,1083,1231,36,3
1548,1231,1232,102,3
1549,1232,1233,20,3
1550,1221,1234,25,3
1551,1227,1235,27,3
1552,1235,1236,23,3
1553,1236,1237,9,3
1554,1213,1238,13,3
1555,1193,1239,53,3
1556,1226,1240,80,3
1557,1199,1241,56,3
1558,1178,1242,127,3
1559,1242,1243,12,3
1560,1244,1245,74,3
1561,1245,922,62,3
1562,1246,1247,12,3
1563,1247,1197,18,3
1564,1238,1188,15,3
1565,1248,1195,22,3
1566,1249,1138,134,3
1567,1226,1250,11,3
1568,1250,1251,22,3
1569,1252,1187,10,3
1570,1211,1252,12,3
1571,1226,1253,36,3
1572,1193,1254,56,3
1573,1254,1224,10,3
1574,1213,1196,15,3
1575,1201,1255,52,3
1576,1228,1220,39,3
1577,1212,1256,22,3
1578,1256,1191,3,3
1579,1196,1188,13,3
1580,1187,1179,12,3
1581,1257,1258,20,3
1582,1258,1259,16,3
1583,1217,1260,103,3
1584,1221,1261,44,3
1585,1261,1262,46,3
1586,1263,1238,67,3
1587,1211,1264,106,3
1588,1265,1230,22,3
1589,1266,1267,29,3
1590,1255,1266,16,3
1591,1224,1268,18,3
1592,1215,1269,22,3
1593,1270,1267,10,3
1594,1271,1253,42,3
1595,1269,1272,10,3
1596,1272,1273,12,3
1597,1273,1246,8,3
1598,1274,1195,52,3
1599,1203,1275,18,3
1600,1246,1230,12,3
1601,1248,1276,18,3
1602,1276,1237,8,3
1603,1277,1217,40,3
1604,1219,1278,57,3
1605,1278,1218,64,3
1606,1251,1253,18,3
1607,1241,1188,66,3
1608,1205,1279,22,3
1609,1280,1281,49,3
1610,1281,1220,27,3
1611,1270,1216,65,3
1612,1212,1267,14,3
1613,1257,1204,14,3
1614,1199,1282,127,3
1615,1240,1216,32,3
1616,1205,1283,20,3
1617,1213,1284,109,3
1618,1285,1266,43,3
1619,1286,1287,23,3
1620,1287,1288,5,3
1621,1288,1289,11,3
1622,1289,1269,38,3
1623,1290,1277,41,3
1624,1239,1291,31,3
1625,1278,1260,45,3
1626,1292,1293,45,3
1627,1293,1274,18,3
1628,1294,1268,24,3
1629,1278,1264,30,3
1630,1283,1295,10,3
1631,1295,1296,50,3
1632,1271,1297,28,3
1633,1271,1298,34,3
1634,1234,1299,86,3
1635,1300,1270,32,3
1636,1243,1301,85,3
1637,1301,1224,13,3
1638,1249,1275,63,3
1639,1302,1303,31,3
1640,1300,1240,63,3
1641,1240,1304,33,3
1642,1305,1283,72,3
1643,1306,1227,88,3
1644,1307,1215,27,3
1645,1251,1304,77,3
1646,1252,1308,104,3
1647,1292,1237,25,3
1648,1259,1302,46,3
1649,1309,1310,22,3
1650,1310,1246,9,3
1651,1251,1298,39,3
1652,1244,1234,34,3
1653,1239,1268,55,3
1654,1304,1311,63,3
1655,1263,1312,60,3
1656,1313,1290,10,3
1657,1314,1315,31,3
1658,1315,1294,7,3
1659,1316,1282,57,3
1660,1317,1292,33,3
1661,1305,1318,13,3
1662,1319,1294,36,3
1663,1320,1297,46,3
1664,1320,1298,26,3
1665,1262,1299,10,3
1666,1300,1285,29,3
1667,1307,1286,24,3
1668,1241,1321,48,3
1669,1321,1316,79,3
1670,1307,1322,10,3
1671,1322,1323,49,3
1672,1324,1303,43,3
1673,1325,1326,27,3
1674,1326,1327,69,3
1675,1327,1328,4,3
1676,1328,1279,25,3
1677,1329,1277,92,3
1678,1297,1290,20,3
1679,1238,1330,110,3
1680,1257,1331,81,3
1681,1332,1333,15,3
1682,1333,1334,29,3
1683,1334,1335,39,3
1684,1335,1252,23,3
1685,1323,1274,29,3
1686,1324,1259,19,3
1687,1279,1336,67,3
1688,1263,1337,49,3
1689,1338,1339,18,3
1690,1339,1340,28,3
1691,1340,1341,38,3
1692,1341,1187,29,3
1693,1243,1342,12,3
1694,1342,1282,39,3
1695,1305,1244,13,3
1696,1343,1344,10,3
1697,1344,1303,11,3
1698,1323,1345,37,3
1699,1346,1313,58,3
1700,1314,1347,33,3
1701,1243,1348,49,3
1702,1348,1349,14,3
1703,1350,1351,10,3
1704,1351,1299,28,3
1705,1285,1284,63,3
1706,1313,1352,38,3
1707,1353,1317,9,3
1708,1306,1317,38,3
1709,1354,1337,63,3
1710,1353,1355,37,3
1711,1306,1356,40,3
1712,1296,1336,37,3
1713,1357,1355,8,3
1714,1358,1359,17,3
1715,1359,1324,16,3
1716,1360,1296,9,3
1717,1356,1319,22,3
1718,1357,1323,23,3
1719,1244,1350,90,3
1720,1329,1260,42,3
1721,1361,1308,22,3
1722,1249,1362,77,3
1723,1249,1363,31,3
1724,1356,1291,16,3
1725,1364,1304,38,3
1726,1300,1311,33,3
1727,1298,1364,76,3
1728,1365,1366,5,3
1729,1366,1367,40,3
1730,1367,1368,40,3
1731,1368,1262,51,3
1732,1369,1370,23,3
1733,1286,1371,10,3
1734,1371,1372,56,3
1735,1373,1352,32,3
1736,1374,1325,16,3
1737,1284,1330,15,3
1738,1375,1364,64,3
1739,1356,1376,43,3
1740,1377,1378,10,3
1741,1378,1379,5,3
1742,1379,1380,11,3
1743,1380,1360,19,3
1744,1317,1381,41,3
1745,1375,1311,38,3
1746,1373,1382,7,3
1747,1382,1329,37,3
1748,1285,1383,72,3
1749,1314,1376,100,3
1750,1364,1384,27,3
1751,1338,1362,60,3
1752,1354,1370,15,3
1753,1385,1264,133,3
1754,1312,1386,4,3
1755,1358,1331,39,3
1756,1374,1360,47,3
1757,1316,1349,23,3
1758,1320,1384,77,3
1759,1325,1336,7,3
1760,1318,1387,41,3
1761,1346,1320,29,3
1762,1383,1375,28,3
1763,1388,1384,29,3
1764,1389,1390,38,3
1765,1390,1305,182,3
1766,1347,1391,8,3
1767,1391,1392,118,3
1768,1392,1393,6,3
1769,1394,1331,52,3
1770,1395,1330,66,3
1771,1388,1346,77,3
1772,1374,1396,13,3
1773,1395,1386,44,3
1774,1397,1349,55,3
1775,1346,1398,33,3
1776,1361,1399,66,3
1777,1399,1400,45,3
1778,1354,1401,38,3
1779,1401,1402,8,3
1780,1403,1404,40,3
1781,1404,1405,21,3
1782,1406,1345,24,3
1783,1377,1387,18,3
1784,1398,1352,74,3
1785,1381,1407,51,3
1786,1407,1345,45,3
1787,1397,1408,32,3
1788,1408,1347,13,3
1789,1332,1338,9,3
1790,1403,1409,15,3
1791,1409,1312,33,3
1792,1410,1402,35,3
1793,1403,1411,30,3
1794,1411,1412,21,3
1795,1413,1350,131,3
1796,1406,1414,31,3
1797,1393,1376,29,3
1798,1373,1415,9,3
1799,1415,1416,77,3
1800,1387,1417,115,3
1801,1418,1419,8,3
1802,1419,1396,30,3
1803,1406,1420,51,3
1804,1420,1421,56,3
1805,1377,1418,28,3
1806,1422,1397,11,3
1807,1381,1421,23,3
1808,1361,1423,135,3
1809,1403,1424,21,3
1810,1424,1405,40,3
1811,1375,1425,27,3
1812,1402,1405,25,3
1813,1426,1358,62,3
1814,1373,1385,28,3
1815,1396,1427,29,3
1816,1384,1425,63,3
1817,1422,1369,54,3
1818,1428,1429,40,3
1819,1429,1233,38,3
1820,1330,1430,125,3
1821,1362,1431,147,3
1822,1400,1432,22,3
1823,1433,1383,56,3
1824,1434,1284,129,3
1825,1435,1436,10,3
1826,1436,1425,20,3
1827,1395,1437,12,3
1828,1437,1438,28,3
1829,1338,1439,22,3
1830,1439,1440,20,3
1831,1440,1441,35,3
1832,1441,1442,13,3
1833,1424,1443,23,3
1834,1377,1444,7,3
1835,1444,1445,107,3
1836,1388,1446,33,3
1837,1388,1435,61,3
1838,1424,1412,29,3
1839,1372,1447,11,3
1840,1447,1365,12,3
1841,1448,1306,137,3
1842,1402,1449,8,3
1843,1449,1443,44,3
1844,1398,1446,77,3
1845,1332,1450,23,3
1846,1450,1451,22,3
1847,1451,1452,26,3
1848,1452,1423,10,3
1849,1372,1414,26,3
1850,1395,1453,18,3
1851,1454,1363,126,3
1852,1422,1455,13,3
1853,1400,1385,13,3
1854,1398,1416,33,3
1855,1422,1456,106,3
1856,1456,1457,45,3
1857,1457,1458,21,3
1858,1438,1459,24,3
1859,1460,1461,8,3
1860,1461,1453,46,3
1861,1416,1462,77,3
1862,1418,1463,11,3
1863,1463,1464,98,3
1864,1459,1443,52,3
1865,1433,1435,31,3
1866,1448,1465,13,3
1867,1465,1466,38,3
1868,1466,1467,49,3
1869,1467,1397,102,3
1870,1438,1468,17,3
1871,1428,1469,68,3
1872,1469,1470,61,3
1873,1413,1365,20,3
1874,1471,1472,17,3
1875,1472,1473,25,3
1876,1473,1474,23,3
1877,1474,1475,34,3
1878,1475,1414,21,3
1879,1426,1476,16,3
1880,1468,1453,31,3
1881,1477,1410,53,3
1882,1421,1471,36,3
1883,1477,1478,9,3
1884,1478,1455,25,3
1885,1438,1412,22,3
1886,1418,1479,33,3
1887,1476,1480,49,3
1888,1389,1481,19,3
1889,1433,1434,65,3
1890,1482,1417,106,3
1891,1471,1483,27,3
1892,1477,1484,76,3
1893,1389,1485,23,3
1894,1464,1445,29,3
1895,1428,1486,16,3
1896,1486,1487,42,3
1897,1488,1479,37,3
1898,1454,1470,98,3
1899,1435,1489,88,3
1900,1442,1423,10,3
1901,1468,1490,45,3
1902,1490,1460,8,3
1903,1477,1491,39,3
1904,1432,1492,57,3
1905,1493,1410,131,3
1906,1494,1432,67,3
1907,1389,1413,12,3
1908,1426,1495,22,3
1909,1495,1496,9,3
1910,1496,1497,61,3
1911,1497,1488,18,3
1912,1494,1416,52,3
1913,1446,1462,33,3
1914,1498,1482,4,3
1915,1448,1499,26,3
1916,1499,1500,12,3
1917,1501,1502,13,3
1918,1488,1503,26,3
1919,1442,1504,45,3
1920,1504,1505,12,3
1921,1505,1506,12,3
1922,1454,1431,100,3
1923,1507,1464,32,3
1924,1479,1508,81,3
1925,1508,1509,60,3
1926,1434,1430,11,3
1927,1498,1481,16,3
1928,1510,1511,16,3
1929,1511,1460,9,3
1930,1512,1445,106,3
1931,1494,1513,20,3
1932,1514,1515,16,3
1933,1515,1485,23,3
1934,1459,1516,13,3
1935,1516,1510,55,3
1936,1491,1501,44,3
1937,1462,1489,24,3
1938,1459,1517,11,3
1939,1517,1493,19,3
1940,1476,1503,102,3
1941,1413,1518,24,3
1942,1518,1519,28,3
1943,1519,1520,23,3
1944,1520,1521,21,3
1945,1521,1522,16,3
1946,1522,1523,19,3
1947,1523,1500,30,3
1948,1524,1512,5,3
1949,1433,1525,128,3
1950,1526,1492,92,3
1951,1527,1528,20,3
1952,1528,1529,16,3
1953,1431,1530,47,3
1954,1530,1531,12,3
1955,1531,1506,14,3
1956,1527,1532,17,3
1957,1502,1533,25,3
1958,1488,1534,25,3
1959,1534,1535,53,3
1960,1535,1536,25,3
1961,1537,1538,16,3
1962,1538,1529,22,3
1963,1539,1540,21,3
1964,1540,1541,7,3
1965,1541,1513,22,3
1966,1539,1489,57,3
1967,1484,1542,19,3
1968,1542,1543,16,3
1969,1532,1544,17,3
1970,1544,1545,16,3
1971,1537,1546,19,3
1972,1524,1482,13,3
1973,1430,1547,16,3
1974,1547,1548,19,3
1975,1492,1549,49,3
1976,1484,1550,48,3
1977,1448,1537,14,3
1978,1501,1551,34,3
1979,1546,1458,18,3
1980,1423,1552,37,3
1981,1552,1553,52,3
1982,1514,1545,18,3
1983,1491,1554,87,3
1984,1554,1543,12,3
1985,1548,1555,65,3
1986,1555,1460,9,3
1987,1556,1493,5,3
1988,1557,1558,14,3
1989,1559,1560,15,3
1990,1503,1561,106,3
1991,1524,1562,86,3
1992,1539,1563,43,3
1993,1564,1558,13,3
1994,1565,1502,117,3
1995,1548,1566,22,3
1996,1550,1567,49,3
1997,1568,1512,25,3
1998,1480,1569,52,3
1999,1570,1503,44,3
2000,1480,1570,82,3
2001,1556,1567,41,3
2002,1568,1571,16,3
2003,1571,1507,59,3
2004,1498,1559,87,3
2005,1510,1566,77,3
2006,1564,1551,38,3
2007,1551,1572,31,3
2008,1513,1526,57,3
2009,1570,1573,19,3
2010,1573,1574,26,3
2011,1506,1575,27,3
2012,1575,1576,33,3
2013,1576,1577,94,3
2014,1568,1578,14,3
2015,1578,1579,71,3
2016,1442,1580,32,3
2017,1580,1581,98,3
2018,1581,1582,21,3
2019,1582,1583,18,3
2020,1583,1584,34,3
2021,1584,1585,2,3
2022,1559,1586,58,3
2023,1525,1563,56,3
2024,1567,1587,19,3
2025,1587,1588,18,3
2026,1589,1572,116,3
2027,1557,1590,11,3
2028,1590,1591,12,3
2029,1568,1592,34,3
2030,1562,1593,13,3
2031,1536,1561,28,3
2032,1553,1594,10,3
2033,1594,1595,44,3
2034,1592,1596,3,3
2035,1596,1597,42,3
2036,1597,1509,32,3
2037,1598,1430,127,3
2038,1543,1599,11,3
2039,1599,1600,77,3
2040,1537,1601,48,3
2041,1601,1602,28,3
2042,1549,1595,49,3
2043,1603,1434,124,3
2044,1604,1560,76,3
2045,1592,1605,3,3
2046,1605,1606,79,3
2047,1589,1607,7,3
2048,1608,1595,69,3
2049,1525,1609,45,3
2050,1609,1603,19,3
2051,1610,1591,34,3
2052,1592,1611,28,3
2053,1612,1613,13,3
2054,1613,1586,6,3
2055,1591,1614,48,3
2056,1615,1600,14,3
2057,1553,1616,71,3
2058,1616,1617,19,3
2059,1570,1618,112,3
2060,1619,1620,14,3
2061,1620,1569,28,3
2062,1526,1621,15,3
2063,1621,1622,18,3
2064,1622,1608,67,3
2065,1623,1561,20,3
2066,1566,1624,84,3
2067,1564,1625,176,3
2068,1589,1565,29,3
2069,1586,1626,18,3
2070,1626,1562,59,3
2071,1588,1600,4,3
2072,1612,1604,35,3
2073,1627,1628,23,3
2074,1628,1629,67,3
2075,1629,1536,29,3
2076,1569,1574,64,3
2077,1562,1579,29,3
2078,1557,1630,52,3
2079,1630,1614,24,3
2080,1610,1631,20,3
2081,1631,1632,16,3
2082,1633,1618,44,3
2083,1574,1634,110,3
2084,1627,1635,31,3
2085,1611,1636,79,3
2086,1636,1606,30,3
2087,1637,1623,117,3
2088,1565,1638,200,3
2089,1619,1639,57,3
2090,1603,1640,25,3
2091,1610,1641,32,3
2092,1642,1607,74,3
2093,1614,1643,60,3
2094,1639,1574,41,3
2095,1612,1644,42,3
2096,1614,1641,29,3
2097,1625,1645,3,3
2098,1645,1607,30,3
2099,1588,1646,116,3
2100,1603,1598,13,3
2101,1619,1647,9,3
2102,1627,1611,8,3
2103,1602,1648,34,3
2104,1648,1644,52,3
2105,1649,1650,116,3
2106,1650,1651,54,3
2107,1651,1487,24,3
2108,1635,1652,87,3
2109,1652,1653,4,3
2110,1653,1561,28,3
2111,1579,1606,32,3
2112,1623,1618,24,3
2113,1633,1654,25,3
2114,1655,1644,46,3
2115,1656,1625,74,3
2116,1637,1635,16,3
2117,1657,1658,34,3
2118,1658,1625,3,3
2119,1659,1643,29,3
2120,1659,1641,60,3
2121,1617,1660,29,3
2122,1634,1618,45,3
2123,1598,1661,96,3
2124,1662,1579,161,3
2125,1660,1663,28,3
2126,1663,1608,22,3
2127,1655,1664,28,3
2128,1664,1665,20,3
2129,1665,1602,30,3
2130,1666,1647,36,3
2131,1646,1624,29,3
2132,1659,1667,33,3
2133,1668,1654,18,3
2134,1655,1662,8,3
2135,1657,1669,12,3
2136,1668,1634,46,3
2137,1670,1656,5,3
2138,1642,1671,117,3
2139,1666,1672,17,3
2140,1672,1673,16,3
2141,1673,1674,23,3
2142,1632,1667,80,3
2143,1675,1637,26,3
2144,1675,1633,71,3
2145,1646,1638,38,3
2146,1676,1632,22,3
2147,1639,1677,38,3
2148,1643,1669,83,3
2149,1639,1678,63,3
2150,1642,1656,33,3
2151,1660,1585,8,3
2152,1677,1679,39,3
2153,1667,1680,6,3
2154,1675,1681,23,3
2155,1677,1682,50,3
2156,1683,1668,14,3
2157,1670,1684,40,3
2158,1669,1685,22,3
2159,1638,1671,29,3
2160,1682,1678,37,3
2161,1661,1686,92,3
2162,1686,1687,28,3
2163,1657,1688,67,3
2164,1688,1684,5,3
2165,1689,1690,22,3
2166,1690,1676,16,3
2167,1655,1691,13,3
2168,1691,1692,28,3
2169,1681,1654,69,3
2170,1659,1693,88,3
2171,1678,1694,39,3
2172,1676,1695,50,3
2173,1634,1694,37,3
2174,1696,1685,67,3
2175,1697,1698,77,3
2176,1698,1699,27,3
2177,1699,1585,22,3
2178,1701,1702,13,3
2179,1703,1683,67,3
2180,1704,1694,38,3
2181,1705,1700,6,3
2182,1693,1706,11,3
2183,1687,1707,7,3
2184,1707,1708,3,3
2185,1708,1671,6,3
2186,1649,1709,65,3
2187,1689,1710,16,3
2188,1711,1662,70,3
2189,1683,1712,24,3
2190,1713,1640,169,3
2191,1712,1694,45,3
2192,1700,1680,38,3
2193,1714,1681,5,3
2194,1715,1716,37,3
2195,1716,1717,38,3
2196,1717,1666,25,3
2197,1693,1685,7,3
2198,1701,1695,26,3
2199,1701,1680,16,3
2200,1718,1598,194,3
2201,1719,1670,112,3
2202,1689,1692,9,3
2203,1720,1721,30,3
2204,1722,1679,44,3
2205,1723,1724,25,3
2206,1675,1725,211,3
2207,1726,1706,64,3
2208,1727,1706,32,3
2209,1723,1702,26,3
2210,1724,1720,5,3
2211,1728,1729,68,3
2212,1729,1684,4,3
2213,1679,1730,37,3
2214,1719,1687,19,3
2215,1731,1712,9,3
2216,1692,1732,49,3
2217,1696,1684,32,3
2218,1710,1720,27,3
2219,1682,1730,36,3
2220,1714,1703,28,3
2221,1715,1722,36,3
2222,1733,1696,71,3
2223,1711,1734,58,3
2224,1735,1732,16,3
2225,1736,1730,53,3
2226,1737,1711,28,3
2227,1738,1739,4,3
2228,1739,1702,95,3
2229,1719,1740,17,3
2230,1740,1741,26,3
2231,1728,1742,5,3
2232,1736,1704,36,3
2233,1743,1703,33,3
2234,1743,1731,64,3
2235,1744,1745,13,3
2236,1745,1746,7,3
2237,1746,1704,24,3
2238,1696,1726,18,3
2239,1747,1743,32,3
2240,1733,1748,5,3
2241,1747,1744,63,3
2242,1749,1736,26,3
2243,1735,1734,9,3
2244,1750,1726,30,3
2245,1750,1727,59,3
2246,1738,1727,30,3
2247,1714,1751,200,3
2248,1741,1742,29,3
2249,1752,1723,49,3
2250,1753,1754,23,3
2251,1755,1756,13,3
2252,1756,1703,203,3
2253,1757,1758,7,3
2254,1754,1738,24,3
2255,1759,1741,50,3
2256,1722,1760,54,3
2257,1761,1735,95,3
2258,1736,1762,44,3
2259,1718,1713,14,3
2260,1697,1763,19,3
2261,1763,1764,17,3
2262,1764,1765,40,3
2263,1766,1767,18,3
2264,1767,1768,36,3
2265,1768,1649,97,3
2266,1722,1762,86,3
2267,1759,1769,31,3
2268,1769,1726,74,3
2269,1770,1737,44,3
2270,1753,1752,31,3
2271,1734,1758,19,3
2272,1737,1757,60,3
2273,1771,1772,94,3
2274,1772,1773,133,3
2275,1773,1774,61,3
2276,1774,1775,35,3
2277,1775,1660,16,3
2278,1770,1776,29,3
2279,1718,1777,48,3
2280,1747,1778,40,3
2281,1776,1779,10,3
2282,1779,1780,6,3
2283,1780,1725,17,3
2284,1781,1709,189,3
2285,1782,1754,19,3
2286,1715,1783,94,3
2287,1784,1750,70,3
2288,1785,1757,8,3
2289,1770,1725,17,3
2290,1760,1786,45,3
2291,1718,1787,74,3
2292,1787,1788,16,3
2293,1788,1789,17,3
2294,1789,1790,42,3
2295,1791,1782,88,3
2296,1792,1762,102,3
2297,1782,1793,50,3
2298,1760,1794,77,3
2299,1753,1795,103,3
2300,1796,1759,48,3
2301,1794,1762,48,3
2302,1752,1797,118,3
2303,1797,1798,33,3
2304,1799,1800,23,3
2305,1800,1801,119,3
2306,1801,1738,4,3
2307,1743,1802,214,3
2308,1785,1803,86,3
2309,1803,1804,5,3
2310,1804,1805,13,3
2311,1805,1758,91,3
2312,1806,1807,11,3
2313,1807,1785,21,3
2314,1783,1808,29,3
2315,1777,1809,55,3
2316,1786,1783,36,3
2317,1810,1793,23,3
2318,1747,1811,209,3
2319,1713,1812,120,3
2320,1812,1813,24,3
2321,1778,1792,36,3
2322,1806,1814,33,3
2323,1776,1814,67,3
2324,1755,1776,31,3
2325,1786,1815,43,3
2326,1816,1817,11,3
2327,1817,1818,11,3
2328,1819,1820,34,3
2329,1818,1821,20,3
2330,1822,1794,98,3
2331,1823,1824,8,3
2332,1824,1825,148,3
2333,1806,1826,176,3
2334,1827,1793,52,3
2335,1786,1828,71,3
2336,1829,1830,10,3
2337,1830,1799,25,3
2338,1819,1792,28,3
2339,1794,1828,45,3
2340,1814,1831,16,3
2341,1831,1832,17,3
2342,1833,1834,17,3
2343,1834,1835,7,3
2344,1835,1836,25,3
2345,1836,1837,12,3
2346,1837,1838,29,3
2347,1838,1839,29,3
2348,1839,1840,9,3
2349,1840,1841,34,3
2350,1841,1842,13,3
2351,1842,1765,9,3
2352,1818,1808,5,3
2353,1829,1796,41,3
2354,1755,1843,11,3
2355,1843,1844,52,3
2356,1844,1832,4,3
2357,1783,1816,41,3
2358,1777,1845,10,3
2359,1845,1846,73,3
2360,1755,1802,31,3
2361,1799,1791,11,3
2362,1847,1848,68,3
2363,1790,1849,82,3
2364,1781,1848,19,3
2365,1850,1851,26,3
2366,1851,1816,5,3
2367,1790,1823,45,3
2368,1852,1853,11,3
2369,1853,1854,123,3
2370,1854,1697,116,3
2371,1819,1822,17,3
2372,1791,1855,88,3
2373,1811,1856,20,3
2374,1857,1821,18,3
2375,1858,1809,19,3
2376,1814,1859,87,3
2377,1766,1847,47,3
2378,1860,1861,26,3
2379,1861,1862,3,3
2380,1862,1863,13,3
2381,1863,1864,4,3
2382,1864,1865,21,3
2383,1802,1856,12,3
2384,1866,1867,4,3
2385,1867,1859,81,3
2386,1829,1868,102,3
2387,1869,1850,27,3
2388,1766,1870,8,3
2389,1870,1871,36,3
2390,1871,1872,33,3
2391,1872,1873,17,3
2392,1873,1874,19,3
2393,1874,1875,46,3
2394,1811,1876,60,3
2395,1850,1877,39,3
2396,1878,1879,33,3
2397,1880,1822,49,3
2398,1881,1882,27,3
2399,1882,1857,23,3
2400,1883,1859,34,3
2401,1880,1828,96,3
2402,1832,1884,23,3
2403,1884,1885,88,3
2404,1869,1815,41,3
2405,1811,1886,66,3
2406,1857,1877,39,3
2407,1826,1887,2,3
2408,1887,1888,16,3
2409,1879,1828,42,3
2410,1849,1889,4,3
2411,1889,1846,34,3
2412,1890,1891,14,3
2413,1891,1892,3,3
2414,1892,1893,45,3
2415,1893,1833,7,3
2416,1832,1894,3,3
2417,1894,1895,79,3
2418,1895,1883,5,3
2419,1792,1896,144,3
2420,1896,1897,42,3
2421,1897,1898,10,3
2422,1796,1899,228,3
2423,1815,1878,30,3
2424,1813,1860,8,3
2425,1856,1900,65,3
2426,1900,1901,17,3
2427,1858,1902,20,3
2428,1876,1898,11,3
2429,1903,1904,108,3
2430,1904,1826,7,3
2431,1881,1905,18,3
2432,1848,1906,100,3
2433,1907,1877,41,3
2434,1879,1908,61,3
2435,1901,1909,74,3
2436,1869,1910,15,3
2437,1903,1911,18,3
2438,1911,1888,113,3
2439,1883,1885,21,3
2440,1813,1912,76,3
2441,1913,1914,35,3
2442,1914,1878,22,3
2443,1829,1915,5,3
2444,1915,1916,218,3
2445,1917,1902,59,3
2446,1918,1886,17,3
2447,1899,1823,60,3
2448,1823,1919,8,3
2449,1919,1920,78,3
2450,1920,1849,41,3
2451,1866,1826,32,3
2452,1901,1918,21,3
2453,1921,1898,56,3
2454,1899,1916,41,3
2455,1922,1923,16,3
2456,1923,1924,13,3
2457,1909,1925,32,3
2458,1926,1907,40,3
2459,1898,1927,14,3
2460,1927,1922,54,3
2461,1928,1908,31,3
2462,1929,1930,34,3
2463,1833,1931,51,3
2464,1918,1932,10,3
2465,1932,1925,73,3
2466,1933,1879,75,3
2467,1866,1934,41,3
2468,1926,1881,48,3
2469,1928,1880,42,3
2470,1910,1907,40,3
2471,1913,1910,16,3
2472,1883,1935,6,3
2473,1935,1934,80,3
2474,1909,1885,15,3
2475,1936,1847,100,3
2476,1912,1937,13,3
2477,1937,1938,33,3
2478,1866,1939,2,3
2479,1939,1930,18,3
2480,1940,1941,14,3
2481,1933,1942,12,3
2482,1942,1943,18,3
2483,1943,1944,15,3
2484,1945,1926,42,3
2485,1929,1946,42,3
2486,1947,1925,29,3
2487,1948,1922,40,3
2488,1949,1950,37,3
2489,1868,1951,50,3
2490,1951,1952,5,3
2491,1952,1953,57,3
2492,1940,1934,34,3
2493,1926,1954,50,3
2494,1955,1929,32,3
2495,1903,1956,33,3
2496,1907,1957,53,3
2497,1958,1868,56,3
2498,1947,1924,89,3
2499,1959,1917,59,3
2500,1944,1908,61,3
2501,1960,1912,32,3
2502,1960,1961,12,3
2503,1961,1771,20,3
2504,1956,1930,94,3
2505,1913,1962,21,3
2506,1962,1963,11,3
2507,1963,1933,10,3
2508,1909,1941,72,3
2509,1954,1964,12,3
2510,1964,1905,41,3
2511,1928,1950,4,3
2512,1947,1965,29,3
2513,1966,1967,67,3
2514,1968,1969,28,3
2515,1967,1970,4,3
2516,1968,1958,23,3
2517,1955,1971,42,3
2518,1972,1948,39,3
2519,1973,1959,11,3
2520,1945,1974,18,3
2521,1974,1957,25,3
2522,1852,1973,12,3
2523,1954,1975,21,3
2524,1940,1946,17,3
2525,1976,1931,46,3
2526,1977,1941,30,3
2527,1921,1978,41,3
2528,1979,1980,4,3
2529,1980,1922,52,3
2530,1949,1944,38,3
2531,1955,1981,33,3
2532,1969,1956,10,3
2533,1970,1936,19,3
2534,1966,1906,24,3
2535,1977,1925,74,3
2536,1933,1982,11,3
2537,1982,1983,5,3
2538,1983,1957,34,3
2539,1959,1960,13,3
2540,1852,1960,12,3
2541,1971,1984,32,3
2542,1958,1985,109,3
2543,1986,1987,80,3
2544,1979,1988,29,3
2545,1989,1976,9,3
2546,1990,1976,39,3
2547,1984,1981,42,3
2548,1991,1916,111,3
2549,1986,1992,64,3
2550,1992,1993,3,3
2551,1993,1994,5,3
2552,1994,1990,11,3
2553,1968,1995,18,3
2554,1996,1997,21,3
2555,1997,1998,13,3
2556,1998,1999,7,3
2557,1999,2000,17,3
2558,2000,2001,28,3
2559,1947,2002,90,3
2560,1973,2003,15,3
2561,2003,2004,10,3
2562,2004,1989,56,3
2563,1953,2005,11,3
2564,2005,2006,56,3
2565,1972,1965,9,3
2566,1977,2007,15,3
2567,2008,1948,54,3
2568,1979,1978,29,3
2569,2009,1946,25,3
2570,2010,1981,30,3
2571,1971,1946,32,3
2572,1945,2011,27,3
2573,2011,2012,15,3
2574,2012,2013,11,3
2575,2013,1975,5,3
2576,1975,2001,15,3
2577,1969,2010,26,3
2578,2007,2014,3,3
2579,2014,2015,22,3
2580,1875,2016,76,3
2581,2016,2017,20,3
2582,1852,2018,15,3
2583,2018,2019,9,3
2584,2019,1976,56,3
2585,2020,2021,68,3
2586,2017,2022,24,3
2587,2022,2023,11,3
2588,2023,2024,8,3
2589,2024,2025,24,3
2590,2025,2026,16,3
2591,2027,2028,14,3
2592,1984,2029,29,3
2593,1991,2006,48,3
2594,1995,2030,60,3
2595,2031,2032,11,3
2596,1979,2033,5,3
2597,2033,2034,61,3
2598,1984,2035,31,3
2599,2036,2031,70,3
2600,1945,2037,31,3
2601,2037,2038,10,3
2602,2038,2039,7,3
2603,2039,2040,4,3
2604,2040,2041,22,3
2605,2041,2042,4,3
2606,2042,2043,27,3
2607,2043,2044,7,3
2608,2044,2045,35,3
2609,2045,2046,14,3
2610,2046,2047,9,3
2611,2048,2007,81,3
2612,1949,2049,19,3
2613,2049,2050,76,3
2614,2050,2051,36,3
2615,2051,2052,57,3
2616,2008,2028,26,3
2617,1978,2053,64,3
2618,2053,2054,9,3
2619,2054,2034,23,3
2620,2055,2056,27,3
2621,2056,2057,30,3
2622,2057,1996,7,3
2623,1987,2021,70,3
2624,2058,2059,12,3
2625,2059,2060,21,3
2626,2060,2061,10,3
2627,2061,2062,13,3
2628,2062,2001,5,3
2629,1968,2063,62,3
2630,2052,2064,35,3
2631,2064,1921,91,3
2632,2010,2065,5,3
2633,2065,2035,36,3
2634,1990,2032,70,3
2635,1985,1953,67,3
2636,2008,1988,8,3
2637,2027,1972,51,3
2638,2036,1989,38,3
2639,2066,1965,57,3
2640,2036,1990,10,3
2641,1986,2032,22,3
2642,1973,2067,56,3
2643,1959,2068,78,3
2644,1995,2069,24,3
2645,2007,2002,24,3
2646,1985,2070,55,3
2647,1966,2071,111,3
2648,2071,2072,12,3
2649,2072,2073,66,3
2650,2074,2075,40,3
2651,2047,2076,3,3
2652,2076,2077,8,3
2653,2077,2058,11,3
2654,2078,2079,47,3
2655,2079,2080,24,3
2656,2028,2081,47,3
2657,2082,2083,57,3
2658,2083,2069,24,3
2659,2021,2084,46,3
2660,2063,2030,18,3
2661,2055,2085,14,3
2662,2085,2086,41,3
2663,2086,2087,18,3
2664,2087,2088,27,3
2665,2088,2047,16,3
2666,2048,2089,25,3
2667,2089,2090,19,3
2668,2090,2035,17,3
2669,2091,2066,48,3
2670,2092,2063,5,3
2671,2070,2006,78,3
2672,2069,2093,59,3
2673,2092,2035,24,3
2674,2027,2079,13,3
2675,2020,2094,14,3
2676,2094,2026,13,3
2677,2066,2075,34,3
2678,2032,2095,32,3
2679,2095,2096,45,3
2680,1988,2097,54,3
2681,1973,2098,76,3
2682,2098,2099,10,3
2683,2099,2100,6,3
2684,2100,2101,28,3
2685,2002,2075,29,3
2686,2102,2103,6,3
2687,2104,2082,7,3
2688,2105,2068,69,3
2689,2106,2107,53,3
2690,2108,2109,18,3
2691,2070,2110,11,3
2692,2111,2074,40,3
2693,2112,1991,79,3
2694,2113,2067,83,3
2695,2091,2114,35,3
2696,2078,2115,25,3
2697,2115,2080,47,3
2698,2031,2116,33,3
2699,2116,2117,213,3
2700,2082,2093,25,3
2701,2102,2080,20,3
2702,2109,2030,41,3
2703,2034,2118,25,3
2704,2091,2078,5,3
2705,2114,2075,46,3
2706,2030,2093,25,3
2707,2084,2096,68,3
2708,2092,2119,14,3
2709,2119,2108,8,3
2710,1967,2073,143,3
2711,2110,2120,61,3
2712,2121,2122,42,3
2713,2123,2111,41,3
2714,2124,2125,26,3
2715,2126,2127,14,3
2716,2128,2129,42,3
2717,2104,2130,42,3
2718,2131,2084,185,3
2719,2132,2133,6,3
2720,2121,2134,6,3
2721,2134,2133,4,3
2722,2113,2135,14,3
2723,2135,2101,50,3
2724,2114,2122,30,3
2725,2136,2109,24,3
2726,2137,2103,23,3
2727,2112,2110,43,3
2728,2132,2103,36,3
2729,2111,2127,25,3
2730,2138,2139,17,3
2731,2139,2140,55,3
2732,2140,2141,27,3
2733,2141,2020,89,3
2734,2114,2142,40,3
2735,2121,2115,17,3
2736,2104,2125,24,3
2737,2143,2118,26,3
2738,2102,2133,36,3
2739,2144,2128,10,3
2740,2108,2145,9,3
2741,2145,2146,5,3
2742,2146,2147,40,3
2743,2147,2148,5,3
2744,2148,2126,10,3
2745,2149,2017,155,3
2746,2136,2093,46,3
2747,2052,2150,34,3
2748,2052,2106,39,3
2749,2142,2074,44,3
2750,2151,2152,44,3
2751,2151,2153,8,3
2752,2120,2154,5,3
2753,2155,2073,16,3
2754,2156,2117,83,3
2755,2157,2123,25,3
2756,2158,2130,19,3
2757,2159,2160,25,3
2758,2161,2162,14,3
2759,2163,2164,13,3
2760,2165,2166,23,3
2761,2166,2167,8,3
2762,2126,2168,19,3
2763,2157,2127,40,3
2764,2161,2129,7,3
2765,2163,2143,36,3
2766,2137,2167,27,3
2767,2125,2153,35,3
2768,2105,2113,6,3
2769,2123,2142,40,3
2770,2160,2122,6,3
2771,2136,2130,26,3
2772,2164,2106,26,3
2773,2143,2169,48,3
2774,2137,2170,3,3
2775,2170,2129,9,3
2776,2132,2171,5,3
2777,2171,2160,48,3
2778,2128,2169,33,3
2779,2168,2109,69,3
2780,2149,2172,20,3
2781,2172,2138,18,3
2782,2173,2174,34,3
2783,2175,2176,19,3
2784,2158,2177,30,3
2785,2156,2178,24,3
2786,2173,2159,18,3
2787,2151,2179,22,3
2788,2179,2180,26,3
2789,2180,2181,18,3
2790,2182,2183,21,3
2791,2183,2184,9,3
2792,2184,2159,85,3
2793,2113,2185,16,3
2794,2185,2186,51,3
2795,2182,2157,21,3
2796,2187,2188,24,3
2797,2188,2174,4,3
2798,2189,2168,29,3
2799,2112,2190,109,3
2800,2131,2191,38,3
2801,2191,2138,17,3
2802,2157,2192,25,3
2803,2149,2193,14,3
2804,2193,2155,57,3
2805,2165,2174,17,3
2806,2194,2162,11,3
2807,2163,2175,30,3
2808,2176,2169,34,3
2809,2195,2167,36,3
2810,2165,2159,34,3
2811,2154,2196,16,3
2812,2196,2197,3,3
2813,2197,2152,26,3
2814,2198,2073,15,3
2815,2194,2169,43,3
2816,2112,2199,58,3
2817,2199,2120,47,3
2818,2158,2200,5,3
2819,2200,2153,8,3
2820,2189,2136,89,3
2821,2177,2201,40,3
2822,2202,2177,62,3
2823,2203,2204,9,3
2824,2205,2206,37,3
2825,2206,2207,10,3
2826,2207,2208,15,3
2827,2209,2210,32,3
2828,2210,2211,2,3
2829,2212,2213,6,3
2830,2209,2214,15,3
2831,2205,2215,4,3
2832,2215,2216,15,3
2833,2216,2189,14,3
2834,2203,2217,58,3
2835,2186,2218,32,3
2836,2182,2219,44,3
2837,2220,2221,28,3
2838,2221,2211,3,3
2839,2222,2223,38,3
2840,2223,2195,3,3
2841,2217,2214,58,3
2842,2224,2211,15,3
2843,2214,2225,3,3
2844,2225,2224,31,3
2845,2182,2203,23,3
2846,2226,2227,18,3
2847,2227,2228,16,3
2848,2228,2229,12,3
2849,2230,2176,44,3
2850,2173,2214,15,3
2851,2175,2213,33,3
2852,2217,2231,24,3
2853,2230,2194,34,3
2854,2149,2229,13,3
2855,2195,2232,28,3
2856,2232,2224,3,3
2857,2226,2233,22,3
2858,2233,2178,11,3
2859,2226,2138,12,3
2860,2224,2174,15,3
2861,2198,2229,71,3
2862,2234,2235,29,3
2863,2236,2201,9,3
2864,2237,2238,5,3
2865,2238,2239,49,3
2866,2202,2240,16,3
2867,2241,2113,185,3
2868,2242,2190,82,3
2869,2237,2243,6,3
2870,2243,2244,54,3
2871,2245,2105,185,3
2872,2246,2247,19,3
2873,2247,2205,7,3
2874,2219,2239,16,3
2875,2246,2208,34,3
2876,2244,2235,55,3
2877,2248,2249,18,3
2878,2229,2250,16,3
2879,2250,2251,51,3
2880,2251,2252,133,3
2881,2222,2248,36,3
2882,2208,2253,12,3
2883,2253,2201,13,3
2884,2237,2204,19,3
2885,2249,2254,33,3
2886,2254,2235,3,3
2887,2212,2255,21,3
2888,2255,2256,15,3
2889,2256,2257,8,3
2890,2209,2235,15,3
2891,2204,2219,40,3
2892,2217,2244,30,3
2893,2249,2211,15,3
2894,2222,2230,26,3
2895,2258,2259,17,3
2896,2260,2261,16,3
2897,2262,2263,5,3
2898,2263,2264,28,3
2899,2265,2266,5,3
2900,2260,2266,85,3
2901,2234,2267,23,3
2902,2268,2186,105,3
2903,2269,2264,10,3
2904,2202,2270,66,3
2905,2270,2271,60,3
2906,2272,2236,22,3
2907,2272,2273,5,3
2908,2273,2274,17,3
2909,2274,2246,26,3
2910,2213,2275,66,3
2911,2275,2276,12,3
2912,2269,2277,4,3
2913,2277,2278,29,3
2914,2278,2236,21,3
2915,2239,2265,30,3
2916,2240,2279,22,3
2917,2240,2264,13,3
2918,2248,2234,36,3
2919,2237,2260,28,3
2920,2259,2280,11,3
2921,2280,2281,12,3
2922,2281,2244,14,3
2923,2282,2283,37,3
2924,2282,2284,5,3
2925,2284,2285,18,3
2926,2276,2286,8,3
2927,2287,2288,30,3
2928,2288,2289,25,3
2929,2245,2290,11,3
2930,2290,2291,61,3
2931,2291,2292,10,3
2932,2292,2293,2,3
2933,2293,2294,20,3
2934,2294,2295,21,3
2935,2295,2296,25,3
2936,2296,2297,26,3
2937,2297,2242,9,3
2938,2285,2298,81,3
2939,2298,2299,4,3
2940,2271,2300,11,3
2941,2287,2299,14,3
2942,2258,2283,25,3
2943,2265,2301,23,3
2944,2301,2302,32,3
2945,2302,2289,5,3
2946,2261,2285,11,3
2947,2258,2303,13,3
2948,2303,2261,58,3
2949,2269,2304,6,3
2950,2304,2305,31,3
2951,2305,2262,13,3
2952,2272,2306,5,3
2953,2306,2307,33,3
2954,2258,2267,19,3
2955,2307,2269,27,3
2956,2287,2266,14,3
2957,2308,2309,62,3
2958,2310,2308,23,3
2959,2311,2312,17,3
2960,2309,2313,32,3
2961,2314,2315,30,3
2962,2283,2316,72,3
2963,2317,2311,24,3
2964,2272,2318,6,3
2965,2318,2319,27,3
2966,2319,2320,79,3
2967,2245,2241,7,3
2968,2267,2321,109,3
2969,2321,2322,7,3
2970,2268,2323,33,3
2971,2323,2324,27,3
2972,2324,2325,22,3
2973,2325,2326,17,3
2974,2326,2241,15,3
2975,2282,2314,29,3
2976,2307,2327,95,3
2977,2327,2328,5,3
2978,2329,2286,67,3
2979,2311,2286,28,3
2980,2313,2289,15,3
2981,2308,2299,36,3
2982,2285,2330,5,3
2983,2330,2308,75,3
2984,2268,2331,52,3
2985,2313,2299,57,3
2986,2332,2333,33,3
2987,2334,2335,35,3
2988,2241,2336,16,3
2989,2336,2337,15,3
2990,2337,2338,18,3
2991,2338,2339,24,3
2992,2339,2340,20,3
2993,2340,2341,18,3
2994,2342,2343,30,3
2995,2343,2312,44,3
2996,2344,2345,18,3
2997,2345,2346,20,3
2998,2346,2347,44,3
2999,2347,2348,17,3
3000,2348,2245,16,3
3001,2349,2322,11,3
3002,2315,2350,81,3
3003,2320,2351,13,3
3004,2352,2353,62,3
3005,2353,2316,29,3
3006,2334,2349,63,3
3007,2316,2333,35,3
3008,2351,2309,23,3
3009,2351,2354,51,3
3010,2354,2310,15,3
3011,2314,2332,69,3
3012,2334,2312,65,3
3013,2329,2355,21,3
3014,2355,2356,29,3
3015,2356,2322,20,3
3016,2328,2357,6,3
3017,2271,2358,115,3
3018,2334,2329,37,3
3019,2315,2310,23,3
3020,2282,2359,10,3
3021,2359,2333,61,3
3022,2360,2361,24,3
3023,2342,2362,18,3
3024,2363,2364,33,3
3025,2352,2365,34,3
3026,2366,2367,41,3
3027,2368,2333,82,3
3028,2335,2361,25,3
3029,2369,2370,8,3
3030,2369,2367,15,3
3031,2332,2371,28,3
3032,2371,2372,7,3
3033,2335,2373,31,3
3034,2349,2363,24,3
3035,2349,2374,9,3
3036,2374,2352,15,3
3037,2316,2365,71,3
3038,2320,2369,109,3
3039,2366,2375,19,3
3040,2375,2376,12,3
3041,2376,2357,37,3
3042,2377,2378,33,3
3043,2378,2379,6,3
3044,2380,2381,6,3
3045,2382,2383,63,3
3046,2383,2381,7,3
3047,2362,2384,56,3
3048,2379,2385,5,3
3049,2385,2386,20,3
3050,2386,2387,17,3
3051,2388,2379,19,3
3052,2377,2389,19,3
3053,2390,2391,34,3
3054,2392,2393,32,3
3055,2393,2394,23,3
3056,2382,2395,59,3
3057,2395,2368,25,3
3058,2396,2397,55,3
3059,2388,2398,6,3
3060,2398,2387,20,3
3061,2344,2399,64,3
3062,2399,2400,31,3
3063,2400,2401,22,3
3064,2401,2402,24,3
3065,2402,2403,20,3
3066,2403,2396,15,3
3067,2368,2404,6,3
3068,2388,2405,6,3
3069,2405,2389,32,3
3070,2394,2406,24,3
3071,2406,2404,7,3
3072,2397,2390,60,3
3073,2380,2361,46,3
3074,2366,2407,18,3
3075,2407,2408,21,3
3076,2408,2409,16,3
3077,2409,2410,16,3
3078,2410,2391,35,3
3079,2344,2341,7,3
3080,2365,2368,37,3
3081,2363,2411,36,3
3082,2411,2412,8,3
3083,2412,2382,5,3
3084,2320,2413,106,3
3085,2388,2370,37,3
3086,2389,2414,7,3
3087,2414,2415,31,3
3088,2415,2370,17,3
3089,2366,2416,73,3
3090,2416,2390,39,3
3091,2417,2418,4,3
3092,2418,2419,41,3
3093,2420,2421,7,3
3094,2422,2423,25,3
3095,2423,2424,25,3
3096,2425,2426,10,3
3097,2426,2427,6,3
3098,2428,2429,31,3
3099,2429,2420,4,3
3100,2430,2431,6,3
3101,2431,2432,14,3
3102,2432,2433,26,3
3103,2433,2434,13,3
3104,2434,2435,10,3
3105,2436,2437,33,3
3106,2438,2436,8,3
3107,2439,2440,18,3
3108,2425,2441,14,3
3109,2435,2442,18,3
3110,2442,2443,13,3
3111,2444,2445,38,3
3112,2446,2447,20,3
3113,2447,2448,30,3
3114,2448,2428,16,3
3115,2449,2450,17,3
3116,2450,2451,27,3
3117,2451,2452,42,3
3118,2452,2453,9,3
3119,2438,2454,58,3
3120,2454,2455,101,3
3121,2425,2384,11,3
3122,2456,2444,17,3
3123,2446,2457,40,3
3124,2441,2458,32,3
3125,2455,2459,32,3
3126,2459,2460,47,3
3127,2460,2461,96,3
3128,2413,2462,6,3
3129,2462,2439,7,3
3130,2413,2463,9,3
3131,2463,2464,10,3
3132,2464,2457,98,3
3133,2391,2465,7,3
3134,2465,2421,27,3
3135,2425,2466,50,3
3136,2466,2380,37,3
3137,2456,2467,31,3
3138,2384,2458,37,3
3139,2446,2377,23,3
3140,2457,2379,20,3
3141,2468,2404,61,3
3142,2469,2470,16,3
3143,2470,2471,16,3
3144,2471,2472,9,3
3145,2472,2473,11,3
3146,2473,2474,13,3
3147,2474,2443,39,3
3148,2449,2458,6,3
3149,2439,2475,79,3
3150,2475,2392,15,3
3151,2381,2419,19,3
3152,2344,2476,8,3
3153,2476,2477,48,3
3154,2477,2436,5,3
3155,2456,2478,18,3
3156,2478,2382,7,3
3157,2341,2479,7,3
3158,2479,2480,49,3
3159,2480,2438,6,3
3160,2481,2482,36,3
3161,2483,2484,14,3
3162,2485,2486,19,3
3163,2486,2487,2,3
3164,2488,2489,6,3
3165,2489,2490,20,3
3166,2490,2491,24,3
3167,2491,2492,3,3
3168,2492,2493,7,3
3169,2494,2495,8,3
3170,2495,2496,43,3
3171,2496,2497,21,3
3172,2497,2498,11,3
3173,2498,2499,28,3
3174,2499,2500,17,3
3175,2500,2501,10,3
3176,2502,2503,3,3
3177,2503,2504,7,3
3178,2504,2505,14,3
3179,2505,2506,57,3
3180,2506,2430,13,3
3181,2468,2507,16,3
3182,2507,2508,28,3
3183,2508,2509,27,3
3184,2510,2511,29,3
3185,2512,2513,18,3
3186,2513,2514,18,3
3187,2514,2515,26,3
3188,2493,2516,8,3
3189,2516,2517,8,3
3190,2517,2518,9,3
3191,2518,2519,23,3
3192,2519,2520,17,3
3193,2520,2521,12,3
3194,2521,2522,4,3
3195,2522,2523,6,3
3196,2523,2440,4,3
3197,2524,2525,4,3
3198,2525,2526,12,3
3199,2527,2528,16,3
3200,2528,2529,44,3
3201,2527,2530,27,3
3202,2530,2481,70,3
3203,2436,2531,58,3
3204,2438,2532,57,3
3205,2533,2501,12,3
3206,2510,2481,28,3
3207,2533,2534,10,3
3208,2534,2453,16,3
3209,2437,2535,29,3
3210,2535,2536,24,3
3211,2536,2487,37,3
3212,2529,2420,21,3
3213,2529,2515,93,3
3214,2524,2444,37,3
3215,2537,2538,17,3
3216,2538,2539,30,3
3217,2539,2540,29,3
3218,2540,2541,14,3
3219,2541,2392,26,3
3220,2501,2542,3,3
3221,2542,2453,7,3
3222,2543,2544,23,3
3223,2441,2545,44,3
3224,2545,2546,35,3
3225,2546,2547,6,3
3226,2547,2548,10,3
3227,2422,2488,11,3
3228,2510,2437,109,3
3229,2543,2468,32,3
3230,2422,2549,15,3
3231,2549,2440,24,3
3232,2550,2551,86,3
3233,2551,2552,9,3
3234,2552,2461,51,3
3235,2424,2515,91,3
3236,2553,2554,12,3
3237,2554,2555,10,3
3238,2555,2556,12,3
3239,2556,2493,6,3
3240,2557,2558,13,3
3241,2558,2537,5,3
3242,2559,2560,29,3
3243,2561,2562,15,3
3244,2562,2563,3,3
3245,2563,2564,26,3
3246,2565,2566,39,3
3247,2566,2567,2,3
3248,2567,2568,29,3
3249,2568,2569,11,3
3250,2569,2570,12,3
3251,2570,2571,10,3
3252,2571,2509,10,3
3253,2572,2573,11,3
3254,2482,2574,25,3
3255,2532,2575,23,3
3256,2575,2576,16,3
3257,2502,2577,17,3
3258,2577,2578,24,3
3259,2579,2565,6,3
3260,2537,2580,7,3
3261,2580,2509,12,3
3262,2581,2582,13,3
3263,2582,2583,11,3
3264,2583,2584,38,3
3265,2584,2585,7,3
3266,2585,2586,20,3
3267,2586,2587,21,3
3268,2587,2588,7,3
3269,2588,2589,5,3
3270,2589,2590,26,3
3271,2590,2591,2,3
3272,2592,2593,19,3
3273,2593,2594,5,3
3274,2594,2595,13,3
3275,2595,2596,28,3
3276,2502,2494,8,3
3277,2565,2597,16,3
3278,2483,2572,26,3
3279,2524,2598,34,3
3280,2598,2599,11,3
3281,2597,2600,9,3
3282,2600,2601,22,3
3283,2502,2602,8,3
3284,2602,2603,18,3
3285,2603,2604,31,3
3286,2482,2511,26,3
3287,2561,2605,33,3
3288,2605,2606,33,3
3289,2606,2526,8,3
3290,2550,2607,147,3
3291,2607,2608,43,3
3292,2608,2609,23,3
3293,2609,2610,15,3
3294,2611,2612,8,3
3295,2612,2427,87,3
3296,2424,2613,28,3
3297,2613,2614,19,3
3298,2614,2615,9,3
3299,2615,2616,42,3
3300,2417,2617,22,3
3301,2617,2561,26,3
3302,2581,2618,10,3
3303,2618,2604,11,3
3304,2527,2596,29,3
3305,2485,2511,15,3
3306,2483,2619,10,3
3307,2559,2620,4,3
3308,2620,2621,35,3
3309,2621,2622,13,3
3310,2622,2427,14,3
3311,2597,2623,11,3
3312,2623,2624,19,3
3313,2624,2625,13,3
3314,2625,2524,5,3
3315,2626,2627,19,3
3316,2628,2629,6,3
3317,2626,2630,31,3
3318,2631,2632,12,3
3319,2632,2633,3,3
3320,2633,2634,8,3
3321,2635,2636,10,3
3322,2636,2637,20,3
3323,2638,2635,6,3
3324,2631,2639,12,3
3325,2640,2641,13,3
3326,2641,2631,8,3
3327,2626,2642,15,3
3328,2642,2643,24,3
3329,2643,2576,27,3
3330,2644,2645,14,3
3331,2645,2635,15,3
3332,2646,2647,6,3
3333,2647,2648,21,3
3334,2628,2649,10,3
3335,2649,2650,67,3
3336,2650,2651,22,3
3337,2651,2652,17,3
3338,2652,2653,4,3
3339,2653,2610,97,3
3340,2611,2654,5,3
3341,2654,2655,39,3
3342,2655,2656,20,3
3343,2656,2657,16,3
3344,2657,2658,23,3
3345,2658,2659,19,3
3346,2659,2638,22,3
3347,2596,2660,23,3
3348,2660,2661,6,3
3349,2661,2662,4,3
3350,2662,2663,13,3
3351,2663,2664,13,3
3352,2664,2665,9,3
3353,2665,2666,6,3
3354,2666,2667,15,3
3355,2667,2668,11,3
3356,2668,2669,5,3
3357,2669,2670,6,3
3358,2670,2671,11,3
3359,2671,2672,42,3
3360,2644,2673,8,3
3361,2627,2675,11,3
3362,2675,2676,71,3
3363,2676,2531,23,3
3364,2553,2677,25,3
3365,2677,2678,16,3
3366,2678,2679,13,3
3367,2640,2680,18,3
3368,2644,2681,6,3
3369,2680,2682,11,3
3370,2682,2679,20,3
3371,2683,2679,11,3
3372,2574,2684,23,3
3373,2685,2686,15,3
3374,2686,2687,10,3
3375,2687,2559,12,3
3376,2557,2688,14,3
3377,2688,2680,7,3
3378,2674,2689,13,3
3379,2689,2690,4,3
3380,2690,2691,4,3
3381,2691,2599,12,3
3382,2604,2692,69,3
3383,2692,2693,31,3
3384,2694,2574,19,3
3385,2611,2695,6,3
3386,2695,2573,5,3
3387,2512,2696,19,3
3388,2696,2697,12,3
3389,2697,2698,5,3
3390,2698,2699,4,3
3391,2699,2646,45,3
3392,2573,2700,16,3
3393,2700,2701,7,3
3394,2701,2702,6,3
3395,2512,2703,3,3
3396,2703,2704,12,3
3397,2704,2705,13,3
3398,2705,2706,2,3
3399,2706,2707,12,3
3400,2707,2708,2,3
3401,2708,2616,23,3
3402,2709,2710,59,3
3403,2710,2711,55,3
3404,2711,2712,62,3
3405,2712,2629,7,3
3406,2626,2713,19,3
3407,2713,2714,32,3
3408,2714,2715,24,3
3409,2709,2716,37,3
3410,2716,2717,2,3
3411,2715,2718,150,3
3412,2719,2720,149,3
3413,2720,2721,67,3
3414,2721,2722,145,3
3415,2722,2723,41,3
3416,2723,2724,49,3
3417,2724,2725,56,3
3418,2725,2726,57,3
3419,2726,2727,244,3
3420,2727,2150,39,3
3421,2627,2728,21,3
3422,2728,2729,21,3
3423,2729,2730,60,3
3424,2730,2731,61,3
3425,2731,2732,56,3
